-- phpMyAdmin SQL Dump
-- version 5.2.1
-- https://www.phpmyadmin.net/
--
-- Host: 127.0.0.1
-- Generation Time: Aug 22, 2025 at 07:42 PM
-- Server version: 10.4.32-MariaDB
-- PHP Version: 8.3.24

SET SQL_MODE = "NO_AUTO_VALUE_ON_ZERO";
START TRANSACTION;
SET time_zone = "+00:00";


/*!40101 SET @OLD_CHARACTER_SET_CLIENT=@@CHARACTER_SET_CLIENT */;
/*!40101 SET @OLD_CHARACTER_SET_RESULTS=@@CHARACTER_SET_RESULTS */;
/*!40101 SET @OLD_COLLATION_CONNECTION=@@COLLATION_CONNECTION */;
/*!40101 SET NAMES utf8mb4 */;

--
-- Database: `laravell`
--

-- --------------------------------------------------------

--
-- Table structure for table `account_deletion_requests`
--

CREATE TABLE `account_deletion_requests` (
  `id` bigint(20) UNSIGNED NOT NULL,
  `user_email` varchar(255) NOT NULL,
  `user_phone` varchar(255) NOT NULL,
  `reason` text DEFAULT NULL,
  `is_reviewed` tinyint(1) NOT NULL DEFAULT 0,
  `created_at` timestamp NULL DEFAULT NULL,
  `updated_at` timestamp NULL DEFAULT NULL
) ENGINE=InnoDB DEFAULT CHARSET=utf8mb4 COLLATE=utf8mb4_general_ci;

--
-- Dumping data for table `account_deletion_requests`
--

INSERT INTO `account_deletion_requests` (`id`, `user_email`, `user_phone`, `reason`, `is_reviewed`, `created_at`, `updated_at`) VALUES
(2, 'yared.debela@gmail.com', '0912651113', 'ljfldskjf', 1, '2025-07-22 15:17:27', '2025-07-22 16:30:33'),
(3, 'alksdfjal@gamil.com', '0912651114', 'ljfldskjf', 1, '2025-07-22 15:17:27', '2025-07-22 15:17:27');

-- --------------------------------------------------------

--
-- Table structure for table `activity_logs`
--

CREATE TABLE `activity_logs` (
  `id` bigint(20) UNSIGNED NOT NULL,
  `user_id` bigint(20) UNSIGNED NOT NULL,
  `activity` varchar(255) NOT NULL,
  `description` text DEFAULT NULL,
  `created_at` timestamp NULL DEFAULT NULL,
  `updated_at` timestamp NULL DEFAULT NULL
) ENGINE=InnoDB DEFAULT CHARSET=utf8mb4 COLLATE=utf8mb4_unicode_ci;

--
-- Dumping data for table `activity_logs`
--

INSERT INTO `activity_logs` (`id`, `user_id`, `activity`, `description`, `created_at`, `updated_at`) VALUES
(1, 4, 'User login', 'user login at 2024-06-09 08:44:53', '2024-06-09 12:44:53', '2024-06-09 12:44:53'),
(2, 4, 'User login', 'user login at 2024-06-09 09:48:39', '2024-06-09 13:48:39', '2024-06-09 13:48:39'),
(3, 4, 'User logout', 'User logout at 2024-06-09 09:49:54', '2024-06-09 13:49:54', '2024-06-09 13:49:54'),
(4, 4, 'User login', 'user login at 2024-06-09 09:50:15', '2024-06-09 13:50:15', '2024-06-09 13:50:15'),
(10, 4, 'User login', 'user login at 2024-06-10 13:34:35', '2024-06-10 17:34:35', '2024-06-10 17:34:35'),
(12, 4, 'User login', 'user login at 2024-06-10 13:42:06', '2024-06-10 17:42:06', '2024-06-10 17:42:06'),
(13, 4, 'User login', 'user login at 2024-06-10 13:44:38', '2024-06-10 17:44:38', '2024-06-10 17:44:38'),
(15, 4, 'User login', 'user login at 2024-06-10 13:46:37', '2024-06-10 17:46:37', '2024-06-10 17:46:37'),
(17, 4, 'User login', 'user login at 2024-06-10 13:50:35', '2024-06-10 17:50:35', '2024-06-10 17:50:35'),
(18, 4, 'User login', 'user login at 2024-06-10 13:56:45', '2024-06-10 17:56:45', '2024-06-10 17:56:45'),
(19, 4, 'User login', 'user login at 2024-06-11 06:16:23', '2024-06-11 10:16:23', '2024-06-11 10:16:23'),
(20, 4, 'User login', 'user login at 2024-06-11 10:57:18', '2024-06-11 14:57:18', '2024-06-11 14:57:18'),
(21, 4, 'User login', 'user login at 2024-06-11 16:25:23', '2024-06-11 20:25:23', '2024-06-11 20:25:23'),
(22, 4, 'User login', 'user login at 2024-06-12 08:37:59', '2024-06-12 12:37:59', '2024-06-12 12:37:59'),
(23, 4, 'Create', 'Create admin user', '2024-06-12 13:20:02', '2024-06-12 13:20:02'),
(24, 4, 'Create', 'Create admin user', '2024-06-12 13:21:59', '2024-06-12 13:21:59'),
(25, 4, 'Create', 'Create admin user', '2024-06-12 13:22:38', '2024-06-12 13:22:38'),
(26, 4, 'User logout', 'User logout at 2024-06-12 09:23:27', '2024-06-12 13:23:27', '2024-06-12 13:23:27'),
(69, 4, 'User login', 'user login at 2024-06-12 09:30:34', '2024-06-12 13:30:34', '2024-06-12 13:30:34'),
(70, 4, 'User logout', 'User logout at 2024-06-12 09:31:07', '2024-06-12 13:31:07', '2024-06-12 13:31:07'),
(77, 4, 'User login', 'user login at 2024-06-12 09:34:57', '2024-06-12 13:34:57', '2024-06-12 13:34:57'),
(78, 4, 'User logout', 'User logout at 2024-06-12 09:35:34', '2024-06-12 13:35:34', '2024-06-12 13:35:34'),
(80, 11, 'User login', 'user login at 2024-06-12 09:37:06', '2024-06-12 13:37:06', '2024-06-12 13:37:06'),
(81, 11, 'User logout', 'User logout at 2024-06-12 09:44:59', '2024-06-12 13:44:59', '2024-06-12 13:44:59'),
(82, 4, 'User login', 'user login at 2024-06-12 09:45:16', '2024-06-12 13:45:16', '2024-06-12 13:45:16'),
(83, 4, 'User logout', 'User logout at 2024-06-12 11:31:45', '2024-06-12 15:31:45', '2024-06-12 15:31:45'),
(84, 4, 'User login', 'user login at 2024-06-12 11:31:51', '2024-06-12 15:31:51', '2024-06-12 15:31:51'),
(85, 4, 'User login', 'user login at 2024-06-13 06:23:22', '2024-06-13 10:23:22', '2024-06-13 10:23:22'),
(86, 11, 'User login', 'user login at 2024-06-13 09:25:18', '2024-06-13 13:25:18', '2024-06-13 13:25:18'),
(87, 11, 'User login', 'user login at 2024-06-13 11:11:48', '2024-06-13 15:11:48', '2024-06-13 15:11:48'),
(88, 4, 'User login', 'user login at 2024-06-14 06:09:49', '2024-06-14 10:09:49', '2024-06-14 10:09:49'),
(89, 4, 'User login', 'user login at 2024-06-15 08:11:30', '2024-06-15 12:11:30', '2024-06-15 12:11:30'),
(90, 4, 'User login', 'user login at 2024-06-15 11:05:48', '2024-06-15 15:05:48', '2024-06-15 15:05:48'),
(91, 4, 'User login', 'user login at 2024-06-17 10:52:45', '2024-06-17 14:52:45', '2024-06-17 14:52:45'),
(92, 4, 'User login', 'user login at 2024-06-18 06:13:55', '2024-06-18 10:13:55', '2024-06-18 10:13:55'),
(93, 4, 'User login', 'user login at 2024-06-18 08:21:01', '2024-06-18 12:21:01', '2024-06-18 12:21:01'),
(95, 4, 'User login', 'user login at 2024-06-19 06:28:33', '2024-06-19 10:28:33', '2024-06-19 10:28:33'),
(96, 4, 'Create', 'Create admin user', '2024-06-19 16:21:33', '2024-06-19 16:21:33'),
(97, 14, 'User login', 'user login at 2024-06-19 12:22:00', '2024-06-19 16:22:00', '2024-06-19 16:22:00'),
(98, 4, 'User login', 'user login at 2024-06-20 06:06:36', '2024-06-20 10:06:36', '2024-06-20 10:06:36'),
(99, 4, 'User login', 'user login at 2024-06-20 06:06:51', '2024-06-20 10:06:51', '2024-06-20 10:06:51'),
(101, 4, 'User login', 'user login at 2024-06-21 06:47:32', '2024-06-21 10:47:32', '2024-06-21 10:47:32'),
(103, 4, 'User logout', 'User logout at 2024-06-21 08:56:00', '2024-06-21 12:56:00', '2024-06-21 12:56:00'),
(104, 4, 'User login', 'user login at 2024-06-21 08:56:07', '2024-06-21 12:56:07', '2024-06-21 12:56:07'),
(105, 4, 'User login', 'user login at 2024-06-21 14:41:01', '2024-06-21 18:41:01', '2024-06-21 18:41:01'),
(106, 4, 'User login', 'user login at 2024-11-16 11:22:26', '2024-11-16 16:22:26', '2024-11-16 16:22:26'),
(107, 4, 'Create', 'Create admin user', '2024-11-16 16:23:25', '2024-11-16 16:23:25'),
(108, 4, 'Update detail', 'user updated their detail information', '2024-11-16 16:26:36', '2024-11-16 16:26:36'),
(109, 4, 'User logout', 'User logout at 2024-11-16 11:28:42', '2024-11-16 16:28:42', '2024-11-16 16:28:42'),
(110, 4, 'User login', 'user login at 2024-11-16 11:38:06', '2024-11-16 16:38:06', '2024-11-16 16:38:06'),
(111, 4, 'User logout', 'User logout at 2024-11-16 11:39:49', '2024-11-16 16:39:49', '2024-11-16 16:39:49'),
(112, 4, 'User login', 'user login at 2024-11-16 11:40:37', '2024-11-16 16:40:37', '2024-11-16 16:40:37'),
(113, 4, 'User logout', 'User logout at 2024-11-16 12:14:39', '2024-11-16 17:14:39', '2024-11-16 17:14:39'),
(114, 4, 'User login', 'user login at 2024-11-16 12:15:19', '2024-11-16 17:15:19', '2024-11-16 17:15:19'),
(115, 4, 'User logout', 'User logout at 2024-11-16 12:32:29', '2024-11-16 17:32:29', '2024-11-16 17:32:29'),
(116, 4, 'User login', 'user login at 2024-11-16 12:32:46', '2024-11-16 17:32:46', '2024-11-16 17:32:46'),
(117, 4, 'User login', 'user login at 2024-11-24 14:15:40', '2024-11-24 19:15:40', '2024-11-24 19:15:40'),
(118, 4, 'User login', 'user login at 2024-11-25 05:55:43', '2024-11-25 10:55:43', '2024-11-25 10:55:43'),
(119, 4, 'User login', 'user login at 2024-11-28 11:24:09', '2024-11-28 16:24:09', '2024-11-28 16:24:09'),
(120, 4, 'User login', 'user login at 2024-12-11 12:46:06', '2024-12-11 17:46:06', '2024-12-11 17:46:06'),
(121, 4, 'User logout', 'User logout at 2024-12-11 12:52:09', '2024-12-11 17:52:09', '2024-12-11 17:52:09'),
(124, 4, 'User login', 'user login at 2024-12-11 12:52:46', '2024-12-11 17:52:46', '2024-12-11 17:52:46'),
(125, 4, 'User login', 'user login at 2024-12-16 17:06:37', '2024-12-16 22:06:37', '2024-12-16 22:06:37'),
(126, 4, 'User login', 'user login at 2025-03-07 07:48:48', '2025-03-07 12:48:48', '2025-03-07 12:48:48'),
(127, 4, 'User login', 'user login at 2025-03-08 06:01:44', '2025-03-08 11:01:44', '2025-03-08 11:01:44'),
(128, 4, 'User login', 'user login at 2025-03-10 06:28:52', '2025-03-10 10:28:52', '2025-03-10 10:28:52'),
(129, 4, 'User login', 'user login at 2025-03-10 13:27:45', '2025-03-10 17:27:45', '2025-03-10 17:27:45'),
(130, 4, 'User login', 'user login at 2025-03-11 07:16:25', '2025-03-11 11:16:25', '2025-03-11 11:16:25'),
(131, 4, 'User login', 'user login at 2025-03-12 08:22:19', '2025-03-12 12:22:19', '2025-03-12 12:22:19'),
(132, 4, 'User login', 'user login at 2025-03-13 08:03:00', '2025-03-13 12:03:00', '2025-03-13 12:03:00'),
(133, 4, 'User login', 'user login at 2025-03-15 08:04:17', '2025-03-15 12:04:17', '2025-03-15 12:04:17'),
(134, 4, 'User login', 'user login at 2025-03-26 20:01:34', '2025-03-27 00:01:34', '2025-03-27 00:01:34'),
(135, 4, 'User login', 'user login at 2025-03-28 13:23:36', '2025-03-28 17:23:36', '2025-03-28 17:23:36'),
(136, 4, 'User login', 'user login at 2025-03-28 13:24:11', '2025-03-28 17:24:11', '2025-03-28 17:24:11'),
(137, 4, 'User login', 'user login at 2025-03-28 13:27:05', '2025-03-28 17:27:05', '2025-03-28 17:27:05'),
(138, 4, 'User login', 'user login at 2025-03-29 13:58:54', '2025-03-29 17:58:54', '2025-03-29 17:58:54'),
(139, 4, 'User login', 'user login at 2025-03-31 09:13:42', '2025-03-31 13:13:42', '2025-03-31 13:13:42'),
(140, 4, 'User login', 'user login at 2025-03-31 14:26:41', '2025-03-31 18:26:41', '2025-03-31 18:26:41'),
(141, 4, 'User login', 'user login at 2025-04-01 06:54:16', '2025-04-01 10:54:16', '2025-04-01 10:54:16'),
(142, 4, 'User login', 'user login at 2025-04-02 07:04:12', '2025-04-02 11:04:12', '2025-04-02 11:04:12'),
(143, 4, 'User login', 'user login at 2025-04-02 11:07:32', '2025-04-02 15:07:32', '2025-04-02 15:07:32'),
(144, 4, 'User login', 'user login at 2025-04-04 09:25:44', '2025-04-04 13:25:44', '2025-04-04 13:25:44'),
(145, 4, 'User login', 'user login at 2025-04-04 13:43:02', '2025-04-04 17:43:02', '2025-04-04 17:43:02'),
(146, 4, 'User login', 'user login at 2025-04-05 07:04:02', '2025-04-05 11:04:02', '2025-04-05 11:04:02'),
(147, 4, 'User login', 'user login at 2025-04-07 05:18:34', '2025-04-07 09:18:34', '2025-04-07 09:18:34'),
(148, 4, 'User login', 'user login at 2025-04-08 06:20:04', '2025-04-08 10:20:04', '2025-04-08 10:20:04'),
(149, 4, 'User login', 'user login at 2025-04-08 11:56:56', '2025-04-08 15:56:56', '2025-04-08 15:56:56'),
(150, 4, 'User login', 'user login at 2025-04-09 04:38:06', '2025-04-09 08:38:06', '2025-04-09 08:38:06'),
(151, 4, 'User login', 'user login at 2025-04-10 10:45:07', '2025-04-10 14:45:07', '2025-04-10 14:45:07'),
(152, 4, 'User login', 'user login at 2025-04-11 04:50:18', '2025-04-11 08:50:18', '2025-04-11 08:50:18'),
(153, 4, 'User login', 'user login at 2025-04-12 05:14:31', '2025-04-12 09:14:31', '2025-04-12 09:14:31'),
(154, 4, 'User login', 'user login at 2025-04-12 09:52:08', '2025-04-12 13:52:08', '2025-04-12 13:52:08'),
(155, 4, 'User login', 'user login at 2025-04-14 07:39:23', '2025-04-14 11:39:23', '2025-04-14 11:39:23'),
(156, 4, 'User login', 'user login at 2025-04-14 10:01:36', '2025-04-14 14:01:36', '2025-04-14 14:01:36'),
(157, 4, 'User login', 'user login at 2025-04-14 17:39:30', '2025-04-14 21:39:30', '2025-04-14 21:39:30'),
(158, 4, 'User login', 'user login at 2025-04-15 06:45:15', '2025-04-15 10:45:15', '2025-04-15 10:45:15'),
(159, 4, 'Create', 'Create admin user', '2025-04-15 10:47:56', '2025-04-15 10:47:56'),
(160, 4, 'Create', 'Create admin user', '2025-04-15 10:48:57', '2025-04-15 10:48:57'),
(161, 4, 'Create', 'Create admin user', '2025-04-15 10:49:44', '2025-04-15 10:49:44'),
(162, 4, 'User logout', 'User logout at 2025-04-15 07:24:53', '2025-04-15 11:24:53', '2025-04-15 11:24:53'),
(163, 4, 'User login', 'user login at 2025-04-15 07:25:02', '2025-04-15 11:25:02', '2025-04-15 11:25:02'),
(164, 4, 'User logout', 'User logout at 2025-04-15 07:25:08', '2025-04-15 11:25:08', '2025-04-15 11:25:08'),
(165, 4, 'User login', 'user login at 2025-04-15 07:25:24', '2025-04-15 11:25:24', '2025-04-15 11:25:24'),
(166, 4, 'User logout', 'User logout at 2025-04-15 07:25:30', '2025-04-15 11:25:30', '2025-04-15 11:25:30'),
(167, 4, 'User login', 'user login at 2025-04-15 07:25:53', '2025-04-15 11:25:53', '2025-04-15 11:25:53'),
(168, 4, 'User logout', 'User logout at 2025-04-15 07:26:01', '2025-04-15 11:26:01', '2025-04-15 11:26:01'),
(169, 4, 'User login', 'user login at 2025-04-15 07:26:11', '2025-04-15 11:26:11', '2025-04-15 11:26:11'),
(170, 4, 'User login', 'user login at 2025-04-15 14:32:43', '2025-04-15 18:32:43', '2025-04-15 18:32:43'),
(171, 4, 'User login', 'user login at 2025-04-16 05:07:06', '2025-04-16 09:07:06', '2025-04-16 09:07:06'),
(172, 4, 'User login', 'user login at 2025-04-16 11:00:46', '2025-04-16 15:00:46', '2025-04-16 15:00:46'),
(173, 4, 'User login', 'user login at 2025-04-17 10:02:34', '2025-04-17 14:02:34', '2025-04-17 14:02:34'),
(174, 4, 'User logout', 'User logout at 2025-04-17 10:07:12', '2025-04-17 14:07:12', '2025-04-17 14:07:12'),
(175, 4, 'User login', 'user login at 2025-04-17 10:07:20', '2025-04-17 14:07:20', '2025-04-17 14:07:20'),
(176, 4, 'User logout', 'User logout at 2025-04-17 10:07:36', '2025-04-17 14:07:36', '2025-04-17 14:07:36'),
(177, 4, 'User login', 'user login at 2025-04-17 10:07:44', '2025-04-17 14:07:44', '2025-04-17 14:07:44'),
(178, 4, 'User login', 'user login at 2025-04-17 13:17:05', '2025-04-17 17:17:05', '2025-04-17 17:17:05'),
(179, 4, 'User login', 'user login at 2025-04-24 10:50:19', '2025-04-24 14:50:19', '2025-04-24 14:50:19'),
(180, 4, 'User login', 'user login at 2025-04-29 09:08:48', '2025-04-29 13:08:48', '2025-04-29 13:08:48'),
(181, 4, 'User login', 'user login at 2025-04-30 11:45:46', '2025-04-30 15:45:46', '2025-04-30 15:45:46'),
(182, 4, 'User login', 'user login at 2025-05-01 06:35:13', '2025-05-01 10:35:13', '2025-05-01 10:35:13'),
(183, 4, 'Update', 'update admin information', '2025-05-01 12:09:47', '2025-05-01 12:09:47'),
(184, 4, 'Create', 'Create admin user', '2025-05-01 12:10:31', '2025-05-01 12:10:31'),
(185, 4, 'Update detail', 'user updated their detail information', '2025-05-01 15:18:57', '2025-05-01 15:18:57'),
(186, 4, 'Update detail', 'user updated their detail information', '2025-05-01 15:39:42', '2025-05-01 15:39:42'),
(187, 4, 'Update detail', 'user updated their detail information', '2025-05-01 15:40:13', '2025-05-01 15:40:13'),
(188, 4, 'User logout', 'User logout at 2025-05-01 12:10:20', '2025-05-01 16:10:20', '2025-05-01 16:10:20'),
(207, 4, 'User login', 'user login at 2025-05-02 13:37:55', '2025-05-02 17:37:55', '2025-05-02 17:37:55'),
(208, 4, 'User login', 'user login at 2025-05-03 07:30:55', '2025-05-03 11:30:55', '2025-05-03 11:30:55'),
(209, 4, 'User login', 'user login at 2025-05-05 13:04:19', '2025-05-05 17:04:19', '2025-05-05 17:04:19'),
(210, 4, 'User login', 'user login at 2025-05-07 06:44:10', '2025-05-07 10:44:10', '2025-05-07 10:44:10'),
(211, 4, 'User login', 'user login at 2025-05-07 12:46:49', '2025-05-07 16:46:49', '2025-05-07 16:46:49'),
(214, 4, 'User login', 'user login at 2025-05-07 18:17:33', '2025-05-07 22:17:33', '2025-05-07 22:17:33'),
(215, 4, 'User login', 'user login at 2025-05-08 06:48:25', '2025-05-08 10:48:25', '2025-05-08 10:48:25'),
(216, 4, 'User logout', 'User logout at 2025-05-08 12:21:58', '2025-05-08 16:21:58', '2025-05-08 16:21:58'),
(217, 22, 'User login', 'user login at 2025-05-08 12:29:08', '2025-05-08 16:29:08', '2025-05-08 16:29:08'),
(218, 4, 'User logout', 'User logout at 2025-05-08 12:32:19', '2025-05-08 16:32:19', '2025-05-08 16:32:19'),
(219, 22, 'Update', 'update vendor bank information', '2025-05-08 18:12:18', '2025-05-08 18:12:18'),
(220, 22, 'Update', 'Updated vendor business details', '2025-05-08 18:12:34', '2025-05-08 18:12:34'),
(221, 22, 'Update detail', 'user updated their detail information', '2025-05-08 18:12:49', '2025-05-08 18:12:49'),
(222, 22, 'User logout', 'User logout at 2025-05-08 14:12:55', '2025-05-08 18:12:55', '2025-05-08 18:12:55'),
(223, 4, 'User logout', 'User logout at 2025-05-08 14:13:11', '2025-05-08 18:13:11', '2025-05-08 18:13:11'),
(224, 17, 'User logout', 'User logout at 2025-05-08 14:15:34', '2025-05-08 18:15:34', '2025-05-08 18:15:34'),
(225, 4, 'User logout', 'User logout at 2025-05-08 14:16:56', '2025-05-08 18:16:56', '2025-05-08 18:16:56'),
(226, 4, 'User logout', 'User logout at 2025-05-08 14:54:29', '2025-05-08 18:54:29', '2025-05-08 18:54:29'),
(227, 4, 'User logout', 'User logout at 2025-05-12 12:53:19', '2025-05-12 16:53:19', '2025-05-12 16:53:19'),
(231, 4, 'User logout', 'User logout at 2025-05-13 09:22:07', '2025-05-13 13:22:07', '2025-05-13 13:22:07'),
(232, 4, 'User logout', 'User logout at 2025-05-16 08:28:06', '2025-05-16 12:28:06', '2025-05-16 12:28:06'),
(233, 4, 'User logout', 'User logout at 2025-05-16 10:22:15', '2025-05-16 14:22:15', '2025-05-16 14:22:15'),
(234, 4, 'Update detail', 'user updated their detail information', '2025-05-19 09:00:51', '2025-05-19 09:00:51'),
(235, 4, 'User logout', 'User logout at 2025-05-24 12:01:16', '2025-05-24 16:01:16', '2025-05-24 16:01:16'),
(237, 4, 'User logout', 'User logout at 2025-05-29 06:06:20', '2025-05-29 10:06:20', '2025-05-29 10:06:20'),
(238, 4, 'Update detail', 'user updated their detail information', '2025-06-04 14:50:20', '2025-06-04 14:50:20'),
(239, 4, 'Create', 'Create admin user', '2025-06-05 10:18:58', '2025-06-05 10:18:58'),
(240, 26, 'User logout', 'User logout at 2025-06-05 06:22:04', '2025-06-05 10:22:04', '2025-06-05 10:22:04'),
(241, 4, 'Create', 'Create admin user', '2025-06-05 10:32:56', '2025-06-05 10:32:56'),
(242, 4, 'Update', 'Updated admin user: alkdfjkjklfafl a', '2025-06-05 10:43:03', '2025-06-05 10:43:03'),
(243, 4, 'Delete', ' delete admin', '2025-06-05 10:43:18', '2025-06-05 10:43:18'),
(244, 4, 'User logout', 'User logout at 2025-06-05 07:00:42', '2025-06-05 11:00:42', '2025-06-05 11:00:42'),
(245, 17, 'Update detail', 'user updated their detail information', '2025-06-05 11:17:04', '2025-06-05 11:17:04'),
(246, 17, 'Update', 'update vendor bank information', '2025-06-05 11:18:57', '2025-06-05 11:18:57'),
(247, 4, 'User logout', 'User logout at 2025-06-06 06:29:28', '2025-06-06 10:29:28', '2025-06-06 10:29:28'),
(248, 17, 'User logout', 'User logout at 2025-06-06 06:42:51', '2025-06-06 10:42:51', '2025-06-06 10:42:51'),
(249, 18, 'Update detail', 'user updated their detail information', '2025-06-06 10:46:50', '2025-06-06 10:46:50'),
(250, 18, 'Update detail', 'user updated their detail information', '2025-06-06 10:47:00', '2025-06-06 10:47:00'),
(251, 18, 'User logout', 'User logout at 2025-06-06 07:05:27', '2025-06-06 11:05:27', '2025-06-06 11:05:27'),
(252, 4, 'User logout', 'User logout at 2025-06-06 07:09:26', '2025-06-06 11:09:26', '2025-06-06 11:09:26'),
(253, 18, 'User logout', 'User logout at 2025-06-06 07:10:58', '2025-06-06 11:10:58', '2025-06-06 11:10:58'),
(254, 18, 'User logout', 'User logout at 2025-06-06 08:12:44', '2025-06-06 12:12:44', '2025-06-06 12:12:44'),
(255, 4, 'User logout', 'User logout at 2025-06-07 13:01:15', '2025-06-07 17:01:15', '2025-06-07 17:01:15'),
(256, 4, 'Update Amenity', 'Admin at 2025-06-09 12:44:22', '2025-06-09 16:44:22', '2025-06-09 16:44:22'),
(257, 4, 'Update Amenity', 'Admins at 2025-06-09 12:47:29', '2025-06-09 16:47:29', '2025-06-09 16:47:29'),
(258, 4, 'Add Tip', 'Admins at 2025-06-09 14:18:04', '2025-06-09 18:18:04', '2025-06-09 18:18:04'),
(259, 4, 'Add Color', 'Admins at 2025-06-10 06:58:17', '2025-06-10 10:58:17', '2025-06-10 10:58:17'),
(260, 4, 'Assign Permission to role', 'Admins at 2025-06-10 10:06:05', '2025-06-10 14:06:05', '2025-06-10 14:06:05'),
(261, 4, 'Assign Permission to role', 'Admins at 2025-06-10 10:06:46', '2025-06-10 14:06:46', '2025-06-10 14:06:46'),
(262, 4, 'Assign Permission to role', 'Admins at 2025-06-10 11:35:10', '2025-06-10 15:35:10', '2025-06-10 15:35:10'),
(263, 4, 'Assign Role', 'Admins at 2025-06-10 11:44:59', '2025-06-10 15:44:59', '2025-06-10 15:44:59'),
(264, 4, 'Assign Permission to role', 'Admins at 2025-06-10 11:47:18', '2025-06-10 15:47:18', '2025-06-10 15:47:18'),
(265, 4, 'Add Amenity', 'Admins at 2025-06-10 11:48:01', '2025-06-10 15:48:01', '2025-06-10 15:48:01'),
(266, 4, 'Delete Amenity', 'Admins at 2025-06-10 11:48:05', '2025-06-10 15:48:05', '2025-06-10 15:48:05'),
(267, 4, 'Add Coupon', 'Admins at 2025-06-10 11:49:41', '2025-06-10 15:49:41', '2025-06-10 15:49:41'),
(268, 4, 'Delete Coupon', 'Admins at 2025-06-10 11:49:45', '2025-06-10 15:49:45', '2025-06-10 15:49:45'),
(269, 4, 'Add Hotel Category', 'Admins at 2025-06-10 11:50:38', '2025-06-10 15:50:38', '2025-06-10 15:50:38'),
(270, 4, 'Delete Hotel Category', 'Admins at 2025-06-10 11:50:42', '2025-06-10 15:50:42', '2025-06-10 15:50:42'),
(271, 4, 'Update Hotel', 'Admins at 2025-06-10 11:52:39', '2025-06-10 15:52:39', '2025-06-10 15:52:39'),
(272, 4, 'Assign Permission to role', 'Admins at 2025-06-10 11:55:47', '2025-06-10 15:55:47', '2025-06-10 15:55:47'),
(273, 4, 'Add Sales Man', 'Admins at 2025-06-10 14:30:25', '2025-06-10 18:30:25', '2025-06-10 18:30:25'),
(274, 4, 'Update Tax', 'Admins at 2025-06-10 14:33:49', '2025-06-10 18:33:49', '2025-06-10 18:33:49'),
(275, 4, 'Add withdraw setting', 'Admins at 2025-06-12 07:17:38', '2025-06-12 11:17:38', '2025-06-12 11:17:38'),
(276, 4, 'Request Withdraw', 'Admins at 2025-06-12 07:20:10', '2025-06-12 11:20:10', '2025-06-12 11:20:10'),
(277, 4, 'Update Vndor Withdraw Status', 'Admins at 2025-06-12 07:20:46', '2025-06-12 11:20:46', '2025-06-12 11:20:46'),
(278, 4, 'Update Vndor Withdraw Status', 'Admins at 2025-06-12 07:20:50', '2025-06-12 11:20:50', '2025-06-12 11:20:50'),
(279, 4, 'Request Withdraw', 'Admins at 2025-06-12 07:22:09', '2025-06-12 11:22:09', '2025-06-12 11:22:09'),
(280, 4, 'Request Withdraw', 'Admins at 2025-06-12 07:23:17', '2025-06-12 11:23:17', '2025-06-12 11:23:17'),
(281, 4, 'User logout', 'User logout at 2025-06-12 07:33:27', '2025-06-12 11:33:27', '2025-06-12 11:33:27'),
(282, 17, 'User logout', 'User logout at 2025-06-12 07:53:39', '2025-06-12 11:53:39', '2025-06-12 11:53:39'),
(283, 4, 'User logout', 'User logout at 2025-06-12 07:56:10', '2025-06-12 13:56:10', '2025-06-12 11:56:10'),
(284, 4, 'User logout', 'User logout at 2025-06-13 09:50:23', '2025-06-13 13:50:23', '2025-06-13 13:50:23'),
(286, 17, 'User logout', 'User logout at 2025-06-13 09:56:02', '2025-06-13 13:56:02', '2025-06-13 13:56:02'),
(287, 4, 'Update Restaurant', 'Admins at 2025-06-14 06:36:04', '2025-06-14 10:36:04', '2025-06-14 10:36:04'),
(288, 4, 'Add FAQ', 'Admins at 2025-06-14 10:56:55', '2025-06-14 14:56:55', '2025-06-14 14:56:55'),
(289, 4, 'User logout', 'User logout at 2025-06-16 06:10:48', '2025-06-16 10:10:48', '2025-06-16 10:10:48'),
(290, 4, 'Assign order to delivery man', 'Admins at 2025-06-16 06:11:56', '2025-06-16 10:11:56', '2025-06-16 10:11:56'),
(291, 4, 'User logout', 'User logout at 2025-06-16 06:12:00', '2025-06-16 10:12:00', '2025-06-16 10:12:00'),
(292, 4, 'User login', 'User logged in at 2025-06-18 06:05:11', '2025-06-18 10:05:11', '2025-06-18 10:05:11'),
(293, 4, 'User logout', 'User logout at 2025-06-18 09:26:28', '2025-06-18 13:26:28', '2025-06-18 13:26:28'),
(294, 4, 'User login', 'User logged in at 2025-06-18 09:26:48', '2025-06-18 13:26:48', '2025-06-18 13:26:48'),
(295, 4, 'User logout', 'User logout at 2025-06-18 09:27:00', '2025-06-18 13:27:00', '2025-06-18 13:27:00'),
(296, 4, 'User login', 'User logged in at 2025-06-18 09:27:14', '2025-06-18 13:27:14', '2025-06-18 13:27:14'),
(297, 4, 'User login', 'User logged in at 2025-06-18 09:27:33', '2025-06-18 13:27:33', '2025-06-18 13:27:33'),
(298, 4, 'Assign Role', 'Admins at 2025-06-18 09:46:37', '2025-06-18 13:46:37', '2025-06-18 13:46:37'),
(299, 4, 'Assign Permission to role', 'Admins at 2025-06-18 09:56:50', '2025-06-18 13:56:50', '2025-06-18 13:56:50'),
(300, 4, 'Assign Role', 'Admins at 2025-06-18 09:57:32', '2025-06-18 13:57:32', '2025-06-18 13:57:32'),
(301, 4, 'User logout', 'User logout at 2025-06-18 09:58:00', '2025-06-18 13:58:00', '2025-06-18 13:58:00'),
(302, 4, 'User login', 'User logged in at 2025-06-18 09:58:10', '2025-06-18 13:58:10', '2025-06-18 13:58:10'),
(303, 4, 'User logout', 'User logout at 2025-06-18 10:03:07', '2025-06-18 14:03:07', '2025-06-18 14:03:07'),
(304, 17, 'User logout', 'User logout at 2025-06-18 10:04:12', '2025-06-18 14:04:12', '2025-06-18 14:04:12'),
(305, 18, 'User logout', 'User logout at 2025-06-18 10:04:41', '2025-06-18 14:04:41', '2025-06-18 14:04:41'),
(306, 4, 'User login', 'User logged in at 2025-06-18 10:04:49', '2025-06-18 14:04:49', '2025-06-18 14:04:49'),
(307, 4, 'User login', 'User logged in at 2025-07-15 07:07:10', '2025-07-15 11:07:10', '2025-07-15 11:07:10'),
(308, 4, 'User login', 'User logged in at 2025-07-16 07:38:41', '2025-07-16 11:38:41', '2025-07-16 11:38:41'),
(309, 4, 'User login', 'User logged in at 2025-07-17 05:40:51', '2025-07-17 09:40:51', '2025-07-17 09:40:51'),
(310, 4, 'User login', 'User logged in at 2025-07-17 05:41:01', '2025-07-17 09:41:01', '2025-07-17 09:41:01'),
(311, 4, 'Create Role', 'Admins at 2025-07-17 05:54:34', '2025-07-17 09:54:34', '2025-07-17 09:54:34'),
(312, 4, 'User logout', 'User logout at 2025-07-17 05:59:40', '2025-07-17 09:59:40', '2025-07-17 09:59:40'),
(313, 4, 'User logout', 'User logout at 2025-07-17 06:03:44', '2025-07-17 10:03:44', '2025-07-17 10:03:44'),
(314, 17, 'User logout', 'User logout at 2025-07-17 06:04:08', '2025-07-17 10:04:08', '2025-07-17 10:04:08'),
(315, 17, 'User logout', 'User logout at 2025-07-17 06:29:56', '2025-07-17 10:29:56', '2025-07-17 10:29:56'),
(316, 4, 'User logout', 'User logout at 2025-07-17 06:30:44', '2025-07-17 10:30:44', '2025-07-17 10:30:44'),
(317, 4, 'User logout', 'User logout at 2025-07-17 06:31:26', '2025-07-17 10:31:26', '2025-07-17 10:31:26'),
(319, 17, 'User logout', 'User logout at 2025-07-17 07:30:06', '2025-07-17 11:30:06', '2025-07-17 11:30:06'),
(320, 18, 'User logout', 'User logout at 2025-07-17 07:31:39', '2025-07-17 11:31:39', '2025-07-17 11:31:39'),
(321, 4, 'Add Restaurant Product', 'Admins at 2025-07-20 12:09:25', '2025-07-20 16:09:25', '2025-07-20 16:09:25'),
(322, 4, 'Update Restaurant Coupon', 'Admins at 2025-07-21 20:45:41', '2025-07-22 00:45:41', '2025-07-22 00:45:41'),
(323, 4, 'Update Restaurant Coupon', 'Admins at 2025-07-21 20:47:06', '2025-07-22 00:47:06', '2025-07-22 00:47:06'),
(324, 4, 'Update Restaurant Product', 'Admins at 2025-07-21 20:48:47', '2025-07-22 00:48:47', '2025-07-22 00:48:47'),
(325, 4, 'Update Restaurant Product', 'Admins at 2025-07-21 20:49:13', '2025-07-22 00:49:13', '2025-07-22 00:49:13'),
(326, 4, 'Update Restaurant Product', 'Admins at 2025-07-21 20:52:12', '2025-07-22 00:52:12', '2025-07-22 00:52:12'),
(327, 4, 'Update Coupon', 'Admins at 2025-07-21 20:54:27', '2025-07-22 00:54:27', '2025-07-22 00:54:27'),
(328, 4, 'Add Coupon', 'Admins at 2025-07-21 20:54:57', '2025-07-22 00:54:57', '2025-07-22 00:54:57'),
(329, 4, 'Update Restaurant', 'Admins at 2025-07-23 06:34:16', '2025-07-23 10:34:16', '2025-07-23 10:34:16'),
(330, 4, 'Update Restaurant', 'Admins at 2025-07-23 06:34:48', '2025-07-23 10:34:48', '2025-07-23 10:34:48'),
(331, 4, 'Update Restaurant', 'Admins at 2025-07-23 08:59:08', '2025-07-23 12:59:08', '2025-07-23 12:59:08'),
(332, 4, 'Update Restaurant', 'Admins at 2025-07-23 09:31:23', '2025-07-23 13:31:23', '2025-07-23 13:31:23'),
(333, 4, 'Update Restaurant', 'Admins at 2025-07-23 09:31:42', '2025-07-23 13:31:42', '2025-07-23 13:31:42'),
(334, 4, 'Update Hotel Room', 'Admins at 2025-07-24 07:11:26', '2025-07-24 11:11:26', '2025-07-24 11:11:26'),
(335, 4, 'Update Hotel Room', 'Admins at 2025-07-24 07:13:06', '2025-07-24 11:13:06', '2025-07-24 11:13:06'),
(336, 4, 'Delete Restaurant Product', 'Admins at 2025-07-24 08:06:10', '2025-07-24 12:06:10', '2025-07-24 12:06:10'),
(337, 4, 'Create Role', 'Admins at 2025-07-24 08:24:13', '2025-07-24 12:24:13', '2025-07-24 12:24:13'),
(338, 4, 'Assign Permission to role', 'Admins at 2025-07-24 08:25:16', '2025-07-24 12:25:16', '2025-07-24 12:25:16'),
(339, 4, 'Assign Role', 'Admins at 2025-07-24 08:26:23', '2025-07-24 12:26:23', '2025-07-24 12:26:23'),
(340, 17, 'User logout', 'User logout at 2025-07-24 08:29:34', '2025-07-24 12:29:34', '2025-07-24 12:29:34'),
(341, 4, 'Create Shipping Charges', 'Admins at 2025-07-25 07:30:18', '2025-07-25 11:30:18', '2025-07-25 11:30:18'),
(342, 4, 'User logout', 'User logout at 2025-07-25 07:31:42', '2025-07-25 11:31:42', '2025-07-25 11:31:42'),
(344, 4, 'Assign Role', 'Admins at 2025-07-25 21:37:33', '2025-07-26 01:37:33', '2025-07-26 01:37:33'),
(345, 4, 'Assign Role', 'Admins at 2025-07-25 21:38:09', '2025-07-26 01:38:09', '2025-07-26 01:38:09'),
(346, 4, 'Assign Role', 'Admins at 2025-07-25 21:45:09', '2025-07-26 01:45:09', '2025-07-26 01:45:09'),
(347, 4, 'Assign Role', 'Admins at 2025-07-25 21:45:43', '2025-07-26 01:45:43', '2025-07-26 01:45:43'),
(348, 4, 'Create', 'Create admin user', '2025-07-26 01:48:25', '2025-07-26 01:48:25'),
(349, 4, 'Update', 'Updated admin user: chuch', '2025-07-26 02:03:54', '2025-07-26 02:03:54'),
(350, 4, 'Update Vendor Information', 'update vendor commission', '2025-07-26 15:32:46', '2025-07-26 15:32:46'),
(351, 4, 'Update Vendor Information', 'update vendor commission', '2025-07-26 15:34:05', '2025-07-26 15:34:05'),
(352, 4, 'Update Vendor Information', 'update vendor commission', '2025-07-26 15:34:12', '2025-07-26 15:34:12'),
(353, 4, 'Admin login to Venodr Account', 'Admins at 2025-07-26 11:34:56', '2025-07-26 15:34:56', '2025-07-26 15:34:56'),
(354, 4, 'Delete Vendor', 'Admins at 2025-07-26 11:48:00', '2025-07-26 15:48:00', '2025-07-26 15:48:00'),
(355, 4, 'Admin login to Venodr Account', 'Admins at 2025-07-26 12:33:45', '2025-07-26 16:33:45', '2025-07-26 16:33:45'),
(356, 4, 'Add Hotel Room', 'Admins at 2025-08-01 09:05:03', '2025-08-01 13:05:03', '2025-08-01 13:05:03'),
(357, 4, 'Update Blog', 'Admins at 2025-08-02 05:42:21', '2025-08-02 09:42:21', '2025-08-02 09:42:21'),
(358, 4, 'Update Blog', 'Admins at 2025-08-02 05:42:33', '2025-08-02 09:42:33', '2025-08-02 09:42:33'),
(359, 4, 'Update Blog', 'Admins at 2025-08-02 05:46:59', '2025-08-02 09:46:59', '2025-08-02 09:46:59'),
(360, 4, 'Update Ecommerce Banner', 'Admins at 2025-08-02 05:53:34', '2025-08-02 09:53:34', '2025-08-02 09:53:34'),
(361, 4, 'Update Ecommerce Banner', 'Admins at 2025-08-02 05:53:43', '2025-08-02 09:53:43', '2025-08-02 09:53:43'),
(362, 4, 'Update Ecommerce Banner', 'Admins at 2025-08-02 05:53:54', '2025-08-02 09:53:54', '2025-08-02 09:53:54'),
(363, 4, 'Update Ecommerce Banner', 'Admins at 2025-08-02 05:54:04', '2025-08-02 09:54:04', '2025-08-02 09:54:04'),
(364, 4, 'Update Ecommerce Categories', 'Admins at 2025-08-02 06:10:15', '2025-08-02 10:10:15', '2025-08-02 10:10:15'),
(365, 4, 'Update Ecommerce Categories', 'Admins at 2025-08-02 06:10:47', '2025-08-02 10:10:47', '2025-08-02 10:10:47'),
(366, 4, 'Update Ecommerce Categories', 'Admins at 2025-08-02 06:11:05', '2025-08-02 10:11:05', '2025-08-02 10:11:05'),
(367, 4, 'Update Ecommerce Categories', 'Admins at 2025-08-02 06:11:21', '2025-08-02 10:11:21', '2025-08-02 10:11:21'),
(368, 4, 'Update Ecommerce Categories', 'Admins at 2025-08-02 06:11:30', '2025-08-02 10:11:30', '2025-08-02 10:11:30'),
(369, 4, 'Update Ecommerce Categories', 'Admins at 2025-08-02 06:11:41', '2025-08-02 10:11:41', '2025-08-02 10:11:41'),
(370, 4, 'Update Ecommerce Categories', 'Admins at 2025-08-02 06:11:52', '2025-08-02 10:11:52', '2025-08-02 10:11:52'),
(371, 4, 'Update Ecommerce Categories', 'Admins at 2025-08-02 06:12:03', '2025-08-02 10:12:03', '2025-08-02 10:12:03'),
(372, 4, 'Update Ecommerce Categories', 'Admins at 2025-08-02 06:12:15', '2025-08-02 10:12:15', '2025-08-02 10:12:15'),
(373, 4, 'Update Ecommerce Categories', 'Admins at 2025-08-02 06:12:27', '2025-08-02 10:12:27', '2025-08-02 10:12:27'),
(374, 4, 'Update Ecommerce Categories', 'Admins at 2025-08-02 06:12:37', '2025-08-02 10:12:37', '2025-08-02 10:12:37'),
(375, 4, 'Update Ecommerce Categories', 'Admins at 2025-08-02 06:12:47', '2025-08-02 10:12:47', '2025-08-02 10:12:47'),
(376, 4, 'Add Ecommerce Brand', 'Admins at 2025-08-02 06:16:16', '2025-08-02 10:16:16', '2025-08-02 10:16:16'),
(377, 4, 'Update Ecommerce Brand', 'Admins at 2025-08-02 06:17:31', '2025-08-02 10:17:31', '2025-08-02 10:17:31'),
(378, 4, 'Update Ecommerce Brand', 'Admins at 2025-08-02 06:17:41', '2025-08-02 10:17:41', '2025-08-02 10:17:41'),
(379, 4, 'Update Ecommerce Brand', 'Admins at 2025-08-02 06:17:51', '2025-08-02 10:17:51', '2025-08-02 10:17:51'),
(380, 4, 'Update Ecommerce Brand', 'Admins at 2025-08-02 06:18:01', '2025-08-02 10:18:01', '2025-08-02 10:18:01'),
(381, 4, 'Update Ecommerce Brand', 'Admins at 2025-08-02 06:18:11', '2025-08-02 10:18:11', '2025-08-02 10:18:11'),
(382, 4, 'Update Ecommerce Brand', 'Admins at 2025-08-02 06:18:21', '2025-08-02 10:18:21', '2025-08-02 10:18:21'),
(383, 4, 'Update Ecommerce Brand', 'Admins at 2025-08-02 06:18:31', '2025-08-02 10:18:31', '2025-08-02 10:18:31'),
(384, 4, 'Update Ecommerce Brand', 'Admins at 2025-08-02 06:18:40', '2025-08-02 10:18:40', '2025-08-02 10:18:40'),
(385, 4, 'Update Ecommerce Brand', 'Admins at 2025-08-02 06:18:50', '2025-08-02 10:18:50', '2025-08-02 10:18:50'),
(386, 4, 'Update Ecommerce Brand', 'Admins at 2025-08-02 06:19:02', '2025-08-02 10:19:02', '2025-08-02 10:19:02'),
(387, 4, 'Update Ecommerce Brand', 'Admins at 2025-08-02 06:19:16', '2025-08-02 10:19:16', '2025-08-02 10:19:16'),
(388, 4, 'Update Ecommerce Brand', 'Admins at 2025-08-02 06:19:30', '2025-08-02 10:19:30', '2025-08-02 10:19:30'),
(389, 4, 'Update Ecommerce Brand', 'Admins at 2025-08-02 06:19:43', '2025-08-02 10:19:43', '2025-08-02 10:19:43'),
(390, 4, 'Update Ecommerce Brand', 'Admins at 2025-08-02 06:20:10', '2025-08-02 10:20:10', '2025-08-02 10:20:10'),
(391, 4, 'Update Ecommerce Brand', 'Admins at 2025-08-02 06:20:24', '2025-08-02 10:20:24', '2025-08-02 10:20:24'),
(392, 4, 'User logout', 'User logout at 2025-08-02 06:50:51', '2025-08-02 10:50:51', '2025-08-02 10:50:51'),
(397, 4, 'Add Hotel Slider Banner', 'Admins at 2025-08-02 07:20:21', '2025-08-02 11:20:21', '2025-08-02 11:20:21'),
(398, 4, 'Update Hotel Slider Banner', 'Admins at 2025-08-02 07:20:33', '2025-08-02 11:20:33', '2025-08-02 11:20:33'),
(399, 4, 'Delete Hotel Slider Banner', 'Admins at 2025-08-02 07:20:40', '2025-08-02 11:20:40', '2025-08-02 11:20:40'),
(400, 4, 'Delete Hotel Slider Banner', 'Admins at 2025-08-02 07:20:47', '2025-08-02 11:20:47', '2025-08-02 11:20:47'),
(401, 4, 'Delete Hotel Slider Banner', 'Admins at 2025-08-02 07:20:54', '2025-08-02 11:20:54', '2025-08-02 11:20:54'),
(402, 4, 'Delete Hotel Slider Banner', 'Admins at 2025-08-02 07:21:01', '2025-08-02 11:21:01', '2025-08-02 11:21:01'),
(403, 4, 'Update Hotel Slider Banner', 'Admins at 2025-08-02 07:21:09', '2025-08-02 11:21:09', '2025-08-02 11:21:09'),
(404, 4, 'Update Amenity', 'Admins at 2025-08-02 07:24:51', '2025-08-02 11:24:51', '2025-08-02 11:24:51'),
(405, 4, 'Update Amenity', 'Admins at 2025-08-02 07:25:00', '2025-08-02 11:25:00', '2025-08-02 11:25:00'),
(406, 4, 'Update Amenity', 'Admins at 2025-08-02 07:25:27', '2025-08-02 11:25:27', '2025-08-02 11:25:27'),
(407, 4, 'Update Amenity', 'Admins at 2025-08-02 07:25:41', '2025-08-02 11:25:41', '2025-08-02 11:25:41'),
(408, 4, 'Update Amenity', 'Admins at 2025-08-02 07:25:51', '2025-08-02 11:25:51', '2025-08-02 11:25:51'),
(409, 4, 'Delete Amenity', 'Admins at 2025-08-02 07:26:00', '2025-08-02 11:26:00', '2025-08-02 11:26:00'),
(410, 4, 'Delete Amenity', 'Admins at 2025-08-02 07:26:05', '2025-08-02 11:26:05', '2025-08-02 11:26:05'),
(411, 4, 'Delete Amenity', 'Admins at 2025-08-02 07:26:10', '2025-08-02 11:26:10', '2025-08-02 11:26:10'),
(412, 4, 'Delete Amenity', 'Admins at 2025-08-02 07:26:15', '2025-08-02 11:26:15', '2025-08-02 11:26:15'),
(413, 4, 'Update Hotel Category', 'Admins at 2025-08-02 07:36:30', '2025-08-02 11:36:30', '2025-08-02 11:36:30'),
(414, 4, 'Update Hotel Category', 'Admins at 2025-08-02 07:36:40', '2025-08-02 11:36:40', '2025-08-02 11:36:40'),
(415, 4, 'Update Hotel Category', 'Admins at 2025-08-02 07:36:48', '2025-08-02 11:36:48', '2025-08-02 11:36:48'),
(416, 4, 'Update Hotel Category', 'Admins at 2025-08-02 07:36:57', '2025-08-02 11:36:57', '2025-08-02 11:36:57'),
(417, 4, 'Update Hotel Category', 'Admins at 2025-08-02 07:37:08', '2025-08-02 11:37:08', '2025-08-02 11:37:08'),
(418, 4, 'Update Hotel Category', 'Admins at 2025-08-02 07:37:19', '2025-08-02 11:37:19', '2025-08-02 11:37:19'),
(419, 4, 'Delete Hotel Category', 'Admins at 2025-08-02 07:37:26', '2025-08-02 11:37:26', '2025-08-02 11:37:26'),
(420, 4, 'Update Hotel Category', 'Admins at 2025-08-02 07:37:38', '2025-08-02 11:37:38', '2025-08-02 11:37:38'),
(421, 4, 'Update Hotel Category', 'Admins at 2025-08-02 07:37:51', '2025-08-02 11:37:51', '2025-08-02 11:37:51'),
(422, 4, 'Update Hotel Category', 'Admins at 2025-08-02 07:38:00', '2025-08-02 11:38:00', '2025-08-02 11:38:00'),
(423, 4, 'Update Hotel Category', 'Admins at 2025-08-02 07:40:34', '2025-08-02 11:40:34', '2025-08-02 11:40:34'),
(424, 4, 'Update Hotel', 'Admins at 2025-08-02 07:49:51', '2025-08-02 11:49:51', '2025-08-02 11:49:51'),
(425, 4, 'Update Hotel', 'Admins at 2025-08-02 07:50:03', '2025-08-02 11:50:03', '2025-08-02 11:50:03'),
(426, 4, 'Update Hotel', 'Admins at 2025-08-02 07:50:18', '2025-08-02 11:50:18', '2025-08-02 11:50:18'),
(427, 4, 'Update Hotel', 'Admins at 2025-08-02 07:50:31', '2025-08-02 11:50:31', '2025-08-02 11:50:31'),
(428, 4, 'Update Hotel', 'Admins at 2025-08-02 07:50:42', '2025-08-02 11:50:42', '2025-08-02 11:50:42'),
(429, 4, 'Update Hotel', 'Admins at 2025-08-02 07:50:57', '2025-08-02 11:50:57', '2025-08-02 11:50:57'),
(430, 4, 'Add Hotel Photos', 'Admins at 2025-08-02 07:51:09', '2025-08-02 11:51:09', '2025-08-02 11:51:09'),
(431, 4, 'Delete Hotel Photos', 'Admins at 2025-08-02 07:51:17', '2025-08-02 11:51:17', '2025-08-02 11:51:17'),
(432, 4, 'Update Hotel Room', 'Admins at 2025-08-02 08:13:35', '2025-08-02 12:13:35', '2025-08-02 12:13:35'),
(433, 4, 'Update Hotel Room', 'Admins at 2025-08-02 08:13:48', '2025-08-02 12:13:48', '2025-08-02 12:13:48'),
(434, 4, 'Update Hotel Room', 'Admins at 2025-08-02 08:14:02', '2025-08-02 12:14:02', '2025-08-02 12:14:02'),
(435, 4, 'Update Hotel Room', 'Admins at 2025-08-02 08:14:20', '2025-08-02 12:14:20', '2025-08-02 12:14:20'),
(436, 4, 'Update Hotel Room', 'Admins at 2025-08-02 08:14:36', '2025-08-02 12:14:36', '2025-08-02 12:14:36'),
(437, 4, 'Update Restaurant Slider', 'Admins at 2025-08-02 08:31:53', '2025-08-02 12:31:53', '2025-08-02 12:31:53'),
(438, 4, 'Update Restaurant Slider', 'Admins at 2025-08-02 08:32:05', '2025-08-02 12:32:05', '2025-08-02 12:32:05'),
(439, 4, 'Update Restaurant Slider', 'Admins at 2025-08-02 08:32:13', '2025-08-02 12:32:13', '2025-08-02 12:32:13'),
(440, 4, 'Update Restaurant Slider', 'Admins at 2025-08-02 08:32:18', '2025-08-02 12:32:18', '2025-08-02 12:32:18'),
(441, 4, 'Update Restaurant Slider', 'Admins at 2025-08-02 08:32:29', '2025-08-02 12:32:29', '2025-08-02 12:32:29'),
(442, 4, 'Update Restaurant Category', 'Admins at 2025-08-02 08:36:19', '2025-08-02 12:36:19', '2025-08-02 12:36:19'),
(443, 4, 'Update Restaurant Category', 'Admins at 2025-08-02 08:36:57', '2025-08-02 12:36:57', '2025-08-02 12:36:57'),
(444, 4, 'Update Restaurant Category', 'Admins at 2025-08-02 08:37:11', '2025-08-02 12:37:11', '2025-08-02 12:37:11'),
(445, 4, 'Update Restaurant Category', 'Admins at 2025-08-02 08:37:22', '2025-08-02 12:37:22', '2025-08-02 12:37:22'),
(446, 4, 'Update Restaurant Category', 'Admins at 2025-08-02 08:37:48', '2025-08-02 12:37:48', '2025-08-02 12:37:48'),
(447, 4, 'Update Restaurant Category', 'Admins at 2025-08-02 08:37:58', '2025-08-02 12:37:58', '2025-08-02 12:37:58'),
(448, 4, 'Update Restaurant Category', 'Admins at 2025-08-02 08:38:07', '2025-08-02 12:38:07', '2025-08-02 12:38:07'),
(449, 4, 'Update Restaurant Category', 'Admins at 2025-08-02 08:38:18', '2025-08-02 12:38:18', '2025-08-02 12:38:18'),
(450, 4, 'Update Restaurant Category', 'Admins at 2025-08-02 08:38:29', '2025-08-02 12:38:29', '2025-08-02 12:38:29'),
(451, 4, 'Delete Restaurant Category', 'Admins at 2025-08-02 08:38:34', '2025-08-02 12:38:34', '2025-08-02 12:38:34'),
(452, 4, 'Delete Restaurant Category', 'Admins at 2025-08-02 08:38:39', '2025-08-02 12:38:39', '2025-08-02 12:38:39'),
(453, 4, 'Delete Restaurant Category', 'Admins at 2025-08-02 08:38:44', '2025-08-02 12:38:44', '2025-08-02 12:38:44'),
(454, 4, 'Delete Restaurant Category', 'Admins at 2025-08-02 08:38:49', '2025-08-02 12:38:49', '2025-08-02 12:38:49'),
(455, 4, 'Delete Restaurant Category', 'Admins at 2025-08-02 08:38:54', '2025-08-02 12:38:54', '2025-08-02 12:38:54'),
(456, 4, 'Update Restaurant Category', 'Admins at 2025-08-02 08:39:04', '2025-08-02 12:39:04', '2025-08-02 12:39:04'),
(457, 4, 'Update Restaurant Product', 'Admins at 2025-08-02 08:49:36', '2025-08-02 12:49:36', '2025-08-02 12:49:36'),
(458, 4, 'Update Restaurant Product', 'Admins at 2025-08-02 08:51:23', '2025-08-02 12:51:23', '2025-08-02 12:51:23'),
(459, 4, 'Add Restaurant Product', 'Admins at 2025-08-02 08:51:56', '2025-08-02 12:51:56', '2025-08-02 12:51:56'),
(460, 4, 'Update Restaurant Product', 'Admins at 2025-08-02 08:53:35', '2025-08-02 12:53:35', '2025-08-02 12:53:35'),
(461, 4, 'Update Restaurant Product', 'Admins at 2025-08-02 08:54:03', '2025-08-02 12:54:03', '2025-08-02 12:54:03'),
(462, 4, 'Update Restaurant Product', 'Admins at 2025-08-02 08:57:04', '2025-08-02 12:57:04', '2025-08-02 12:57:04'),
(463, 4, 'Update Restaurant Product', 'Admins at 2025-08-02 08:58:32', '2025-08-02 12:58:32', '2025-08-02 12:58:32'),
(464, 4, 'Update Restaurant Product', 'Admins at 2025-08-02 09:00:44', '2025-08-02 13:00:44', '2025-08-02 13:00:44'),
(465, 4, 'Update Restaurant Product', 'Admins at 2025-08-02 09:01:08', '2025-08-02 13:01:08', '2025-08-02 13:01:08'),
(466, 4, 'Update Restaurant Product', 'Admins at 2025-08-02 09:01:25', '2025-08-02 13:01:25', '2025-08-02 13:01:25'),
(467, 4, 'Update Restaurant Product', 'Admins at 2025-08-02 09:01:46', '2025-08-02 13:01:46', '2025-08-02 13:01:46'),
(468, 4, 'Update Restaurant Product', 'Admins at 2025-08-02 09:02:00', '2025-08-02 13:02:00', '2025-08-02 13:02:00'),
(469, 4, 'Update Restaurant Product', 'Admins at 2025-08-02 09:02:16', '2025-08-02 13:02:16', '2025-08-02 13:02:16'),
(470, 4, 'Update Restaurant Product', 'Admins at 2025-08-02 09:02:32', '2025-08-02 13:02:32', '2025-08-02 13:02:32'),
(471, 4, 'Update Restaurant Product', 'Admins at 2025-08-02 09:02:46', '2025-08-02 13:02:46', '2025-08-02 13:02:46'),
(472, 4, 'Update Restaurant Product', 'Admins at 2025-08-02 09:03:00', '2025-08-02 13:03:00', '2025-08-02 13:03:00'),
(473, 4, 'Update Restaurant Product', 'Admins at 2025-08-02 09:03:23', '2025-08-02 13:03:23', '2025-08-02 13:03:23'),
(474, 4, 'Update Restaurant Product', 'Admins at 2025-08-02 09:03:34', '2025-08-02 13:03:34', '2025-08-02 13:03:34'),
(475, 4, 'Update Restaurant Product', 'Admins at 2025-08-02 09:03:47', '2025-08-02 13:03:47', '2025-08-02 13:03:47'),
(476, 4, 'Update Restaurant Product', 'Admins at 2025-08-02 09:03:59', '2025-08-02 13:03:59', '2025-08-02 13:03:59'),
(477, 4, 'Update Restaurant', 'Admins at 2025-08-02 09:17:37', '2025-08-02 13:17:37', '2025-08-02 13:17:37'),
(478, 4, 'Update Restaurant', 'Admins at 2025-08-02 09:18:06', '2025-08-02 13:18:06', '2025-08-02 13:18:06'),
(479, 4, 'Update Restaurant', 'Admins at 2025-08-02 09:18:24', '2025-08-02 13:18:24', '2025-08-02 13:18:24'),
(480, 4, 'Update Restaurant', 'Admins at 2025-08-02 09:18:41', '2025-08-02 13:18:41', '2025-08-02 13:18:41'),
(481, 4, 'Update Restaurant', 'Admins at 2025-08-02 09:18:55', '2025-08-02 13:18:55', '2025-08-02 13:18:55'),
(482, 4, 'Update Restaurant', 'Admins at 2025-08-02 09:19:23', '2025-08-02 13:19:23', '2025-08-02 13:19:23'),
(483, 4, 'Update Restaurant', 'Admins at 2025-08-02 09:19:45', '2025-08-02 13:19:45', '2025-08-02 13:19:45'),
(484, 4, 'Delete Restaurant', 'Admins at 2025-08-02 09:19:59', '2025-08-02 13:19:59', '2025-08-02 13:19:59'),
(485, 4, 'Delete Restaurant', 'Admins at 2025-08-02 09:20:12', '2025-08-02 13:20:12', '2025-08-02 13:20:12'),
(486, 4, 'Delete Restaurant', 'Admins at 2025-08-02 09:20:24', '2025-08-02 13:20:24', '2025-08-02 13:20:24'),
(487, 4, 'Update Restaurant', 'Admins at 2025-08-02 09:20:44', '2025-08-02 13:20:44', '2025-08-02 13:20:44'),
(488, 4, 'Update Restaurant', 'Admins at 2025-08-03 06:47:26', '2025-08-03 10:47:26', '2025-08-03 10:47:26'),
(489, 4, 'Update Restaurant', 'Admins at 2025-08-03 06:49:07', '2025-08-03 10:49:07', '2025-08-03 10:49:07'),
(490, 4, 'Update Restaurant', 'Admins at 2025-08-03 06:49:29', '2025-08-03 10:49:29', '2025-08-03 10:49:29'),
(491, 4, 'Update Restaurant', 'Admins at 2025-08-03 06:51:33', '2025-08-03 10:51:33', '2025-08-03 10:51:33'),
(492, 4, 'Update Restaurant', 'Admins at 2025-08-03 06:58:25', '2025-08-03 10:58:25', '2025-08-03 10:58:25'),
(493, 4, 'Update Restaurant Product', 'Admins at 2025-08-07 08:21:00', '2025-08-07 12:21:00', '2025-08-07 12:21:00'),
(494, 4, 'Add Restaurant Product', 'Admins at 2025-08-07 08:23:42', '2025-08-07 12:23:42', '2025-08-07 12:23:42'),
(495, 4, 'Update Restaurant Product', 'Admins at 2025-08-07 08:25:04', '2025-08-07 12:25:04', '2025-08-07 12:25:04'),
(496, 4, 'Update detail', 'user updated their detail information', '2025-08-11 03:21:20', '2025-08-11 03:21:20'),
(497, 4, 'Delete Hotel', 'Admins at 2025-08-12 08:05:49', '2025-08-12 05:05:49', '2025-08-12 05:05:49'),
(498, 4, 'Add Hotel Slider Banner', 'Admins at 2025-08-12 11:42:32', '2025-08-12 08:42:32', '2025-08-12 08:42:32'),
(499, 4, 'Delete Hotel Slider Banner', 'Admins at 2025-08-12 11:42:46', '2025-08-12 08:42:46', '2025-08-12 08:42:46'),
(500, 4, 'Add Hotel Slider Banner', 'Admins at 2025-08-12 11:43:57', '2025-08-12 08:43:57', '2025-08-12 08:43:57'),
(501, 4, 'Delete Hotel Slider Banner', 'Admins at 2025-08-12 11:44:22', '2025-08-12 08:44:22', '2025-08-12 08:44:22'),
(502, 4, 'Update Hotel Slider Banner', 'Admins at 2025-08-12 11:45:19', '2025-08-12 08:45:19', '2025-08-12 08:45:19'),
(503, 4, 'Update Hotel Slider Banner', 'Admins at 2025-08-12 11:46:16', '2025-08-12 08:46:16', '2025-08-12 08:46:16'),
(504, 4, 'Update Hotel Category', 'Admins at 2025-08-12 13:34:47', '2025-08-12 10:34:47', '2025-08-12 10:34:47'),
(505, 4, 'Delete Hotel Category', 'Admins at 2025-08-12 13:35:04', '2025-08-12 10:35:04', '2025-08-12 10:35:04'),
(506, 4, 'Update Hotel Slider Banner', 'Admins at 2025-08-12 13:39:04', '2025-08-12 10:39:04', '2025-08-12 10:39:04'),
(507, 4, 'Update Hotel Slider Banner', 'Admins at 2025-08-12 13:39:10', '2025-08-12 10:39:10', '2025-08-12 10:39:10'),
(508, 4, 'Update Hotel Slider Banner', 'Admins at 2025-08-12 13:40:09', '2025-08-12 10:40:09', '2025-08-12 10:40:09'),
(509, 4, 'Update Hotel Slider Banner', 'Admins at 2025-08-12 13:41:18', '2025-08-12 10:41:18', '2025-08-12 10:41:18'),
(510, 4, 'Update Hotel Slider Banner', 'Admins at 2025-08-12 13:41:33', '2025-08-12 10:41:33', '2025-08-12 10:41:33'),
(511, 4, 'Update Advertisement', 'Admins at 2025-08-12 13:52:35', '2025-08-12 10:52:35', '2025-08-12 10:52:35'),
(512, 4, 'Update Hotel', 'Admins at 2025-08-13 06:12:40', '2025-08-13 03:12:40', '2025-08-13 03:12:40'),
(513, 4, 'Update Hotel Room', 'Admins at 2025-08-13 06:20:48', '2025-08-13 03:20:48', '2025-08-13 03:20:48'),
(514, 4, 'Update Restaurant Slider', 'Admins at 2025-08-13 06:26:32', '2025-08-13 03:26:32', '2025-08-13 03:26:32'),
(515, 4, 'Update Restaurant Category', 'Admins at 2025-08-13 06:33:20', '2025-08-13 03:33:20', '2025-08-13 03:33:20'),
(516, 4, 'Update Restaurant Product', 'Admins at 2025-08-13 07:03:34', '2025-08-13 04:03:34', '2025-08-13 04:03:34'),
(517, 4, 'Update Restaurant Product', 'Admins at 2025-08-13 07:12:04', '2025-08-13 04:12:04', '2025-08-13 04:12:04'),
(518, 4, 'Update Restaurant Product', 'Admins at 2025-08-13 07:17:27', '2025-08-13 04:17:27', '2025-08-13 04:17:27'),
(519, 4, 'Update Restaurant Product', 'Admins at 2025-08-13 07:24:30', '2025-08-13 04:24:30', '2025-08-13 04:24:30'),
(520, 4, 'Update Restaurant', 'Admins at 2025-08-13 08:32:10', '2025-08-13 05:32:10', '2025-08-13 05:32:10'),
(521, 4, 'Update Restaurant', 'Admins at 2025-08-13 08:32:39', '2025-08-13 05:32:39', '2025-08-13 05:32:39'),
(522, 4, 'Update Restaurant', 'Admins at 2025-08-13 08:34:33', '2025-08-13 05:34:33', '2025-08-13 05:34:33'),
(523, 4, 'Update Restaurant', 'Admins at 2025-08-13 08:35:04', '2025-08-13 05:35:04', '2025-08-13 05:35:04'),
(524, 4, 'Update Restaurant', 'Admins at 2025-08-13 08:36:31', '2025-08-13 05:36:31', '2025-08-13 05:36:31'),
(525, 4, 'Update Restaurant', 'Admins at 2025-08-13 08:40:53', '2025-08-13 05:40:53', '2025-08-13 05:40:53'),
(526, 4, 'Update Restaurant', 'Admins at 2025-08-13 08:45:40', '2025-08-13 05:45:40', '2025-08-13 05:45:40'),
(527, 4, 'Update Blog', 'Admins at 2025-08-13 08:53:52', '2025-08-13 05:53:52', '2025-08-13 05:53:52'),
(538, 4, 'Update Group', 'Admins at 2025-08-13 09:39:40', '2025-08-13 06:39:40', '2025-08-13 06:39:40'),
(539, 4, 'Update Ecommerce Categories', 'Admins at 2025-08-13 09:45:26', '2025-08-13 06:45:26', '2025-08-13 06:45:26'),
(541, 4, 'Update Ecommerce Brand', 'Admins at 2025-08-13 10:26:06', '2025-08-13 07:26:06', '2025-08-13 07:26:06'),
(542, 4, 'Update FashDeal', 'Admins at 2025-08-13 10:29:23', '2025-08-13 07:29:23', '2025-08-13 07:29:23'),
(543, 4, 'Update Blog Category', 'Admins at 2025-08-13 11:30:47', '2025-08-13 08:30:47', '2025-08-13 08:30:47'),
(544, 4, 'Update Blog', 'Admins at 2025-08-13 11:31:07', '2025-08-13 08:31:07', '2025-08-13 08:31:07'),
(545, 4, 'Update Hotel Slider Banner', 'Admins at 2025-08-14 11:02:45', '2025-08-14 08:02:45', '2025-08-14 08:02:45'),
(546, 4, 'User logout', 'User logout at 2025-08-15 08:26:50', '2025-08-15 05:26:50', '2025-08-15 05:26:50'),
(549, 4, 'User logout', 'User logout at 2025-08-16 19:48:39', '2025-08-16 16:48:39', '2025-08-16 16:48:39'),
(555, 4, 'Admin login to Venodr Account', 'Admins at 2025-08-16 20:31:19', '2025-08-16 17:31:19', '2025-08-16 17:31:19'),
(556, 4, 'Admin login to Venodr Account', 'Admins at 2025-08-16 20:31:37', '2025-08-16 17:31:37', '2025-08-16 17:31:37'),
(557, 4, 'Delete Vendor', 'Admins at 2025-08-18 05:19:46', '2025-08-18 02:19:46', '2025-08-18 02:19:46'),
(558, 4, 'Delete Vendor', 'Admins at 2025-08-18 05:19:49', '2025-08-18 02:19:49', '2025-08-18 02:19:49'),
(559, 4, 'Delete Vendor', 'Admins at 2025-08-18 05:23:44', '2025-08-18 02:23:44', '2025-08-18 02:23:44'),
(560, 4, 'Assign Permission to role', 'Admins at 2025-08-18 05:29:29', '2025-08-18 02:29:29', '2025-08-18 02:29:29'),
(561, 4, 'Assign Permission to role', 'Admins at 2025-08-18 05:29:50', '2025-08-18 02:29:50', '2025-08-18 02:29:50'),
(562, 4, 'Assign Permission to role', 'Admins at 2025-08-18 08:06:40', '2025-08-18 05:06:40', '2025-08-18 05:06:40'),
(563, 4, 'Assign Permission to role', 'Admins at 2025-08-18 08:06:55', '2025-08-18 05:06:55', '2025-08-18 05:06:55'),
(564, 4, 'User logout', 'User logout at 2025-08-18 08:58:24', '2025-08-18 05:58:24', '2025-08-18 05:58:24');

-- --------------------------------------------------------

--
-- Table structure for table `admins`
--

CREATE TABLE `admins` (
  `id` bigint(20) UNSIGNED NOT NULL,
  `name` varchar(255) DEFAULT NULL,
  `type` varchar(255) DEFAULT NULL,
  `vendor_id` bigint(20) UNSIGNED DEFAULT NULL,
  `mobile` varchar(255) DEFAULT NULL,
  `email` varchar(255) NOT NULL,
  `provider_id` mediumtext DEFAULT NULL,
  `password` varchar(255) NOT NULL,
  `image` varchar(255) DEFAULT NULL,
  `confirm` enum('Yes','No') NOT NULL DEFAULT 'Yes',
  `status` tinyint(4) DEFAULT 1,
  `created_at` timestamp NULL DEFAULT NULL,
  `updated_at` timestamp NULL DEFAULT NULL
) ENGINE=InnoDB DEFAULT CHARSET=utf8mb4 COLLATE=utf8mb4_unicode_ci;

--
-- Dumping data for table `admins`
--

INSERT INTO `admins` (`id`, `name`, `type`, `vendor_id`, `mobile`, `email`, `provider_id`, `password`, `image`, `confirm`, `status`, `created_at`, `updated_at`) VALUES
(4, 'Admins', 'Super Admin', 0, '0912651113', 'admin@gmail.com', NULL, '$2y$12$55KgTBG2Se3nlrJM95/hi.NXpjAWwVJtJhdpBFONn05EGsEbvL16S', 'admin/image/m3k1CbdHM5nB2lZ6OATvpj3Y06Aq53BpEuWbtRFH_1754893280.jpg', 'No', 1, NULL, '2025-08-11 03:21:20'),
(8, 'vendorr', 'Stock Manager', 3, '0912651111', 'vendorr@gmail.com', NULL, '$2y$10$vqlAqTk5g4wQBEtMk9hUi.FV//wPGpHGtCqpXyj0WP6xuKPGfyfEu', 'download_1704202748.jpeg', 'Yes', 1, '2023-12-07 05:43:50', '2024-06-12 13:04:00'),
(9, 'sarah', 'Stock Manager', NULL, '0909090909', 'stockcaper@gmail.com', NULL, '$2y$10$UykMfvn73zD7od3Wijv61eMQOlKbF5wUpEoCCFUBvncZsvu6Dkjhy', '2022-04-23-6263633d39741_1706909226.png', 'No', 1, '2023-12-13 18:47:48', '2024-06-12 13:04:06'),
(10, 'Abel Boyer', 'vendor', 64, '0914651113', 'yaredayele67@gmail.com', NULL, '$2y$10$/ZiWfFXyHl9ORweNLi823.Fj/MB8hRjV4ptP1vP42CFHEfKivnYl6', NULL, 'No', 1, '2024-04-06 20:13:07', '2024-06-10 18:41:52'),
(11, 'Stock Manager', 'Stock Manager', NULL, '0912651144', 'stock@gmail.com', NULL, '$2y$10$i58WGSLneIF/4aoqsUakBOHvQwmEkYLJCPLzawZ5wRCToAPqAPmc.', 'image-voiceover_1718184002.png', 'No', 1, '2024-06-12 13:20:02', '2024-06-12 13:20:26'),
(12, 'Libby Carter', 'vendor', NULL, '0912651115', 'jyreqiwyce@mailinator.com', NULL, '$2y$12$ybYbpHf20Jl06Lk7PZzHFO/og5aAe.2YJv6Vde38.26Gs/umnPJIW', NULL, 'No', NULL, '2024-06-12 13:21:59', '2024-06-12 13:21:59'),
(13, 'Ella Mccarty', 'Stock Manager', NULL, '0912651112', 'tehepa@mailinator.com', NULL, '$2y$12$yXfgL2yVowTOBhc0f4JCyOlEevTZkEi4xLPuflNk07.4VHcM7/KY2', 'audience-for-actors_2x (1)_1718184158.jpg', 'No', 1, '2024-06-12 13:22:38', '2024-06-12 13:22:42'),
(14, 'QA Manager', 'QA Manager', NULL, '0912121212', 'qa@gmail.com', NULL, '$2y$12$T5arlh8687Sxk.v0ptjELuOhjv8g98QiNmS796lPH.ACXarYX0ZNC', 'photo_2024-04-05_06-11-30_1718799693.jpg', 'No', 1, '2024-06-19 16:21:33', '2024-06-19 16:21:37'),
(15, 'Cody Stein', 'admin', NULL, '29', 'takepega@mailinator.com', NULL, '$2y$12$SH08uXC/mq6PydbjKRRq0uOB16BpHtkyo.T2d7maba89yn8Rm1dSC', NULL, 'No', NULL, '2024-11-16 16:23:25', '2024-11-16 16:23:25'),
(16, 'Yared Ayele', 'vendor', 65, '0911651112', 'aayele@gmail.com', NULL, '$2y$12$HBWpaPLSqaT7g0R5JinlCe1K1Xw3i2ls7lvlGOTpQjhf.Gzuffo8a', NULL, 'No', 0, '2025-03-31 18:03:25', '2025-03-31 18:03:25'),
(17, 'vendorupdated', 'good', 3, '0912651110', 'hotel@gmail.com', NULL, '$2y$12$FBZ2a8CHB/WdLyP8wHNUzuDpuS6dj3Lg49bbCkw7te2prqCOfeoWq', 'http://127.0.0.1:9000/storage/admin/image/PassportPhoto_1749107824.JPG', 'No', 1, '2025-04-15 10:47:56', '2025-07-24 12:26:23'),
(18, 'Vendordasfasfda', 'Restaurant Manager', 1, '3456789012', 'restaurant@gmail.com', NULL, '$2y$12$Alz5EW032gp.kw0v3BucAuhISjmQXXQO9Og7Q4pQ7SX.ZpMYE6dkW', 'http://127.0.0.1:9000/storage/admin/image/PassportPhoto_1749192420.JPG', 'No', 1, '2025-04-15 10:48:57', '2025-06-06 10:47:00'),
(19, 'Super Admin', 'Restaurant Manager', NULL, '0930303030', 'superadmin@gmail.com', NULL, '$2y$12$tpb.TjRNRvW7rlG9bVDvUuqDjj3375aPBzMCaXMWh.UuOxE9HOGaW', 'http://127.0.0.1:8000/storage/admin/image/kAQ8aIe4HcZgV3RUBVRc4htxYpJ3C6sHgyPjc5ze.png', 'No', 1, '2025-04-15 10:49:44', '2025-05-01 12:09:54'),
(22, 'sample', 'Hotel Manager', 75, '0911651113', 'yaredo@gmail.com', NULL, '$2y$12$DVPOGNrUwYVtXSgxF30k8e.fADd3rMrq7m/fTjdIRnSjfL5hJwlMe', 'http://127.0.0.1:8000/storage/admin/image/invoice_1746713569.png', 'Yes', 1, '2025-05-08 16:22:39', '2025-07-26 01:45:43'),
(23, 'yohannes Girma', 'vendor', 68, '0919816033', 'kaquwel@mailinator.com', NULL, '$2y$12$XV0q1PdnBMMkHOptfw/riuIrsls74Wxmx2WoIaoWF5SsqO85ZZeHW', NULL, 'Yes', 1, '2025-05-21 17:53:14', '2025-05-21 17:53:14'),
(24, 'Tana Rivers', 'vendor', 69, '+1 (202) 607-9022', 'xyleb@mailinator.com', NULL, '$2y$12$xjlWE1TzYlVeAH5xGG4.KuUpaUO7Skt/jVUXqkztOgBDVGHhqJAbS', NULL, 'Yes', 1, '2025-05-21 17:54:25', '2025-05-21 17:54:25'),
(25, 'Yared Ayele Debela', 'vendor', 70, '0002651113', 'h.ayele@gmail.com', NULL, '$2y$12$kS1vWjAm/Wq82TvQE7bK7OSDYGKOaDXnnay5xtH9hR0pxR4TzxQae', NULL, 'No', 1, '2025-05-21 17:57:02', '2025-05-21 17:57:02'),
(26, 'vendor_', 'Ecommerce Manager', 71, '0912600113', 'vendor_@gmail.com', NULL, '$2y$12$I8njLGYb62aQmZXKI0ifXerkz.1dmGvh5wFzYL.vI54IVd7qBu.ci', 'http://127.0.0.1:9000/storage/admin/image/SmvshTCxSwLP9xbf1M4eQAuVEMi1XONytt5w8MZt.jpg', 'Yes', 1, '2025-06-05 10:18:58', '2025-06-05 10:27:57');

-- --------------------------------------------------------

--
-- Table structure for table `admin__user__roles`
--

CREATE TABLE `admin__user__roles` (
  `id` bigint(20) UNSIGNED NOT NULL,
  `admin_id` bigint(20) UNSIGNED NOT NULL,
  `role_id` bigint(20) UNSIGNED NOT NULL,
  `created_at` timestamp NULL DEFAULT NULL,
  `updated_at` timestamp NULL DEFAULT NULL
) ENGINE=InnoDB DEFAULT CHARSET=utf8mb4 COLLATE=utf8mb4_unicode_ci;

--
-- Dumping data for table `admin__user__roles`
--

INSERT INTO `admin__user__roles` (`id`, `admin_id`, `role_id`, `created_at`, `updated_at`) VALUES
(3, 8, 5, NULL, NULL),
(4, 9, 5, NULL, NULL),
(5, 11, 5, NULL, NULL),
(7, 18, 8, NULL, NULL),
(8, 19, 9, NULL, NULL),
(11, 26, 10, NULL, NULL),
(15, 4, 9, NULL, NULL),
(16, 17, 13, NULL, NULL),
(20, 22, 7, NULL, NULL);

-- --------------------------------------------------------

--
-- Table structure for table `advertisements`
--

CREATE TABLE `advertisements` (
  `id` bigint(20) UNSIGNED NOT NULL,
  `title` varchar(255) NOT NULL,
  `position` varchar(255) DEFAULT NULL,
  `type` enum('ecommerce','r','restaurant','hotel') NOT NULL DEFAULT 'ecommerce',
  `image` varchar(2550) DEFAULT NULL,
  `description` text NOT NULL,
  `is_approved` tinyint(1) NOT NULL DEFAULT 0,
  `adv_links` varchar(255) NOT NULL,
  `created_at` timestamp NULL DEFAULT NULL,
  `updated_at` timestamp NULL DEFAULT NULL
) ENGINE=InnoDB DEFAULT CHARSET=utf8mb4 COLLATE=utf8mb4_general_ci;

--
-- Dumping data for table `advertisements`
--

INSERT INTO `advertisements` (`id`, `title`, `position`, `type`, `image`, `description`, `is_approved`, `adv_links`, `created_at`, `updated_at`) VALUES
(2, 'ladskfjlak', 'after_featured_products', 'ecommerce', 'adver/download_1748321477.jpeg', 'alsdfjlakjfds', 1, 'Aliquip voluptates q', '2025-05-01 14:06:15', '2025-05-27 08:51:17'),
(3, 'asdlfjlak', 'after_discounted_products', 'ecommerce', 'adver/54k1BDcVN025eWAo6wLtv3GUPdhUqoF8hY2tXU0P_1755006755.jpg', 'asdfjlk', 1, 'ljclks', '2025-05-01 14:11:01', '2025-08-12 10:52:35'),
(4, 'Summer Sale', 'after_vendors', 'ecommerce', 'adver/seller-banner_1748321559.png', 'Up to 50% off on selected electronics, fashion, and more!', 1, 'alksdfj alkd', '2025-05-21 09:31:26', '2025-05-27 08:52:39'),
(6, 'lkdajflsk', 'after_best_seller_product_list', 'restaurant', 'adver/photo_2025-05-27_01-22-05_1748324667.jpg', 'aslfjdskf', 1, 'askldfj', '2025-05-27 08:46:14', '2025-05-27 09:44:27'),
(7, 'alskdfj', 'after_all_restaurants', 'restaurant', 'adver/photo_2025-05-27_01-22-05_1748324684.jpg', 'asldkfa lkfjldaskfj laks', 1, 'asdlkfaslkfd', '2025-05-27 08:46:39', '2025-05-27 09:44:44'),
(8, 'dsalkfja', 'after_discount_hotels', 'hotel', 'adver/download_1748321330.jpeg', 'lsadkf lkasjlfkd asldf', 1, 'asldkf', '2025-05-27 08:48:50', '2025-05-27 08:48:55'),
(9, 'asdlfjlksd', 'after_latest_rooms', 'hotel', 'adver/banner-5_1748321362.png', 'asdlkfjal jflksdajf laskf', 1, 'askdfjlak', '2025-05-27 08:49:22', '2025-05-27 08:49:22'),
(10, 'kasldjf lksj', 'after_latest_hotels', 'hotel', 'adver/download_1748321384.jpeg', 'asdfjlksadfalk', 1, 'asdfjslj', '2025-05-27 08:49:44', '2025-05-27 08:49:44'),
(11, 'lkasdfjl', 'after_special_offer_product_list', 'restaurant', 'adver/photo_2025-05-27_01-21-31_1748324409.jpg', 'lksadf', 1, 'lkasdfkl', '2025-05-27 09:32:31', '2025-05-27 09:40:09');

-- --------------------------------------------------------

--
-- Table structure for table `amenities`
--

CREATE TABLE `amenities` (
  `id` bigint(20) UNSIGNED NOT NULL,
  `name` varchar(255) NOT NULL,
  `icon` varchar(255) DEFAULT NULL,
  `created_at` timestamp NOT NULL DEFAULT current_timestamp()
) ENGINE=InnoDB DEFAULT CHARSET=utf8mb4 COLLATE=utf8mb4_general_ci;

--
-- Dumping data for table `amenities`
--

INSERT INTO `amenities` (`id`, `name`, `icon`, `created_at`) VALUES
(1, 'Free Wi-Fi', 'icons/OSHjtEVNNjVPX63jIZ8aoPGOJcZA6evo40a5xNar.png', '2025-04-01 22:13:12'),
(2, 'Swimming Pool', 'icons/F8CdAaOWlHHNDOcBzP4RE5HVrVezz5x5wMJBrQG6.png', '2025-04-01 22:13:12'),
(3, 'Fitness Center', 'icons/pUQ1pqdJOTzjhstmh0gxKhbziQsWqkIzHtPgFN2t.png', '2025-04-01 22:13:12'),
(8, 'Pet-Friendly', 'icons/IBhzI2XXhJTtatwpW0SPvC3M4oredxWlLiwvcP6C.png', '2025-04-01 22:13:12'),
(12, 'laksdjf', 'icons/FNsNTtNPc7skldHhVLp6VoIBBP9q4Xe1OStHCWlo.png', '2025-06-10 11:48:01');

-- --------------------------------------------------------

--
-- Table structure for table `appsettings`
--

CREATE TABLE `appsettings` (
  `id` bigint(20) UNSIGNED NOT NULL,
  `application_title` varchar(255) DEFAULT NULL,
  `description` varchar(255) DEFAULT NULL,
  `address` varchar(255) DEFAULT NULL,
  `email_address` varchar(255) DEFAULT NULL,
  `phone_no` varchar(255) DEFAULT NULL,
  `favicon` varchar(255) DEFAULT NULL,
  `logo` varchar(255) DEFAULT NULL,
  `footer_image` varchar(255) DEFAULT NULL,
  `language` varchar(255) DEFAULT NULL,
  `time_zone` varchar(255) DEFAULT NULL,
  `footer_text` text DEFAULT NULL,
  `facebook` varchar(255) DEFAULT NULL,
  `twitter` varchar(255) DEFAULT NULL,
  `whatsapp` varchar(255) DEFAULT NULL,
  `youtube` varchar(255) DEFAULT NULL,
  `panel_icon` varchar(255) DEFAULT NULL,
  `panel_footer_text` varchar(255) DEFAULT NULL,
  `created_at` timestamp NULL DEFAULT NULL,
  `updated_at` timestamp NULL DEFAULT NULL
) ENGINE=InnoDB DEFAULT CHARSET=utf8mb4 COLLATE=utf8mb4_unicode_ci;

--
-- Dumping data for table `appsettings`
--

INSERT INTO `appsettings` (`id`, `application_title`, `description`, `address`, `email_address`, `phone_no`, `favicon`, `logo`, `footer_image`, `language`, `time_zone`, `footer_text`, `facebook`, `twitter`, `whatsapp`, `youtube`, `panel_icon`, `panel_footer_text`, `created_at`, `updated_at`) VALUES
(1, 'myeasyhub', 'A Myeasycommerce website is a platform where multiple sellers can sell their products or services. This type of marketplace is also sometimes called a \"marketplace model\" or \"online marketplace\". Some of the most popular examples of Multi Vendor e', 'Ethiopia,Adama,04', 'yared@gmail.com', '0912651113', 'http://127.0.0.1:9000/storage/appsettings/fa674128-f215-491c-a8e7-7366a4c0bf88_removalai_preview_1748245852.png', 'http://127.0.0.1:9000/storage/appsettings/fa674128-f215-491c-a8e7-7366a4c0bf88_removalai_preview_1748245852.png', 'http://127.0.0.1:8000/storage/appsettings/logo_1746098159.png', 'Engilsh', 'ETH', 'Myeasycommerce vendor ecommerce website is a platform where multiple sellers can sell their products or services.', 'www.facebook.com', 'www.twitter.co', 'www.whatapp.com', 'www.youtube.com', 'http://127.0.0.1:9000/storage/appsettings/fa674128-f215-491c-a8e7-7366a4c0bf88_removalai_preview_1748245852.png', ' Copyright Myeasycommerce. All Rights Reserved.', '2023-05-18 02:58:04', '2025-05-26 11:50:52');

-- --------------------------------------------------------

--
-- Table structure for table `apps_countries`
--

CREATE TABLE `apps_countries` (
  `id` int(11) NOT NULL,
  `country_code` varchar(2) NOT NULL DEFAULT '',
  `country_name` varchar(100) NOT NULL DEFAULT '',
  `status` int(25) DEFAULT 0,
  `updated_at` timestamp NULL DEFAULT NULL,
  `created_at` timestamp NULL DEFAULT NULL
) ENGINE=InnoDB DEFAULT CHARSET=utf8mb4 COLLATE=utf8mb4_general_ci;

--
-- Dumping data for table `apps_countries`
--

INSERT INTO `apps_countries` (`id`, `country_code`, `country_name`, `status`, `updated_at`, `created_at`) VALUES
(2, 'ET', 'Ethiopia', 1, '2023-12-06 12:53:54', '2023-12-06 12:54:12');

-- --------------------------------------------------------

--
-- Table structure for table `assign_stock_product_to_delivery`
--

CREATE TABLE `assign_stock_product_to_delivery` (
  `id` bigint(20) UNSIGNED NOT NULL,
  `delivery_man_id` bigint(20) UNSIGNED NOT NULL,
  `transfer_stock_product_id` bigint(20) UNSIGNED NOT NULL,
  `created_at` timestamp NULL DEFAULT NULL,
  `updated_at` timestamp NULL DEFAULT NULL
) ENGINE=InnoDB DEFAULT CHARSET=utf8mb4 COLLATE=utf8mb4_unicode_ci;

-- --------------------------------------------------------

--
-- Table structure for table `banks`
--

CREATE TABLE `banks` (
  `id` int(11) NOT NULL,
  `bank_name` varchar(255) DEFAULT NULL,
  `account_number` varchar(255) DEFAULT NULL,
  `created_at` timestamp NOT NULL DEFAULT current_timestamp(),
  `updated_at` timestamp NOT NULL DEFAULT current_timestamp()
) ENGINE=InnoDB DEFAULT CHARSET=utf8mb4 COLLATE=utf8mb4_general_ci;

--
-- Dumping data for table `banks`
--

INSERT INTO `banks` (`id`, `bank_name`, `account_number`, `created_at`, `updated_at`) VALUES
(2, 'CBE', '1000000949499', '2025-05-12 10:02:54', '2025-05-12 10:02:54'),
(3, 'Awash Bank', '014444444444444444', '2025-05-12 10:03:09', '2025-05-12 10:03:09');

-- --------------------------------------------------------

--
-- Table structure for table `banner`
--

CREATE TABLE `banner` (
  `id` bigint(20) UNSIGNED NOT NULL,
  `image` varchar(255) DEFAULT NULL,
  `type` varchar(255) NOT NULL,
  `link` varchar(255) NOT NULL,
  `title` varchar(255) NOT NULL,
  `alt` varchar(255) NOT NULL,
  `status` tinyint(4) NOT NULL,
  `created_at` timestamp NULL DEFAULT NULL,
  `updated_at` timestamp NULL DEFAULT NULL
) ENGINE=InnoDB DEFAULT CHARSET=utf8mb4 COLLATE=utf8mb4_unicode_ci;

--
-- Dumping data for table `banner`
--

INSERT INTO `banner` (`id`, `image`, `type`, `link`, `title`, `alt`, `status`, `created_at`, `updated_at`) VALUES
(1, '2023-06-13-64885cfee404f_1754114014.png', 'Slider', 'Et est voluptas dele', 'Ut modi pariatur Nu', 'Elit dolore dolor p', 1, '2023-12-06 20:20:15', '2025-08-02 09:53:34'),
(8, '2023-06-13-64885cdaaf0d6_1754114023.png', 'Fix', 'Expedita est omnis m', 'Quia error consectet', 'Provident qui dolor', 1, '2024-01-03 05:59:11', '2025-08-02 09:53:43'),
(9, '2023-06-13-64885ce9c7119_1754114034.png', 'Slider', 'Illum sint aliqua', 'Ex vel autem eveniet', 'Numquam illum totam', 1, '2024-01-30 03:43:19', '2025-08-02 09:53:54'),
(10, '2023-06-13-64885d11cf334_1754114044.png', 'Fix', 'lkasdjflksaj', 'asdlfjlkf', 'asdlkfjlk', 1, '2025-05-01 15:08:21', '2025-08-02 09:54:04');

-- --------------------------------------------------------

--
-- Table structure for table `blogs`
--

CREATE TABLE `blogs` (
  `id` bigint(20) UNSIGNED NOT NULL,
  `title` varchar(255) NOT NULL,
  `description` text NOT NULL,
  `category_id` bigint(20) UNSIGNED NOT NULL,
  `status` varchar(255) NOT NULL DEFAULT '0',
  `image` varchar(255) DEFAULT NULL,
  `added_by` varchar(255) NOT NULL DEFAULT 'admin',
  `created_at` timestamp NULL DEFAULT NULL,
  `updated_at` timestamp NULL DEFAULT NULL
) ENGINE=InnoDB DEFAULT CHARSET=utf8mb4 COLLATE=utf8mb4_unicode_ci;

--
-- Dumping data for table `blogs`
--

INSERT INTO `blogs` (`id`, `title`, `description`, `category_id`, `status`, `image`, `added_by`, `created_at`, `updated_at`) VALUES
(3, 'The Ultimate Guide to Online Shopping: How to Make the Most of Your Ecommerce Experience', '<p>Blog 1: \"The Ultimate Guide to Online Shopping: How to Make the Most of Your Ecommerce Experience\" Welcome to the digital age of shopping! Ecommerce has revolutionized the way we buy and sell goods, providing convenience and accessibility like never before. In this comprehensive guide, we\'ll explore tips and tricks to enhance your online shopping experience and make the most of the vast world of ecommerce. 1. Research Before You Click Before adding items to your cart, take some time to research products, read reviews, and compare prices. This ensures you make informed decisions and get the best value for your money. 2. Take Advantage of Discounts and Promotions Ecommerce platforms frequently offer discounts, promotions, and special deals. Keep an eye out for these opportunities to save money on your purchases. Subscribe to newsletters, follow social media accounts, and use coupon codes during checkout for extra savings. 3. Utilize Filters for a Seamless Shopping Experience Ecommerce websites often have a wide range of products, and finding what you need can be overwhelming. Take advantage of filters to narrow down your search based on price, brand, size, and other criteria. This makes the shopping process efficient and enjoyable. 4. Secure Your Transactions Safety first! Ensure that the ecommerce website you\'re using has secure payment options. Look for \"https://\" in the URL, use trusted payment gateways, and avoid saving sensitive information on public computers. 5. Explore User-Friendly Apps Many ecommerce platforms offer user-friendly mobile apps that make shopping on the go a breeze. Downloading these apps can provide you with exclusive discounts, push notifications for sales, and a seamless shopping experience. Remember, the key to a successful online shopping experience is a combination of research, smart decision-making, and taking advantage of available promotions. Happy shopping! Blog 2: \"Top 5 Must-Have Gadgets for the Modern Home: Your Ultimate Ecommerce Wishlist\" In the fast-paced world of technology, our homes are becoming smarter and more connected than ever. Whether you\'re a tech enthusiast or just looking to upgrade your living space, here\'s a curated list of must-have gadgets available through ecommerce platforms: 1. Smart Home Assistants Bring the future into your home with smart home assistants like Amazon Echo or Google Home. These devices can control your lights, thermostat, and even provide real-time weather updatesall with just a voice command. 2. Robot Vacuum Cleaners Say goodbye to tedious housework with a robot vacuum cleaner. Ecommerce platforms offer a variety of options that can automatically clean your floors, allowing you to spend more time on things you love. 3. Wireless Charging Stations Tired of dealing with tangled cables? Opt for a wireless charging station for your smartphones, smartwatches, and other compatible devices. This sleek and efficient solution is available on many ecommerce sites. 4. Smart Security Systems Enhance the safety of your home with a smart security system. These systems often include cameras, motion detectors, and door/window sensors that you can monitor remotely through a mobile app. Find the perfect one for your needs on your favorite ecommerce platform. 5. Virtual Reality Headsets Immerse yourself in a virtual world with a high-quality VR headset. Whether you\'re into gaming, virtual travel, or educational experiences, ecommerce platforms offer a range of options to suit your preferences. Transform your home into a tech-savvy haven by exploring these gadgets available on ecommerce websites. Embrace the future of convenience and innovation!<br></p>', 5, '1', 'blog/54k1BDcVN025eWAo6wLtv3GUPdhUqoF8hY2tXU0P_1755075232.jpg', 'Admins', '2024-02-03 02:32:37', '2025-08-13 05:53:52'),
(4, 'alksdjf lkfdas', 'adslkfj klasdfj alkjfaklsdfaslkf', 1, '1', 'blog/Screenshot 2025-05-29 075806_1754113619.png', 'Admins', '2025-05-01 12:20:09', '2025-08-13 08:31:07');

-- --------------------------------------------------------

--
-- Table structure for table `blog_categories`
--

CREATE TABLE `blog_categories` (
  `id` bigint(20) UNSIGNED NOT NULL,
  `name` varchar(255) NOT NULL,
  `status` varchar(255) NOT NULL,
  `created_at` timestamp NULL DEFAULT NULL,
  `updated_at` timestamp NULL DEFAULT NULL
) ENGINE=InnoDB DEFAULT CHARSET=utf8mb4 COLLATE=utf8mb4_unicode_ci;

--
-- Dumping data for table `blog_categories`
--

INSERT INTO `blog_categories` (`id`, `name`, `status`, `created_at`, `updated_at`) VALUES
(1, 'Newsss', '1', '2023-12-25 22:12:49', '2025-08-13 08:30:47'),
(3, 'Photography', '1', '2023-12-25 22:14:29', '2023-12-25 22:14:29'),
(5, 'Creative', '1', '2023-12-25 22:14:56', '2023-12-25 22:14:56');

-- --------------------------------------------------------

--
-- Table structure for table `blog_comments`
--

CREATE TABLE `blog_comments` (
  `id` bigint(20) UNSIGNED NOT NULL,
  `blog_id` bigint(20) UNSIGNED NOT NULL,
  `comment` text NOT NULL,
  `fullname` varchar(255) DEFAULT NULL,
  `email` varchar(255) DEFAULT NULL,
  `status` varchar(255) NOT NULL DEFAULT '1',
  `created_at` timestamp NULL DEFAULT NULL,
  `updated_at` timestamp NULL DEFAULT NULL
) ENGINE=InnoDB DEFAULT CHARSET=utf8mb4 COLLATE=utf8mb4_unicode_ci;

-- --------------------------------------------------------

--
-- Table structure for table `brands`
--

CREATE TABLE `brands` (
  `id` bigint(20) UNSIGNED NOT NULL,
  `name` varchar(255) NOT NULL,
  `image` varchar(255) DEFAULT NULL,
  `status` tinyint(4) NOT NULL DEFAULT 1,
  `created_at` timestamp NULL DEFAULT NULL,
  `updated_at` timestamp NULL DEFAULT NULL
) ENGINE=InnoDB DEFAULT CHARSET=utf8mb4 COLLATE=utf8mb4_unicode_ci;

--
-- Dumping data for table `brands`
--

INSERT INTO `brands` (`id`, `name`, `image`, `status`, `created_at`, `updated_at`) VALUES
(1, 'Nikes', 'brand/2023-06-13-6488168607589_1754115583.png', 1, '2023-01-01 18:00:00', '2025-08-02 10:19:43'),
(2, 'Adidas', 'brand/2023-06-13-6488157db5915_1754115610.png', 1, '2023-01-02 19:00:00', '2025-08-02 10:20:10'),
(3, 'Apple', 'brand/2023-06-13-6488170a50252_1754115556.png', 1, '2023-01-03 20:00:00', '2025-08-02 10:19:16'),
(4, 'Samsung', 'brand/2023-06-13-648818d67d892_1754115624.png', 1, '2023-01-04 21:00:00', '2025-08-02 10:20:24'),
(5, 'Sony', 'brand/2023-06-13-6488153b45156_1754115542.png', 1, '2023-01-05 22:00:00', '2025-08-02 10:19:02'),
(6, 'Amazon', 'brand/2023-06-13-6488185184120_1754115530.png', 1, '2023-01-06 23:00:00', '2025-08-02 10:18:50'),
(7, 'Microsoft', 'brand/2023-06-13-6488168607589_1754115520.png', 1, '2023-01-08 00:00:00', '2025-08-02 10:18:40'),
(8, 'Google', 'brand/2023-06-13-648816175f1ce_1754115511.png', 1, '2023-01-09 01:00:00', '2025-08-02 10:18:31'),
(9, 'Puma update', 'brand/2023-06-13-64881805bdb1c_1754115501.png', 1, '2023-01-10 02:00:00', '2025-08-13 07:26:06'),
(11, 'Coca-Cola', 'brand/2023-06-13-6488170a50252_1754115491.png', 1, '2023-01-12 04:00:00', '2025-08-02 10:18:11'),
(12, 'Tesla', 'brand/2023-06-13-6488157db5915_1754115481.png', 1, '2023-01-13 05:00:00', '2025-08-02 10:18:01'),
(14, 'Toyota', 'brand/2023-06-13-6488153b45156_1754115471.png', 1, '2023-01-15 07:00:00', '2025-08-02 10:17:51'),
(15, 'McDonald\'s', 'brand/2023-06-13-648818d67d892_1754115461.png', 1, '2023-01-16 08:00:00', '2025-08-02 10:17:41'),
(18, 'other', 'brand/2023-06-13-64881884d9d3e_1754115569.png', 1, NULL, '2025-08-02 10:19:30'),
(19, 'lkasdfkla', 'brand/2023-06-13-648817bc90d1b_1754115451.png', 1, '2025-05-01 13:17:25', '2025-08-02 10:17:31'),
(20, 'kalsfj', 'brand/2023-06-13-64882e182ba2c_1754115376.png', 1, '2025-08-02 10:16:16', '2025-08-02 10:16:16');

-- --------------------------------------------------------

--
-- Table structure for table `carts`
--

CREATE TABLE `carts` (
  `id` bigint(20) UNSIGNED NOT NULL,
  `session_id` varchar(255) NOT NULL,
  `user_id` bigint(20) UNSIGNED DEFAULT NULL,
  `product_id` bigint(20) UNSIGNED NOT NULL,
  `size` varchar(255) DEFAULT NULL,
  `quantity` int(11) NOT NULL,
  `created_at` timestamp NULL DEFAULT NULL,
  `updated_at` timestamp NULL DEFAULT NULL
) ENGINE=InnoDB DEFAULT CHARSET=utf8mb4 COLLATE=utf8mb4_unicode_ci;

--
-- Dumping data for table `carts`
--

INSERT INTO `carts` (`id`, `session_id`, `user_id`, `product_id`, `size`, `quantity`, `created_at`, `updated_at`) VALUES
(70, '1a7f2ddc64317bc3855cc44c62467fae', 4, 15, NULL, 1, '2025-08-06 12:37:57', '2025-08-06 12:37:57'),
(71, 'b4b2320e8e2af42247acb9ea5b35ef11', 4, 8, NULL, 2, '2025-08-13 07:13:54', '2025-08-13 07:13:54');

-- --------------------------------------------------------

--
-- Table structure for table `categories`
--

CREATE TABLE `categories` (
  `id` bigint(20) UNSIGNED NOT NULL,
  `group_id` bigint(20) UNSIGNED NOT NULL,
  `parent_id` int(25) DEFAULT NULL,
  `name` varchar(255) DEFAULT NULL,
  `image` varchar(255) DEFAULT NULL,
  `banner_image` mediumtext DEFAULT NULL,
  `discount` int(11) DEFAULT NULL,
  `description` text DEFAULT NULL,
  `url` varchar(255) DEFAULT NULL,
  `meta_title` varchar(255) DEFAULT NULL,
  `meta_description` varchar(255) DEFAULT NULL,
  `meta_keywords` varchar(255) DEFAULT NULL,
  `status` tinyint(4) DEFAULT NULL,
  `created_at` timestamp NULL DEFAULT NULL,
  `updated_at` timestamp NULL DEFAULT NULL
) ENGINE=InnoDB DEFAULT CHARSET=utf8mb4 COLLATE=utf8mb4_unicode_ci;

--
-- Dumping data for table `categories`
--

INSERT INTO `categories` (`id`, `group_id`, `parent_id`, `name`, `image`, `banner_image`, `discount`, `description`, `url`, `meta_title`, `meta_description`, `meta_keywords`, `status`, `created_at`, `updated_at`) VALUES
(3, 1, 0, 'Smartphonesss', 'category/2023-06-13-64881a1265b65_1754115015.png', 'category/2023-06-13-64881b1462dd9_1754115015.png', 5, 'Find the best smartphones from top brands.', 'smartphones', 'Best Smartphones - Latest Mobile Phones', 'Browse and buy the latest smartphones online.', 'smartphones, mobile phones, technology', 1, NULL, '2025-08-13 06:45:26'),
(5, 2, 0, 'Men\'s Clothing', 'category/2023-06-13-64881a1265b65_1754115047.png', 'category/2023-06-13-64881a1265b65_1754115047.png', 21, 'Shop the latest men\'s fashion trends and styles.', 'mens-clothing', 'Men\'s Clothing - Trendy Fashion for Men', 'Explore trendy clothing for men online.', 'mens clothing, fashion, apparel', 1, NULL, '2025-08-02 10:10:47'),
(6, 2, 0, 'Women\'s Clothing', 'category/2023-06-13-64881fc8d29c5_1754115081.png', 'category/2023-06-13-64881fc8d29c5_1754115081.png', 1, 'Discover the latest women\'s fashion and styles.', 'womens-clothing', 'Women\'s Clothing - Fashion for Women', 'Explore trendy clothing for women online.', 'womens clothing, fashion, apparel', 1, NULL, '2025-08-02 10:11:21'),
(7, 1, 0, 'Books', 'category/2023-06-13-6488209a179ec_1754115090.png', '2023-06-13-64881f8652a_1705349966.png', 0, 'Dive into the world of books - fiction, non-fiction, and more.', 'books', 'Online Bookstore - Best Reads, Great Deals', 'Explore a vast collection of books online.', 'books, reading, literature', 1, NULL, '2025-08-02 10:11:30'),
(12, 2, 0, 'Furniture', 'category/2023-06-13-6488211a870e0_1754115101.png', '2023-06-13-6488211a870e0_1706769783.png', 20, 'Discover stylish and functional furniture for your home.', 'furniture', 'Furniture Store - Stylish Home Furnishings', 'Explore a wide range of furniture options.', 'furniture, home, decor', 1, NULL, '2025-08-02 10:11:41'),
(15, 2, 0, 'Sports', 'category/2023-06-13-64882013626e6_1754115112.png', '2023-06-13-64882013626e_1706769881.png', 22, 'Find sports equipment and gear for various sports.', 'sports', 'Sports Store - Gear up for Your Game', 'Browse sports equipment and gear online.', 'sports, athletics, gear', 1, NULL, '2025-08-02 10:11:52'),
(17, 1, 0, 'Cameras', 'category/2023-06-13-64881969b0222_1754115123.png', NULL, 1, 'dasfsdfa', 'camera', NULL, NULL, NULL, 1, '2023-12-20 23:41:47', '2025-08-02 10:12:03'),
(19, 7, 0, 'Beauty', 'category/2023-06-13-648820557a5a9_1754115135.png', NULL, 2, 'Tempor in dolores an', 'Maxime vel id ipsa', 'Enim rerum repellend', 'Et omnis ipsa aut s', 'Obcaecati quo volupt', 1, '2023-12-25 10:59:27', '2025-08-02 10:12:15'),
(22, 12, 0, 'Home & Furniture', 'category/2023-06-13-64882013626e6_1754115147.png', '2023-06-13-6488211a870e0_1732519270.png', 5, 'Enhance your home with our furniture collection', '/home-furniture', 'Home & Furniture - Decorate Your Space', 'Furnish your home with our quality furniture', 'home, furniture, decor', 1, '2024-01-30 05:49:52', '2025-08-02 10:12:27'),
(26, 9, 0, 'Books & Literature', 'category/2023-06-13-64881ebad53d0_1754115157.png', 'books_banner.jpg', 0, 'Immerse yourself in the world of literature', '/books-literature', 'Books & Literature - Read and Explore', 'Find your next great read with our book collection', 'books, literature, reading', 1, '2024-01-30 05:49:52', '2025-08-02 10:12:37'),
(29, 1, 0, 'Laptops', 'category/2023-06-13-64881f86528da_1754115167.png', '2023-06-13-64881b1462dd9_1732519238.png', 7, 'Upgrade your vehicle with our automotive products', '/automotive', 'Automotive - Drive in Style', 'Enhance your ride with our automotive accessories', 'automotive, car, accessories', 1, '2024-01-30 05:49:52', '2025-08-02 10:12:47'),
(30, 4, 0, 'ladskjfl', 'category/2023-06-13-64881db930473_1754115065.png', 'category/2023-06-13-64881e123c2dd_1754115065.png', 1, 'lsdjflakjf', 'asdljfla.com', 'asdjfkl', 'alkdjfalk', 'asdlfjlkaf', 1, '2025-05-01 13:12:10', '2025-08-02 10:11:05'),
(31, 9, 0, 'Books & Literature', 'category/2023-06-13-64881ebad53d0_1754115157.png', 'books_banner.jpg', 0, 'Immerse yourself in the world of literature', '/books-literatureasldfja', 'Books & Literature - Read and Explore', 'Find your next great read with our book collection', 'books, literature, reading', 1, '2024-01-30 05:49:52', '2025-08-02 10:12:37'),
(32, 1, 0, 'Laptops', 'category/2023-06-13-64881f86528da_1754115167.png', '2023-06-13-64881b1462dd9_1732519238.png', 7, 'Upgrade your vehicle with our automotive products', '/automotivealskdfj', 'Automotive - Drive in Style', 'Enhance your ride with our automotive accessories', 'automotive, car, accessories', 1, '2024-01-30 05:49:52', '2025-08-02 10:12:47'),
(33, 4, 0, 'ladskjfl', 'category/2023-06-13-64881db930473_1754115065.png', 'category/2023-06-13-64881e123c2dd_1754115065.png', 1, 'lsdjflakjf', 'asdljfla.comaskdlfj', 'asdjfkl', 'alkdjfalk', 'asdlfjlkaf', 1, '2025-05-01 13:12:10', '2025-08-02 10:11:05');

-- --------------------------------------------------------

--
-- Table structure for table `cities`
--

CREATE TABLE `cities` (
  `id` bigint(20) UNSIGNED NOT NULL,
  `name` varchar(255) NOT NULL,
  `states_id` bigint(20) UNSIGNED DEFAULT NULL,
  `status` varchar(255) DEFAULT NULL,
  `created_at` timestamp NULL DEFAULT NULL,
  `updated_at` timestamp NULL DEFAULT NULL
) ENGINE=InnoDB DEFAULT CHARSET=utf8mb4 COLLATE=utf8mb4_general_ci;

--
-- Dumping data for table `cities`
--

INSERT INTO `cities` (`id`, `name`, `states_id`, `status`, `created_at`, `updated_at`) VALUES
(1, 'Adama', 1, '1', '2023-11-25 22:44:07', '2025-03-12 18:12:21'),
(2, 'Addis Ababa', 9, '1', '2023-11-25 22:44:17', '2025-03-12 18:20:13'),
(3, 'Gondar', NULL, '1', '2023-11-25 22:44:26', '2023-11-25 22:44:26'),
(4, 'Wellega', NULL, '1', '2023-11-25 22:44:35', '2023-11-25 22:44:35'),
(5, 'Bahir Dar', NULL, '1', '2023-11-25 22:45:01', '2023-11-25 23:21:46'),
(6, 'Harar', NULL, '1', '2023-11-25 22:45:09', '2023-11-25 22:45:09'),
(7, 'Desse', 1, '1', '2023-11-25 22:45:17', '2023-11-25 22:45:17'),
(8, 'Hawassa', 1, '1', '2023-11-25 22:45:25', '2023-11-25 22:45:25'),
(9, 'Mekele', 1, '1', '2023-11-25 22:45:39', '2023-11-25 22:50:05'),
(11, 'Jimma', 1, '1', '2023-11-25 22:47:15', '2023-11-25 22:47:15'),
(12, 'Jijiga', NULL, '1', '2023-11-25 22:47:38', '2023-11-25 22:47:38'),
(13, 'Kombolcha', NULL, '1', '2023-11-25 22:47:49', '2023-11-25 22:47:49'),
(14, 'Micah Avery', 2, '1', '2025-03-12 18:12:34', '2025-03-12 18:12:34');

-- --------------------------------------------------------

--
-- Table structure for table `cms_pages`
--

CREATE TABLE `cms_pages` (
  `id` bigint(20) UNSIGNED NOT NULL,
  `title` varchar(255) DEFAULT NULL,
  `description` text DEFAULT NULL,
  `url` varchar(255) DEFAULT NULL,
  `meta_title` varchar(255) DEFAULT NULL,
  `meta_description` varchar(255) DEFAULT NULL,
  `meta_keywords` varchar(255) DEFAULT NULL,
  `status` tinyint(4) DEFAULT NULL,
  `created_at` timestamp NULL DEFAULT NULL,
  `updated_at` timestamp NULL DEFAULT NULL
) ENGINE=InnoDB DEFAULT CHARSET=utf8mb4 COLLATE=utf8mb4_general_ci;

--
-- Dumping data for table `cms_pages`
--

INSERT INTO `cms_pages` (`id`, `title`, `description`, `url`, `meta_title`, `meta_description`, `meta_keywords`, `status`, `created_at`, `updated_at`) VALUES
(2, 'Privacy Policy', 'Content is Coming soons yared', 'privacy-policy', 'Privacy Policy', 'Privacy Policy of Multivendor Website', 'privacy policy', 1, '2023-05-11 21:20:41', '2023-07-22 08:39:16'),
(7, 'Delivery & Returns', 'Repellendus In enim', 'delivery_and_return', 'Dignissimos eum dolo', 'Vel voluptate molest', 'Ut officiis id anim', 1, '2023-07-22 08:40:33', '2023-07-22 08:40:33'),
(8, 'Shipping Policy', '<ul><li><b>Shipping Policy<o:p></o:p></b></li></ul>\r\n\r\n<p>1. Shipping Methods and Timelines<o:p></o:p></p>\r\n\r\n<p class=\"MsoNormal\">Our multi-vendor platform collaborates with various sellers,\r\neach with their unique shipping methods and timelines. Shipping methods offered\r\ninclude standard, expedited, and express shipping. Please refer to the product\r\npage for specific shipping information provided by each vendor.<o:p></o:p></p>\r\n\r\n<p class=\"MsoNormal\">2. Processing Time<o:p></o:p></p>\r\n\r\n<p class=\"MsoNormal\">Orders typically require 1-3 business days for processing\r\nbefore shipment. However, please note that processing times may vary for\r\nindividual vendors. Customers will receive an email confirmation with tracking\r\ndetails once the order has been shipped.<o:p></o:p></p>\r\n\r\n<p class=\"MsoNormal\">3. Shipping Costs<o:p></o:p></p>\r\n\r\n<p class=\"MsoNormal\">Shipping costs are determined by the individual vendors. The\r\nshipping fees are displayed at checkout and may vary based on the shipping\r\nmethod selected, destination, and weight/size of the item(s) purchased.<o:p></o:p></p>\r\n\r\n<p class=\"MsoNormal\">4. International Shipping<o:p></o:p></p>\r\n\r\n<p class=\"MsoNormal\">We collaborate with vendors worldwide to provide\r\ninternational shipping. Customers are responsible for any customs duties,\r\ntaxes, or import fees that may apply to international orders.<o:p></o:p></p>\r\n\r\n<p class=\"MsoNormal\">5. Order Consolidation<o:p></o:p></p>\r\n\r\n<p class=\"MsoNormal\">Orders containing items from multiple vendors may arrive in\r\nseparate packages and have different delivery dates based on each vendor\'s\r\nlocation and processing time. We aim to consolidate orders where feasible to\r\nminimize shipping costs and reduce environmental impact.<o:p></o:p></p>\r\n\r\n<p class=\"MsoNormal\">6. Shipping Address Accuracy<o:p></o:p></p>\r\n\r\n<p class=\"MsoNormal\">Customers are responsible for providing accurate shipping\r\ninformation. Please double-check the shipping address entered during checkout.\r\nAny additional charges incurred due to incorrect address information will be\r\nthe responsibility of the customer.<o:p></o:p></p>\r\n\r\n<p class=\"MsoNormal\">7. Order Tracking<o:p></o:p></p>\r\n\r\n<p class=\"MsoNormal\">Once orders are processed and shipped, customers will\r\nreceive tracking information via email to monitor the shipment\'s progress. For\r\nany concerns or inquiries regarding tracking, please reach out to the vendor\r\ndirectly or our customer support team for assistance.<o:p></o:p></p>\r\n\r\n<p class=\"MsoNormal\">8. Delays and Exceptions<o:p></o:p></p>\r\n\r\n<p class=\"MsoNormal\">While vendors strive to meet estimated shipping times,\r\nunforeseen circumstances such as weather delays or carrier issues may impact\r\ndelivery schedules.&nbsp;<o:p></o:p></p>', 'shipping_policy', 'Error reiciendis est', 'recusandae', 'Qui ut maxime offici', 1, '2023-07-22 08:40:58', '2023-11-27 22:33:39'),
(9, 'Terms-and-Conditions', 'Qui irure minima min', 'terms_and_conditions', 'Velit cupidatat qui', 'Blanditiis eius expe', 'Minus eius ullamco s', 1, '2023-07-22 08:41:47', '2023-07-27 19:58:41'),
(10, 'Refund_Policy', 'In est pariatur Ut', 'refund_policy', 'Rerum blanditiis iur', 'Saepe commodi volupt', 'Cupidatat velit omni', 1, '2023-07-22 08:42:27', '2023-07-27 19:58:28');

-- --------------------------------------------------------

--
-- Table structure for table `colors`
--

CREATE TABLE `colors` (
  `id` bigint(20) UNSIGNED NOT NULL,
  `name` varchar(255) NOT NULL,
  `color` varchar(255) NOT NULL,
  `status` varchar(255) NOT NULL,
  `created_at` timestamp NULL DEFAULT NULL,
  `updated_at` timestamp NULL DEFAULT NULL
) ENGINE=InnoDB DEFAULT CHARSET=utf8mb4 COLLATE=utf8mb4_unicode_ci;

--
-- Dumping data for table `colors`
--

INSERT INTO `colors` (`id`, `name`, `color`, `status`, `created_at`, `updated_at`) VALUES
(3, 'Blue', '#345ea2', '1', '2023-12-06 18:46:07', '2023-12-06 18:46:07'),
(4, 'Red', '#ff0000', '1', '2023-12-07 19:15:23', '2023-12-07 19:15:23'),
(5, 'Green', '#00ff00', '1', '2023-12-08 20:30:45', '2023-12-08 20:30:45'),
(6, 'Yellow', '#ffff00', '1', '2023-12-09 21:45:12', '2023-12-09 21:45:12'),
(7, 'Purple', '#800080', '1', '2023-12-10 22:55:32', '2023-12-10 22:55:32'),
(8, 'Orange', '#ffa500', '1', '2023-12-11 23:25:11', '2023-12-11 23:25:11'),
(9, 'Pink', '#ff69b4', '1', '2023-12-13 00:40:22', '2023-12-13 00:40:22'),
(10, 'Brown', '#a52a2a', '1', '2023-12-14 01:55:18', '2023-12-14 01:55:18'),
(11, 'White', '#ffffff', '1', '2023-12-15 02:10:29', '2023-12-15 02:10:29'),
(12, 'Black', '#000000', '1', '2023-12-16 03:20:41', '2023-12-16 03:20:41'),
(13, 'Cyan', '#00ffff', '1', '2023-12-17 04:30:55', '2023-12-17 04:30:55'),
(14, 'alsdkf', '#982f2f', '1', '2025-06-10 10:58:17', '2025-06-10 10:58:17');

-- --------------------------------------------------------

--
-- Table structure for table `coupons`
--

CREATE TABLE `coupons` (
  `id` bigint(20) UNSIGNED NOT NULL,
  `vendor_id` bigint(20) UNSIGNED DEFAULT 0,
  `coupon_option` varchar(255) DEFAULT NULL,
  `coupon_code` varchar(255) DEFAULT NULL,
  `categories` text DEFAULT NULL,
  `brands` text DEFAULT NULL,
  `users` text DEFAULT NULL,
  `coupon_type` varchar(255) DEFAULT NULL,
  `amount_type` varchar(255) DEFAULT NULL,
  `amount` double(8,2) DEFAULT NULL,
  `expiry_date` date DEFAULT NULL,
  `status` tinyint(4) DEFAULT NULL,
  `created_at` timestamp NULL DEFAULT NULL,
  `updated_at` timestamp NULL DEFAULT NULL
) ENGINE=InnoDB DEFAULT CHARSET=utf8mb4 COLLATE=utf8mb4_unicode_ci;

--
-- Dumping data for table `coupons`
--

INSERT INTO `coupons` (`id`, `vendor_id`, `coupon_option`, `coupon_code`, `categories`, `brands`, `users`, `coupon_type`, `amount_type`, `amount`, `expiry_date`, `status`, `created_at`, `updated_at`) VALUES
(3, 61, NULL, 'Today', '3,7', '2,3,4,5,8,9,15', 'customer@gmail.com,yared@gmail.com,tehepa@mailinator.com,lylosy@mailinator.com', 'Multiple Times', 'Fixed', 4.00, '2025-10-28', 1, '2024-02-03 02:38:41', '2025-04-29 13:10:56');

-- --------------------------------------------------------

--
-- Table structure for table `currencies`
--

CREATE TABLE `currencies` (
  `id` int(255) NOT NULL,
  `name` varchar(255) NOT NULL,
  `symbol` varchar(255) NOT NULL,
  `exchange_rate` float NOT NULL,
  `code` varchar(255) NOT NULL,
  `created_at` timestamp NULL DEFAULT NULL,
  `updated_at` timestamp NULL DEFAULT NULL
) ENGINE=InnoDB DEFAULT CHARSET=utf8mb4 COLLATE=utf8mb4_general_ci;

--
-- Dumping data for table `currencies`
--

INSERT INTO `currencies` (`id`, `name`, `symbol`, `exchange_rate`, `code`, `created_at`, `updated_at`) VALUES
(1, 'Birr', 'ETB', 1, 'ETB', '2024-01-21 07:11:06', '2024-02-01 10:31:11'),
(2, 'Dollar', '$', 0.0177933, 'USD', '2024-01-21 07:11:06', '2024-02-01 10:43:01');

-- --------------------------------------------------------

--
-- Table structure for table `custom_order`
--

CREATE TABLE `custom_order` (
  `id` int(11) NOT NULL,
  `customer_name` varchar(255) DEFAULT NULL,
  `order_number` varchar(255) DEFAULT NULL,
  `phone_number` varchar(255) DEFAULT NULL,
  `user_code` varchar(255) DEFAULT NULL,
  `status` varchar(255) NOT NULL DEFAULT 'pending',
  `delivery_boy_id` varchar(255) DEFAULT NULL,
  `delivery_status` varchar(255) DEFAULT 'pending',
  `updated_at` timestamp NULL DEFAULT NULL,
  `created_at` timestamp NULL DEFAULT NULL
) ENGINE=InnoDB DEFAULT CHARSET=utf8mb4 COLLATE=utf8mb4_general_ci;

--
-- Dumping data for table `custom_order`
--

INSERT INTO `custom_order` (`id`, `customer_name`, `order_number`, `phone_number`, `user_code`, `status`, `delivery_boy_id`, `delivery_status`, `updated_at`, `created_at`) VALUES
(2, 'temesgen', '00006580', '0941832246', '2863', 'approved', '1', 'Pending', '2025-05-26 10:32:05', '2023-12-08 06:13:51'),
(4, 'Pandora Harrington', '00008994', '37', '0432', 'pending', '1', 'Delivered', '2024-02-04 19:00:37', '2024-01-19 17:00:48'),
(5, 'Rebecca Robinson', '00006865', '403', '6032', 'pending', '1', 'Delivered', '2024-02-04 19:07:37', '2024-02-05 00:05:32'),
(6, 'Rebecca Robinson', '00009562', '403', '9851', 'pending', '1', 'Delivered', '2024-02-04 19:07:51', '2024-02-05 00:05:45'),
(7, 'Rebecca Robinson', '00006990', '403', '5796', 'approved', '99', 'Delivered', '2024-02-05 00:08:15', '2024-02-05 00:05:46'),
(9, 'yared', '00004013', '09126511113', '5618', 'pending', '99', NULL, '2024-02-05 15:10:28', '2024-02-05 15:10:28'),
(10, 'yared', '00002750', '09126511113', '3576', 'pending', NULL, NULL, '2024-02-05 15:10:31', '2024-02-05 15:10:31'),
(11, 'yared', '00007290', '0', '1609', 'pending', NULL, NULL, '2024-02-05 15:40:23', '2024-02-05 15:40:23'),
(12, 'Baxter Rich', '00008017', '613', '7689', 'pending', NULL, 'Pending', '2025-04-28 11:52:42', '2025-04-28 11:52:42'),
(13, 'Marsden Gallagher', '00003246', '596', '8128', 'pending', NULL, 'pending', '2025-04-28 12:50:16', '2025-04-28 12:50:16'),
(14, 'Sydney Chambers', '00003124', '86', '6116', 'pending', NULL, 'pending', '2025-04-28 12:51:38', '2025-04-28 12:51:38'),
(15, 'Lesley Hayes', '00006679', '662', '8514', 'pending', NULL, 'pending', '2025-04-28 12:54:22', '2025-04-28 12:54:22');

-- --------------------------------------------------------

--
-- Table structure for table `custom_order_products`
--

CREATE TABLE `custom_order_products` (
  `id` int(11) NOT NULL,
  `product_name` varchar(255) DEFAULT NULL,
  `quantity` int(11) DEFAULT NULL,
  `description` text DEFAULT NULL,
  `delivery_address` text DEFAULT NULL,
  `order_id` int(11) DEFAULT NULL,
  `vendor_code` varchar(255) DEFAULT NULL,
  `delivery_status` varchar(255) DEFAULT NULL,
  `updated_at` timestamp NULL DEFAULT NULL,
  `created_at` timestamp NULL DEFAULT NULL
) ENGINE=InnoDB DEFAULT CHARSET=utf8mb4 COLLATE=utf8mb4_general_ci;

--
-- Dumping data for table `custom_order_products`
--

INSERT INTO `custom_order_products` (`id`, `product_name`, `quantity`, `description`, `delivery_address`, `order_id`, `vendor_code`, `delivery_status`, `updated_at`, `created_at`) VALUES
(1, 'Cody Ayers', 380, 'Provident eius inve', 'Perspiciatis dolore', 5, '7631', NULL, '2024-02-05 00:05:32', '2024-02-05 00:05:32'),
(2, 'Yuri Woods', 6, 'Recusandae Sequi to', 'Quo sit harum ea vo', 5, '7631', NULL, '2024-02-05 00:05:32', '2024-02-05 00:05:32'),
(3, 'Lev Munoz', 521, 'Aut qui dolorem porr', 'Sit et esse except', 5, '7631', NULL, '2024-02-05 00:05:32', '2024-02-05 00:05:32'),
(4, 'Cody Ayers', 380, 'Provident eius inve', 'Perspiciatis dolore', 6, '4298', NULL, '2024-02-05 00:05:45', '2024-02-05 00:05:45'),
(5, 'Yuri Woods', 6, 'Recusandae Sequi to', 'Quo sit harum ea vo', 6, '4298', NULL, '2024-02-05 00:05:45', '2024-02-05 00:05:45'),
(6, 'Lev Munoz', 521, 'Aut qui dolorem porr', 'Sit et esse except', 6, '4298', NULL, '2024-02-05 00:05:45', '2024-02-05 00:05:45'),
(7, 'Cody Ayers', 380, 'Provident eius inve', 'Perspiciatis dolore', 7, '9118', NULL, '2024-02-05 00:05:46', '2024-02-05 00:05:46'),
(8, 'Yuri Woods', 6, 'Recusandae Sequi to', 'Quo sit harum ea vo', 7, '9118', NULL, '2024-02-05 00:05:46', '2024-02-05 00:05:46'),
(9, 'Lev Munoz', 521, 'Aut qui dolorem porr', 'Sit et esse except', 7, '9118', NULL, '2024-02-05 00:05:46', '2024-02-05 00:05:46'),
(13, 'lsadkjfklads', 10, 'aldfkjalskjf', 'aslfjalkjfd', 9, '5544', NULL, '2024-02-05 15:10:28', '2024-02-05 15:10:28'),
(14, 'lsadkjfklads', 10, 'aldfkjalskjf', 'aslfjalkjfd', 10, '1124', NULL, '2024-02-05 15:10:31', '2024-02-05 15:10:31'),
(15, 'lsadkjfklads', 10, 'ih', 'hj', 11, '1351', NULL, '2024-02-05 15:40:23', '2024-02-05 15:40:23'),
(16, 'Barclay Carr', 961, 'Praesentium est vel', 'Sunt est omnis ex es', 12, '7415', NULL, '2025-04-28 11:52:42', '2025-04-28 11:52:42'),
(17, 'Bert French', 538, 'Dolor ut sint invent', 'Explicabo Assumenda', 13, '6576', NULL, '2025-04-28 12:50:16', '2025-04-28 12:50:16'),
(18, 'Hilary Reyes', 182, 'Accusamus reprehende', 'Sed numquam perspici', 14, '9251', NULL, '2025-04-28 12:51:38', '2025-04-28 12:51:38'),
(19, 'Simon Bullock', 70, 'Eos sunt ullam et d', 'Voluptate commodo ex', 15, '9856', NULL, '2025-04-28 12:54:22', '2025-04-28 12:54:22');

-- --------------------------------------------------------

--
-- Table structure for table `deliverymen`
--

CREATE TABLE `deliverymen` (
  `id` bigint(20) UNSIGNED NOT NULL,
  `first_name` varchar(255) NOT NULL,
  `last_name` varchar(255) NOT NULL,
  `phone` varchar(255) NOT NULL,
  `salary` varchar(255) DEFAULT NULL,
  `identity_type` varchar(255) NOT NULL,
  `identity_number` varchar(255) NOT NULL,
  `address` varchar(255) NOT NULL,
  `country` varchar(255) DEFAULT NULL,
  `state` varchar(255) DEFAULT NULL,
  `city` varchar(255) DEFAULT NULL,
  `email` varchar(255) NOT NULL,
  `password` varchar(255) NOT NULL,
  `delivery_man_image` varchar(255) DEFAULT NULL,
  `identity_image` varchar(255) DEFAULT NULL,
  `driving_license_number` varchar(255) DEFAULT NULL,
  `vehicle_type` varchar(255) DEFAULT NULL,
  `vehicle_capacity` varchar(255) DEFAULT NULL,
  `delivery_zone` varchar(255) DEFAULT NULL,
  `delivery_man_type` varchar(255) DEFAULT NULL,
  `driving_license_image` varchar(255) DEFAULT NULL,
  `total_earn` varchar(255) NOT NULL DEFAULT '0',
  `status` varchar(255) NOT NULL DEFAULT 'available',
  `is_active` int(1) NOT NULL DEFAULT 0,
  `current_lat` varchar(255) DEFAULT NULL,
  `current_lng` varchar(255) DEFAULT NULL,
  `created_at` timestamp NULL DEFAULT NULL,
  `updated_at` timestamp NULL DEFAULT NULL
) ENGINE=InnoDB DEFAULT CHARSET=utf8mb4 COLLATE=utf8mb4_unicode_ci;

--
-- Dumping data for table `deliverymen`
--

INSERT INTO `deliverymen` (`id`, `first_name`, `last_name`, `phone`, `salary`, `identity_type`, `identity_number`, `address`, `country`, `state`, `city`, `email`, `password`, `delivery_man_image`, `identity_image`, `driving_license_number`, `vehicle_type`, `vehicle_capacity`, `delivery_zone`, `delivery_man_type`, `driving_license_image`, `total_earn`, `status`, `is_active`, `current_lat`, `current_lng`, `created_at`, `updated_at`) VALUES
(1, 'yared', 'ayele', '0912651113', '10000', 'passport', '11111111110101', 'Adama', 'Ethiopia', 'Oromia', 'Adama', 'delivery@gmail.com', '$2y$12$mSdvkSv.uG9A7TB9N.DasemgAbg86MyXB1AQ0aT1WnmdUK5JjJkI.', 'on th way_1747818819.png', 'Screenshot 2023-11-09 124230_1699683401.png', '105', NULL, 'Addis Ababa, Ethiopia', 'Adama,14', 'Employee', 'flash_1700988136.jpg', '26', 'available', 1, '9.0013696', '38.7678208', '2023-11-11 21:16:41', '2025-06-09 11:36:21'),
(2, 'Elizabeth', 'Greer', '+1 (239) 273-3259', NULL, 'Possimus eos qui c', '437', 'Molestiae sint volup', 'Ethiopia', 'Benishangul-Gumuz', 'Adama', 'tepyricab@mailinator.com', '$2y$10$u9oZuKaZHzwcivwzGWyCTOiyDRx./2eET5ZB389zzNX.Ig1nqsLiC', 'average-height-in-men-in-india_900_1701983118.jpg', 'online-shopping-spring-on-phone-flower-pink-big-sale-banner-marketing-poster-fashion-vector_1701983118.jpg', '932', NULL, '6', 'Adama,14', 'Freelance', 'online-shopping-on-phone-buy-sell-business-digital-web-banner-application-money-advertising-payment-ecommerce-illustration-search-free-vector_1701983118.jpg', '0', 'delivering', 1, '8.988153599400707', '38.78492255390384', '2023-11-26 22:54:38', '2025-08-15 05:08:52'),
(3, 'betsi', 'Robles', '+1 (528) 335-7304', NULL, 'Tempor sapiente nece', '925', 'Eaque minima corpori', 'Ethiopia', 'Somail', 'Adama', 'kopyjoxy@mailinator.com', '$2y$10$oTzOThMa6xOEKv8E0gPkw.zics8cvjammoNqK0lFDRglevtZ4TUyC', 'pexels-photo-5082976_1701983147.png', 'portrait-of-a-handsome-black-man_1701983147.png', '617', NULL, '100', 'Adama,14', 'Contractual', 'online-shopping-on-phone-buy-sell-business-digital-web-banner-application-money-advertising-payment-ecommerce-illustration-search-free-vector_1701983147.jpg', '0', 'available', 0, '9.000032745864333', '38.781539687970984', '2023-11-26 22:57:13', '2023-12-25 18:23:11'),
(5, 'Piper', 'Carver', '+1 (858) 311-9551', NULL, 'Debitis corporis per', '918', 'Sit labore a corpor', 'Ethiopia', 'Dire Dawa', 'Adama', 'xawozu@mailinator.com', '$2y$10$efjfAmfJZyHihMqwrWxPvOUh/hd6ndb1C/i8HC8VVVZR9wc9pOFWi', 'patient-care-assistants-blog (1) (3)_1703492551.jpg', 'patient-care-assistants-blog (1)_1703492551.jpg', '897', 'car', 'car', 'Adama,14', 'Employee', 'patient-care-assistants-blog (1) (2)_1703492551.jpg', '0', 'available', 0, NULL, NULL, '2023-12-25 18:22:31', '2023-12-25 18:22:49'),
(6, 'Allen', 'Reese', '+1 (572) 947-7784', NULL, 'Est pariatur Ducimu', '331', 'Facere provident se', 'Ethiopia', 'Amahra', 'Hawassa', 'pyfyzac@mailinator.com', '$2y$12$PgiHEE37.8L508mCkB6Ii.Qy/.ialoslTd5wLRWeZN5vZh/xo173a', '1hEKqNUzJl5c12_1677135172_1716972376.jpg', '7ivIDXvo4n637d_1691040028_1716972376.jpg', '867', 'trucker', 'Iure dolorem delectu', 'Adama,04', 'Contractual', '9-94061_brown-t-shirt-png-image-brown-t-shirt_1673549423_1716972376.png', '0', 'available', 0, NULL, NULL, '2024-05-29 12:46:16', '2024-05-29 12:46:29'),
(7, 'Neil', 'Hester', '+1 (448) 253-2886', NULL, 'Exercitationem excep', '61', 'Commodo ullam volupt', 'Ethiopia', 'Benishangul-Gumuz', 'Mekele', 'zawy@mailinator.com', '$2y$12$LviMI30jPJeTZHS7u2q8Tegi9epEqqWLUtzD.OyKEd4zsMdZx6wau', '1hEKqNUzJl72b1_1677135142_1716973028.jpg', '9-94061_brown-t-shirt-png-image-brown-t-shirt_1673549423_1716973028.png', '590', 'car', 'Accusamus voluptate', 'Adama,14', 'Contractual', NULL, '0', 'delivering', 0, NULL, NULL, '2024-05-29 12:57:08', '2025-05-26 10:31:33'),
(8, 'kajdslkjf', 'asdkfljalkf', '0909090909', NULL, 'asldfjlak', 'alsdfjlakf', 'alsdfjlakf', 'Ethiopia', 'Somail', 'Jimma', 'asdljfalk@gmail.com', '$2y$12$XJz2EsfrnijgQ3.tH0weD.d6.iGZggfXZhz5vaim0I32ApocE8KWW', 'http://127.0.0.1:8000/storage/delivery_man/category_1746093598.png', 'http://127.0.0.1:8000/storage/delivery_man/plus_button_1746093598.png', 'asdlkfjalk', 'car', 'adslkjfl', 'Adama,04', 'Contractual', 'http://127.0.0.1:8000/storage/delivery_man/product1_1746093598.png', '0', 'delivering', 0, NULL, NULL, '2025-05-01 13:58:48', '2025-05-26 10:31:57'),
(9, 'Florence', 'Ramsey', '+1 (222) 323-7034', '10000', 'Consequat Dolor ani', '452', 'Pariatur Est aliqua', 'Ethiopia', 'Gambela', 'Hawassa', 'bevejasiku@mailinator.com', '$2y$12$cIVUUIewpfnH0riSIj2GFu7oEMyDBO.PkuIw0W9Qb7PqNqxTLqD7G', 'http://127.0.0.1:8000/storage/delivery_man/Screenshot 2025-05-15 091828_1747383786.png', 'http://127.0.0.1:8000/storage/delivery_man/ChatGPT Image May 2, 2025, 08_14_32 AM_1747383786.png', '355', 'car', 'Impedit voluptates', 'Adama,04', 'Contractual', 'http://127.0.0.1:8000/storage/delivery_man/Screenshot 2025-05-15 091828_1747383786.png', '0', 'available', 0, NULL, NULL, '2025-05-16 12:23:06', '2025-05-16 12:23:06'),
(10, 'Quentin', 'Rasmussen', '+1 (526) 291-7663', NULL, 'Rerum molestiae et q', '17', 'Quia consectetur rep', 'Ethiopia', 'Dire Dawa', 'Hawassa', 'dekowyky@mailinator.com', '$2y$12$dfKsK.feN15dNAsA0do4.euPdHxyyGkz4bjTj8omVHPYYv.YB7Rrq', 'http://127.0.0.1:9000/storage/delivery_man/player_comparison_1749453639.png', 'http://127.0.0.1:9000/storage/delivery_man/Screenshot 2025-06-09 021158_1749453639.png', '945', 'car', NULL, 'Adama,14', NULL, 'http://127.0.0.1:9000/storage/delivery_man/Screenshot 2025-06-09 021158_1749453639.png', '0', 'available', 0, NULL, NULL, '2025-06-09 11:20:39', '2025-06-09 11:33:50'),
(13, 'Fuller', 'Sosa', '+1 (265) 425-1039', NULL, 'Dolor ex veritatis n', '183', 'Enim blanditiis eum', 'Ethiopia', 'Beau Durham', 'Addis Ababa', 'lebawysag@mailinator.com', '$2y$12$ME7e/aaqWOyYrcgF7Mqunef94yNQDE0lyS3iYt9wHozgTRJ5Axu56', 'http://127.0.0.1:9000/storage/delivery_man/player_comparison_1749453818.png', 'http://127.0.0.1:9000/storage/delivery_man/Screenshot 2025-06-09 021158_1749453818.png', '69', 'trucker', NULL, 'Adama,14', NULL, 'http://127.0.0.1:9000/storage/delivery_man/Screenshot 2025-06-09 021158_1749453818.png', '0', 'available', 1, NULL, NULL, '2025-06-09 11:23:38', '2025-06-09 11:33:41'),
(14, 'Yetta', 'Alford', '+1 (291) 498-2221', NULL, 'Aperiam cum aliquam', '119', 'Illo obcaecati volup', 'Ethiopia', 'Beau Durham', 'Bahir Dar', 'xalu@mailinator.com', '$2y$12$U4FJISxxjnmMD/TtzVm6au2phuL0UVQcleHkEW8xvzDQa3tVIQHBK', 'http://127.0.0.1:9000/storage/delivery_man/player_comparison_1749453843.png', 'http://127.0.0.1:9000/storage/delivery_man/Screenshot 2025-06-09 021158_1749453843.png', '318', 'trucker', NULL, 'Adama,14', NULL, 'http://127.0.0.1:9000/storage/delivery_man/Screenshot 2025-06-09 021158_1749453843.png', '0', 'available', 1, NULL, NULL, '2025-06-09 11:24:03', '2025-06-09 11:33:46'),
(15, 'Ariel', 'Keith', '+1 (208) 702-5285', NULL, 'Minima quibusdam pos', '719', 'Velit quam maxime cu', 'Ethiopia', 'Gambela', 'Hawassa', 'fegajed@mailinator.com', '$2y$12$VDRa1yov8T5X/W5nd28BY.8YDnLwkymcgNZFbnvmLoaFDTQTVMDuu', 'http://127.0.0.1:9000/storage/delivery_man/Screenshot 2025-06-09 021158_1749453883.png', 'http://127.0.0.1:9000/storage/delivery_man/Screenshot 2025-06-09 021158_1749453883.png', '894', 'trucker', NULL, 'Adama,04', NULL, 'http://127.0.0.1:9000/storage/delivery_man/Screenshot 2025-06-09 021158_1749453883.png', '0', 'available', 0, NULL, NULL, '2025-06-09 11:24:43', '2025-06-09 11:24:43');

-- --------------------------------------------------------

--
-- Table structure for table `delivery_address`
--

CREATE TABLE `delivery_address` (
  `id` bigint(20) UNSIGNED NOT NULL,
  `user_id` bigint(20) UNSIGNED DEFAULT NULL,
  `name` varchar(255) DEFAULT NULL,
  `address` varchar(255) DEFAULT NULL,
  `city` varchar(255) DEFAULT NULL,
  `sub_city` varchar(255) DEFAULT NULL,
  `street` varchar(255) DEFAULT NULL,
  `state` varchar(255) DEFAULT NULL,
  `country` varchar(255) DEFAULT NULL,
  `pincode` varchar(255) DEFAULT NULL,
  `mobile` varchar(255) DEFAULT NULL,
  `latitude` float DEFAULT NULL,
  `longitude` float DEFAULT NULL,
  `status` tinyint(4) DEFAULT 1,
  `created_at` timestamp NULL DEFAULT NULL,
  `updated_at` timestamp NULL DEFAULT NULL
) ENGINE=InnoDB DEFAULT CHARSET=utf8mb4 COLLATE=utf8mb4_unicode_ci;

--
-- Dumping data for table `delivery_address`
--

INSERT INTO `delivery_address` (`id`, `user_id`, `name`, `address`, `city`, `sub_city`, `street`, `state`, `country`, `pincode`, `mobile`, `latitude`, `longitude`, `status`, `created_at`, `updated_at`) VALUES
(6, 4, 'Brian Cline', 'Ut consequat Earum', 'harar', 'Officiis consequatur', 'Cumque odit expedita', 'Ad veritatis invento', 'Voluptas sit et lab', 'Eius et soluta earum', '99', 9.02127, 38.7544, 1, '2025-03-13 10:40:08', '2025-03-13 10:40:08'),
(11, 4, 'Mariam Small', 'In qui tempora ipsa', 'harar', NULL, NULL, NULL, '2', 'Ea corrupti sint qu', '39', 9.02127, 38.7544, 1, '2025-04-21 22:40:55', '2025-04-21 22:40:55'),
(12, 5, 'updated latest', 'asldfjka', 'harar', '1', 'Jackson Bowman', '1', '2', '1000', '0912651113', 9.00571, 38.8083, 1, '2025-05-06 14:59:23', '2025-05-06 14:59:23'),
(14, 5, 'Yared Ayele', 'Addisu gebya, Addis ababa', 'harar', '1', 'Jackson Bowman', '1', '2', '1000', '0912651113', 9.03199, 38.7213, 1, '2025-05-08 14:58:47', '2025-05-08 14:58:47'),
(16, 4, 'yohannes Girma', 'Sululta', '7', NULL, NULL, '1', '2', 'Dolorem vitae repudi', '0919819933', 9.59209, 41.8604, 1, '2025-08-06 11:46:16', '2025-08-06 11:46:16'),
(17, 4, 'Yared Ayele Debela', 'Addis gebeya, Addis Ababa new', '', '', '', '', '2', '1000', '0912687879', 9.60487, 41.8585, 1, '2025-08-07 13:39:12', '2025-08-07 13:39:12'),
(18, 4, NULL, 'TotalEnergies DIRE DAWA KEZIRA SERVICE STATION, dire dewa', '', '', '', '', '', '', '0910101010', 9.59433, 41.8622, 1, '2025-08-18 02:56:37', '2025-08-18 02:56:37');

-- --------------------------------------------------------

--
-- Table structure for table `delivery_man_tips`
--

CREATE TABLE `delivery_man_tips` (
  `id` bigint(20) UNSIGNED NOT NULL,
  `delivery_man_id` bigint(20) UNSIGNED NOT NULL,
  `order_type` enum('restaurant','goods') DEFAULT NULL,
  `order_id` bigint(20) UNSIGNED NOT NULL,
  `tip_amount` varchar(255) DEFAULT NULL,
  `status` enum('pending','earned','withdrawn') DEFAULT 'pending',
  `created_at` timestamp NULL DEFAULT current_timestamp(),
  `updated_at` timestamp NOT NULL DEFAULT current_timestamp()
) ENGINE=InnoDB DEFAULT CHARSET=utf8mb4 COLLATE=utf8mb4_general_ci;

--
-- Dumping data for table `delivery_man_tips`
--

INSERT INTO `delivery_man_tips` (`id`, `delivery_man_id`, `order_type`, `order_id`, `tip_amount`, `status`, `created_at`, `updated_at`) VALUES
(7, 1, 'restaurant', 23, '10', 'pending', '2025-05-16 12:40:11', '2025-05-16 12:40:11'),
(8, 1, 'goods', 73, '20', 'pending', '2025-05-16 12:56:31', '2025-05-16 12:56:31');

-- --------------------------------------------------------

--
-- Table structure for table `delivery_man_withdraw_requests`
--

CREATE TABLE `delivery_man_withdraw_requests` (
  `id` bigint(20) UNSIGNED NOT NULL,
  `delivery_man_id` bigint(20) UNSIGNED NOT NULL,
  `amount` bigint(20) UNSIGNED NOT NULL,
  `status` enum('pending','approved','rejected') DEFAULT 'pending',
  `created_at` timestamp NULL DEFAULT current_timestamp(),
  `approved_at` timestamp NULL DEFAULT NULL,
  `updated_at` timestamp NOT NULL DEFAULT current_timestamp()
) ENGINE=InnoDB DEFAULT CHARSET=utf8mb4 COLLATE=utf8mb4_general_ci;

--
-- Dumping data for table `delivery_man_withdraw_requests`
--

INSERT INTO `delivery_man_withdraw_requests` (`id`, `delivery_man_id`, `amount`, `status`, `created_at`, `approved_at`, `updated_at`) VALUES
(3, 1, 2, 'approved', '2025-05-13 16:27:31', NULL, '2025-05-13 16:27:31'),
(4, 1, 2, 'approved', '2025-05-13 16:28:53', '2025-05-13 16:32:20', '2025-05-13 16:32:20'),
(5, 1, 1, 'approved', '2025-05-13 16:42:12', '2025-05-13 16:42:20', '2025-05-13 16:42:20'),
(6, 1, 1, 'rejected', '2025-05-13 16:53:48', NULL, '2025-05-13 16:54:46'),
(7, 1, 4, 'approved', '2025-05-16 12:42:10', '2025-05-24 15:44:24', '2025-05-24 15:44:24');

-- --------------------------------------------------------

--
-- Table structure for table `delivery_notifications`
--

CREATE TABLE `delivery_notifications` (
  `id` int(11) NOT NULL,
  `order_id` bigint(20) UNSIGNED DEFAULT NULL,
  `delivery_man_id` int(11) DEFAULT NULL,
  `status` enum('pending','accepted','declined') NOT NULL DEFAULT 'pending',
  `seen_status` varchar(255) DEFAULT 'new',
  `created_at` timestamp NOT NULL DEFAULT current_timestamp(),
  `updated_at` timestamp NOT NULL DEFAULT current_timestamp()
) ENGINE=InnoDB DEFAULT CHARSET=utf8mb4 COLLATE=utf8mb4_general_ci;

-- --------------------------------------------------------

--
-- Table structure for table `delivery_settings_ecommerce`
--

CREATE TABLE `delivery_settings_ecommerce` (
  `id` int(20) NOT NULL,
  `fee_per_km` int(255) DEFAULT NULL,
  `base_amount` decimal(10,2) NOT NULL DEFAULT 0.00,
  `created_at` timestamp NOT NULL DEFAULT current_timestamp(),
  `updated_at` timestamp NOT NULL DEFAULT current_timestamp()
) ENGINE=InnoDB DEFAULT CHARSET=utf8mb4 COLLATE=utf8mb4_general_ci;

--
-- Dumping data for table `delivery_settings_ecommerce`
--

INSERT INTO `delivery_settings_ecommerce` (`id`, `fee_per_km`, `base_amount`, `created_at`, `updated_at`) VALUES
(1, 10, 55.00, '2025-08-05 14:01:25', '2025-08-11 03:40:23');

-- --------------------------------------------------------

--
-- Table structure for table `delivery_settings_restaurant`
--

CREATE TABLE `delivery_settings_restaurant` (
  `id` int(20) NOT NULL,
  `fee_per_km` int(255) DEFAULT NULL,
  `base_amount` decimal(10,2) NOT NULL DEFAULT 0.00,
  `created_at` timestamp NOT NULL DEFAULT current_timestamp(),
  `updated_at` timestamp NOT NULL DEFAULT current_timestamp()
) ENGINE=InnoDB DEFAULT CHARSET=utf8mb4 COLLATE=utf8mb4_general_ci;

--
-- Dumping data for table `delivery_settings_restaurant`
--

INSERT INTO `delivery_settings_restaurant` (`id`, `fee_per_km`, `base_amount`, `created_at`, `updated_at`) VALUES
(1, 90, 75.00, '2025-08-05 11:01:25', '2025-08-11 03:53:19');

-- --------------------------------------------------------

--
-- Table structure for table `delivery__boy__roles`
--

CREATE TABLE `delivery__boy__roles` (
  `id` bigint(20) UNSIGNED NOT NULL,
  `delivery_boy_id` bigint(20) UNSIGNED NOT NULL,
  `role_id` bigint(20) UNSIGNED NOT NULL,
  `created_at` timestamp NULL DEFAULT NULL,
  `updated_at` timestamp NULL DEFAULT NULL
) ENGINE=InnoDB DEFAULT CHARSET=utf8mb4 COLLATE=utf8mb4_unicode_ci;

--
-- Dumping data for table `delivery__boy__roles`
--

INSERT INTO `delivery__boy__roles` (`id`, `delivery_boy_id`, `role_id`, `created_at`, `updated_at`) VALUES
(1, 1, 3, NULL, NULL);

-- --------------------------------------------------------

--
-- Table structure for table `delivery__man__types`
--

CREATE TABLE `delivery__man__types` (
  `id` bigint(20) UNSIGNED NOT NULL,
  `name` varchar(255) NOT NULL,
  `status` varchar(255) NOT NULL DEFAULT '0',
  `created_at` timestamp NULL DEFAULT NULL,
  `updated_at` timestamp NULL DEFAULT NULL
) ENGINE=InnoDB DEFAULT CHARSET=utf8mb4 COLLATE=utf8mb4_unicode_ci;

--
-- Dumping data for table `delivery__man__types`
--

INSERT INTO `delivery__man__types` (`id`, `name`, `status`, `created_at`, `updated_at`) VALUES
(1, 'Contractual', '1', NULL, '2023-12-23 04:34:55'),
(2, 'Employee', '1', NULL, '2023-11-27 00:43:26'),
(3, 'Freelance', '1\r\n', NULL, '2023-11-27 00:46:45');

-- --------------------------------------------------------

--
-- Table structure for table `delivery__zones`
--

CREATE TABLE `delivery__zones` (
  `id` bigint(20) UNSIGNED NOT NULL,
  `name` varchar(255) NOT NULL,
  `status` varchar(255) NOT NULL DEFAULT '0',
  `created_at` timestamp NULL DEFAULT NULL,
  `updated_at` timestamp NULL DEFAULT NULL
) ENGINE=InnoDB DEFAULT CHARSET=utf8mb4 COLLATE=utf8mb4_general_ci;

--
-- Dumping data for table `delivery__zones`
--

INSERT INTO `delivery__zones` (`id`, `name`, `status`, `created_at`, `updated_at`) VALUES
(1, 'Adama,04', '1', NULL, '2023-12-19 19:30:25'),
(2, 'Adama,14', '1', NULL, '2024-02-03 02:39:58'),
(4, 'samplekj', '1', '2025-06-09 18:20:09', '2025-06-09 18:21:33'),
(5, 'lajfdklsj', '1', '2025-06-09 18:25:29', '2025-06-09 18:25:29'),
(6, 'kezira', '1', '2025-07-25 11:29:33', '2025-07-25 11:29:43');

-- --------------------------------------------------------

--
-- Table structure for table `discounts`
--

CREATE TABLE `discounts` (
  `id` bigint(20) UNSIGNED NOT NULL,
  `product_id` bigint(20) UNSIGNED DEFAULT NULL,
  `name` varchar(255) NOT NULL,
  `amount` varchar(255) DEFAULT NULL,
  `min_product` varchar(255) DEFAULT NULL,
  `max_product` varchar(255) DEFAULT NULL,
  `discount_type` varchar(255) DEFAULT NULL,
  `status` int(2) NOT NULL DEFAULT 0,
  `created_at` timestamp NULL DEFAULT NULL,
  `updated_at` timestamp NULL DEFAULT NULL
) ENGINE=InnoDB DEFAULT CHARSET=utf8mb4 COLLATE=utf8mb4_unicode_ci;

-- --------------------------------------------------------

--
-- Table structure for table `ecommerce_orders_payment_info`
--

CREATE TABLE `ecommerce_orders_payment_info` (
  `id` int(11) NOT NULL,
  `orders_id` bigint(20) UNSIGNED NOT NULL,
  `user_id` bigint(20) UNSIGNED NOT NULL,
  `bank_name` varchar(255) NOT NULL,
  `transaction_number` varchar(255) NOT NULL,
  `receipt` varchar(255) DEFAULT NULL,
  `amount_paid` decimal(10,2) NOT NULL,
  `payment_status` varchar(255) DEFAULT 'Pending',
  `created_at` timestamp NOT NULL DEFAULT current_timestamp(),
  `updated_at` timestamp NOT NULL DEFAULT current_timestamp() ON UPDATE current_timestamp()
) ENGINE=InnoDB DEFAULT CHARSET=utf8mb4 COLLATE=utf8mb4_general_ci;

--
-- Dumping data for table `ecommerce_orders_payment_info`
--

INSERT INTO `ecommerce_orders_payment_info` (`id`, `orders_id`, `user_id`, `bank_name`, `transaction_number`, `receipt`, `amount_paid`, `payment_status`, `created_at`, `updated_at`) VALUES
(1, 94, 4, 'CBE', '3999999', 'ecommerce/HfNLRZ8CNOzoVYoi2d95961nz23Kr90naEmWTxbH.jpg', 276.25, 'Pending', '2025-04-29 13:34:10', '2025-06-09 09:43:31'),
(2, 95, 4, 'Awash Bank', '494', 'ecommerce/JD50vfJ6nLXadw3RlB66VjO2D6wrrFzNTTPxG68m.jpg', 237.99, 'Pending', '2025-06-09 13:50:05', '2025-06-09 13:50:05');

-- --------------------------------------------------------

--
-- Table structure for table `email_templates`
--

CREATE TABLE `email_templates` (
  `id` bigint(20) UNSIGNED NOT NULL,
  `name` varchar(255) NOT NULL,
  `email` varchar(255) NOT NULL,
  `phone` varchar(255) NOT NULL,
  `address` varchar(255) NOT NULL,
  `status` varchar(255) NOT NULL DEFAULT '1',
  `created_at` timestamp NULL DEFAULT NULL,
  `updated_at` timestamp NULL DEFAULT NULL
) ENGINE=InnoDB DEFAULT CHARSET=utf8mb4 COLLATE=utf8mb4_unicode_ci;

--
-- Dumping data for table `email_templates`
--

INSERT INTO `email_templates` (`id`, `name`, `email`, `phone`, `address`, `status`, `created_at`, `updated_at`) VALUES
(4, 'EthiopMart', 'ethiopmart@gmail.com', '+1 (952) 357-3106', 'Addis Ababa, merkato', '1', '2023-12-07 14:09:24', '2023-12-22 18:47:09');

-- --------------------------------------------------------

--
-- Table structure for table `failed_jobs`
--

CREATE TABLE `failed_jobs` (
  `id` bigint(20) UNSIGNED NOT NULL,
  `uuid` varchar(255) NOT NULL,
  `connection` text NOT NULL,
  `queue` text NOT NULL,
  `payload` longtext NOT NULL,
  `exception` longtext NOT NULL,
  `failed_at` timestamp NULL DEFAULT NULL
) ENGINE=InnoDB DEFAULT CHARSET=utf8mb4 COLLATE=utf8mb4_unicode_ci;

-- --------------------------------------------------------

--
-- Table structure for table `faq`
--

CREATE TABLE `faq` (
  `id` bigint(20) NOT NULL,
  `question` varchar(255) NOT NULL,
  `answer` text NOT NULL,
  `status` varchar(255) NOT NULL DEFAULT '0',
  `created_at` timestamp NULL DEFAULT NULL,
  `updated_at` timestamp NULL DEFAULT NULL
) ENGINE=InnoDB DEFAULT CHARSET=utf8mb4 COLLATE=utf8mb4_unicode_ci;

--
-- Dumping data for table `faq`
--

INSERT INTO `faq` (`id`, `question`, `answer`, `status`, `created_at`, `updated_at`) VALUES
(1, 'How can I become a seller/vendor on the platform?', 'UpdatedAnswer: To become a seller on our platform, you can register as a vendor by filling out the vendor registration form. Once submitted, our team will review your application, and upon approval, you will gain access to your vendor dashboard to manage your products and orders.', '0', NULL, '2025-06-14 14:56:45'),
(2, 'What are the fees and commissions for selling on the platform?', 'Answer: We offer competitive pricing plans for vendors based on their sales volume. Our fees typically include a commission on each successful sale, and we also provide optional subscription packages with added benefits for vendors.', '1', NULL, '2023-07-19 07:08:34'),
(3, 'How are payments processed for orders made from my store?\r\n', 'Answer: When a customer places an order from your store, the payment will be securely processed through our integrated payment gateway. After deducting any applicable fees and commissions, the remaining balance will be transferred to your designated account within the agreed-upon payment cycle.', '1', NULL, '2023-07-19 07:08:37'),
(4, 'How does shipping and order fulfillment work for vendors?', 'Answer: As a vendor, you are responsible for managing the shipping and order fulfillment process for your products. You can set your shipping rates and delivery methods, and the customers will be provided with shipping options during checkout based on the selected products.', '1', NULL, '2023-07-19 07:08:40'),
(5, 'What kind of products can I sell on the platform?', 'Answer: Our platform supports a wide range of products, including physical goods, digital downloads, handmade items, and more. However, certain restricted or prohibited items may not be allowed, and we encourage you to review our vendor guidelines and terms of service.', '1', NULL, '2023-07-19 07:08:43'),
(6, 'How do customer reviews and ratings work for vendors?', 'Answer: Customers can leave reviews and ratings for your products and services based on their shopping experience. Positive reviews can help build trust and credibility for your store, while negative reviews provide opportunities for improvement. Vendors are encouraged to respond to reviews and address customer feedback promptly.', '1', NULL, '2023-07-19 07:08:46'),
(7, 'Is there a customer support system for vendors on the platform?', 'Answer: Yes, we have a dedicated customer support team to assist vendors with any queries or issues they may encounter. You can reach out to our support team through our help center or vendor dashboard for prompt assistance.', '1', NULL, '2023-07-19 07:08:49'),
(8, 'What marketing and promotional tools are available for vendors?', 'Answer: We offer various marketing and promotional features to help vendors increase their visibility and sales. You can run special offers, discounts, and promotions, as well as participate in site-wide sales events and marketing campaigns.', '1', NULL, '2023-08-03 10:03:29'),
(9, 'Sunt at suscipit por', 'Neque velit similiqu', '1', '2025-06-14 14:56:55', '2025-06-14 14:56:55');

-- --------------------------------------------------------

--
-- Table structure for table `flash_deals`
--

CREATE TABLE `flash_deals` (
  `id` bigint(20) UNSIGNED NOT NULL,
  `title` varchar(255) NOT NULL,
  `start_date` varchar(255) DEFAULT NULL,
  `end_date` varchar(255) DEFAULT NULL,
  `status` bigint(20) UNSIGNED DEFAULT 0,
  `featured` bigint(20) UNSIGNED NOT NULL DEFAULT 0,
  `background_color` varchar(255) DEFAULT NULL,
  `text_color` varchar(255) DEFAULT NULL,
  `banner` varchar(255) NOT NULL,
  `slug` varchar(255) NOT NULL,
  `created_at` timestamp NULL DEFAULT NULL,
  `updated_at` timestamp NULL DEFAULT NULL
) ENGINE=InnoDB DEFAULT CHARSET=utf8mb4 COLLATE=utf8mb4_unicode_ci;

--
-- Dumping data for table `flash_deals`
--

INSERT INTO `flash_deals` (`id`, `title`, `start_date`, `end_date`, `status`, `featured`, `background_color`, `text_color`, `banner`, `slug`, `created_at`, `updated_at`) VALUES
(2, 'asldfjlksdjf', '2025-05-20 00:00:00', '2025-08-18 00:00:00', 1, 0, 'akldsfjalk', 'white', 'http://127.0.0.1:8000/storage/banners/chapa1_1746088739.jpeg', 'asldfjlksdjf-Uupxs', '2025-05-01 12:38:59', '2025-08-13 07:29:23'),
(4, 'lasdkjflk', '2025-05-06 12:00:00', '2025-05-24 12:00:00', 0, 0, NULL, NULL, 'http://127.0.0.1:8000/storage/banners/Screenshot 2025-05-21 003225_1747804576.png', 'lasdkjflk-NiIMB', '2025-05-21 09:16:16', '2025-05-21 09:16:16');

-- --------------------------------------------------------

--
-- Table structure for table `flash_deal_products`
--

CREATE TABLE `flash_deal_products` (
  `id` bigint(20) UNSIGNED NOT NULL,
  `flash_deal_id` bigint(20) UNSIGNED NOT NULL,
  `product_id` bigint(20) UNSIGNED NOT NULL,
  `discount` double NOT NULL DEFAULT 0,
  `discount_type` varchar(20) DEFAULT NULL,
  `created_at` timestamp NULL DEFAULT NULL,
  `updated_at` timestamp NULL DEFAULT NULL
) ENGINE=InnoDB DEFAULT CHARSET=utf8mb4 COLLATE=utf8mb4_unicode_ci;

--
-- Dumping data for table `flash_deal_products`
--

INSERT INTO `flash_deal_products` (`id`, `flash_deal_id`, `product_id`, `discount`, `discount_type`, `created_at`, `updated_at`) VALUES
(18, 4, 67, 0, NULL, '2025-05-21 09:16:17', '2025-05-21 09:16:17'),
(19, 2, 3, 0, NULL, '2025-08-13 07:29:23', '2025-08-13 07:29:23');

-- --------------------------------------------------------

--
-- Table structure for table `groups`
--

CREATE TABLE `groups` (
  `id` bigint(20) UNSIGNED NOT NULL,
  `name` varchar(255) NOT NULL,
  `description` mediumtext NOT NULL,
  `status` tinyint(4) NOT NULL DEFAULT 0,
  `created_at` timestamp NULL DEFAULT NULL,
  `updated_at` timestamp NULL DEFAULT NULL
) ENGINE=InnoDB DEFAULT CHARSET=utf8mb4 COLLATE=utf8mb4_unicode_ci;

--
-- Dumping data for table `groups`
--

INSERT INTO `groups` (`id`, `name`, `description`, `status`, `created_at`, `updated_at`) VALUES
(1, 'Electronicss', 'Electronics categorys', 1, '2023-01-15 19:00:00', '2025-08-13 06:39:40'),
(2, 'Clothing', 'Clothing category', 1, '2023-02-20 20:30:00', '2023-12-20 08:13:30'),
(3, 'updated', 'updated', 1, '2023-03-10 21:45:00', '2025-05-01 12:42:42'),
(4, 'Home & Kitchen', 'Home and Kitchen category', 1, '2023-04-05 16:20:00', '2023-12-20 08:13:51'),
(5, 'Toys', 'Toys category', 1, '2023-05-18 22:55:00', '2023-12-20 08:13:59'),
(6, 'Sports', 'Sports category', 1, '2023-06-23 00:10:00', '2023-12-20 08:14:03'),
(7, 'Beauty', 'Beauty category', 1, '2023-07-30 17:45:00', '2023-12-20 08:14:09'),
(8, 'Furniture', 'Furniture category', 1, '2023-08-14 20:25:00', '2023-12-20 08:14:16'),
(9, 'Food', 'Food category', 1, '2023-09-05 18:20:00', '2023-12-20 08:14:21'),
(12, 'Sample', 'askfjskladf', 1, '2024-01-31 01:49:30', '2024-01-25 01:49:30'),
(13, 'Sample 2', 'sadlkfjaklsjfsa', 1, '2024-01-11 01:49:30', '2024-01-11 01:49:30'),
(14, 'sakldjfl', 'alsdfjalsk', 0, '2025-05-01 12:42:11', '2025-05-01 12:42:11');

-- --------------------------------------------------------

--
-- Table structure for table `hotels`
--

CREATE TABLE `hotels` (
  `id` bigint(20) UNSIGNED NOT NULL,
  `admin_id` bigint(20) UNSIGNED DEFAULT NULL,
  `name` varchar(255) NOT NULL,
  `category_id` bigint(20) UNSIGNED DEFAULT NULL,
  `location` varchar(255) NOT NULL,
  `latitude` longtext DEFAULT NULL,
  `longitude` longtext DEFAULT NULL,
  `price_per_night` decimal(8,2) NOT NULL,
  `banner_image` varchar(255) DEFAULT NULL,
  `is_adverted` tinyint(4) NOT NULL DEFAULT 0,
  `rating` decimal(2,1) DEFAULT 0.0,
  `reviews_count` int(11) DEFAULT 0,
  `discount` decimal(5,2) DEFAULT 0.00,
  `is_featured` tinyint(4) NOT NULL DEFAULT 0,
  `is_active` int(2) NOT NULL DEFAULT 1,
  `phone` varchar(20) DEFAULT NULL,
  `description` text DEFAULT NULL,
  `country` varchar(255) DEFAULT NULL,
  `state` varchar(255) DEFAULT NULL,
  `city` varchar(255) DEFAULT NULL,
  `created_at` timestamp NOT NULL DEFAULT current_timestamp(),
  `updated_at` timestamp NOT NULL DEFAULT current_timestamp() ON UPDATE current_timestamp()
) ENGINE=InnoDB DEFAULT CHARSET=utf8mb4 COLLATE=utf8mb4_general_ci;

--
-- Dumping data for table `hotels`
--

INSERT INTO `hotels` (`id`, `admin_id`, `name`, `category_id`, `location`, `latitude`, `longitude`, `price_per_night`, `banner_image`, `is_adverted`, `rating`, `reviews_count`, `discount`, `is_featured`, `is_active`, `phone`, `description`, `country`, `state`, `city`, `created_at`, `updated_at`) VALUES
(15, 18, 'vero', 6, 'Sed dignissimos quis', '9.030696306874866', '38.7617793385735', 84.00, 'hotels/wcsvxorqBL1t2bK4TZONxw3VsLsQFBGQHFhB7Rnl.jpg', 1, 0.0, 0, 27.00, 1, 1, '+1 (663) 622-1967', 'Magni suscipit enim', 'Ethopia', 'Amahra', 'Addis Ababa', '2025-04-09 11:12:31', '2025-08-13 03:12:40'),
(16, 18, '4Sloane Marsh', 4, 'Praesentium deleniti', '9.025271193125928', '38.76847047569243', 639.00, 'hotels/Q2G78DoPlny5xoR88PnaocMtwxX5zBlq4EFEYJcD.jpg', 1, 0.0, 0, 33.00, 0, 1, '+1 (696) 872-9581', 'Reiciendis itaque fu', 'Ethopia', 'Amahra', 'Addis Ababa', '2025-04-09 11:13:03', '2025-08-02 11:50:18'),
(17, 4, '3Cheyenne Blanchard', 11, 'Mollit mollit eos od', '9.01984599778412', '38.776705721377255', 120.00, 'hotels/Bmw0RUi11aoaAviDFZ2EorolcUDWbAwrumpTY9jr.jpg', 1, 0.0, 0, 15.00, 1, 1, '+1 (145) 979-6771', 'Autem deserunt quae', 'Ethopia', 'Amahra', 'Addis Ababa', '2025-04-09 11:13:27', '2025-08-02 11:50:31'),
(18, 4, '2 Long Tucker Foreman', 6, 'Qui quaerat aperiam', '9.0161161', '38.7842547', 96.00, 'hotels/Lyl8BxWibQo9aDjrE0IJ9ebFgoBywjOoWOFD1klW.jpg', 1, 3.8, 0, 33.00, 1, 1, '+1 (539) 718-3663', 'Nestled in the heart of the city, Harmony Grand Hotel offers a perfect blend of elegance, comfort, and world-class hospitality. Whether you\'re visiting for business or leisure, our hotel is designed to provide an unforgettable experience.\r\n\r\nEach of our spacious rooms is thoughtfully designed with modern amenities, plush bedding, and stunning views. Guests can unwind in our rooftop lounge, enjoy international cuisine at our fine dining restaurant, or relax by the serene pool and wellness spa.\r\n\r\nConveniently located near major attractions, shopping centers, and transport hubs, Harmony Grand Hotel is your ideal home away from home.', 'Ethopia', 'Addis Ababa', 'Addis Ababa', '2025-04-09 11:13:38', '2025-08-02 11:50:57'),
(19, 4, 'long distance', 6, 'Dolores perspiciatis', '9.01170805188852', '38.79574972702342', 282.00, 'hotels/JxUHCFxHtZGUZMzOOE6H3GdeynQHTuzPflEHtwyy.jpg', 1, 0.0, 0, 81.00, 0, 1, '+1 (552) 278-5157', 'Voluptatem sit beat', 'Ethopia', 'Addis Ababa', 'Addis Ababa', '2025-04-09 11:13:48', '2025-08-02 11:50:42');

-- --------------------------------------------------------

--
-- Table structure for table `hotel_amenities`
--

CREATE TABLE `hotel_amenities` (
  `id` bigint(20) UNSIGNED NOT NULL,
  `hotel_id` bigint(20) UNSIGNED NOT NULL,
  `amenity_id` bigint(20) UNSIGNED NOT NULL
) ENGINE=InnoDB DEFAULT CHARSET=utf8mb4 COLLATE=utf8mb4_general_ci;

-- --------------------------------------------------------

--
-- Table structure for table `hotel_categories`
--

CREATE TABLE `hotel_categories` (
  `id` bigint(20) UNSIGNED NOT NULL,
  `name` varchar(255) NOT NULL,
  `image` varchar(255) NOT NULL,
  `created_at` timestamp NOT NULL DEFAULT current_timestamp(),
  `updated_at` timestamp NOT NULL DEFAULT current_timestamp() ON UPDATE current_timestamp()
) ENGINE=InnoDB DEFAULT CHARSET=utf8mb4 COLLATE=utf8mb4_general_ci;

--
-- Dumping data for table `hotel_categories`
--

INSERT INTO `hotel_categories` (`id`, `name`, `image`, `created_at`, `updated_at`) VALUES
(1, '1 Star', 'hotel_categories/SuTEd1xPL68FqVBQHmaCvl2nCjgSDVASNoCUvT5o.png', '2025-04-01 22:11:13', '2025-08-02 11:37:38'),
(3, '3 Stars', 'hotel_categories/LPEG5ai6v1TTLmUuqm95PTloQXKe8Yqwe2Gq3l2j.png', '2025-04-01 22:11:13', '2025-08-02 11:37:08'),
(4, '4 Stars', 'hotel_categories/Mr6naz0fAFoeb9JHIt6FHUm9H8fn1QXGnlY6qoPq.png', '2025-04-01 22:11:13', '2025-08-02 11:36:57'),
(6, 'Boutique', 'hotel_categories/JHamq3NMVTzHdBhULUbsTRENjr8RxkuWSl1e0RY5.png', '2025-04-01 22:11:13', '2025-08-02 11:36:48'),
(8, 'Hostel', 'hotel_categories/FFbC2aS3qT6L6Y6DtkvCEYraqU7jW9Y9o5uWU1QD.png', '2025-04-01 22:11:13', '2025-08-02 11:37:51'),
(9, 'Bed & Breakfast', 'hotel_categories/O3AN1STzYnP0KyNlaGWh2wNHNZ6yC9IoSqnHZwrN.png', '2025-04-01 22:11:13', '2025-08-02 11:38:00'),
(11, 'updated', 'hotel_categories/XE89BIW9GXHgpX8g5MX8gk507GJjzt3outARVUVE.png', '2025-04-04 13:52:17', '2025-08-02 11:37:19'),
(12, 'Express', 'hotel_categories/aG2cqEO2d2O8zzSBAQvcPQ682miV2kfXWhlFliA7.png', '2025-05-01 10:46:30', '2025-08-12 10:34:47'),
(13, 'lkasdjf', 'hotel_categories/fQmWki41Bkr1eDZwKSm4RU0b1K2wmUtixGTuVmgj.png', '2025-06-10 15:50:38', '2025-08-02 11:36:30');

-- --------------------------------------------------------

--
-- Table structure for table `hotel_coupons`
--

CREATE TABLE `hotel_coupons` (
  `id` bigint(20) UNSIGNED NOT NULL,
  `admin_id` bigint(20) UNSIGNED DEFAULT NULL,
  `code` varchar(255) NOT NULL,
  `type` enum('fixed','percent') NOT NULL,
  `value` decimal(8,2) NOT NULL,
  `usage_limit` int(11) DEFAULT NULL,
  `used` int(11) DEFAULT 0,
  `expires_at` date DEFAULT NULL,
  `created_at` timestamp NULL DEFAULT NULL,
  `updated_at` timestamp NULL DEFAULT NULL
) ENGINE=InnoDB DEFAULT CHARSET=utf8mb4 COLLATE=utf8mb4_general_ci;

--
-- Dumping data for table `hotel_coupons`
--

INSERT INTO `hotel_coupons` (`id`, `admin_id`, `code`, `type`, `value`, `usage_limit`, `used`, `expires_at`, `created_at`, `updated_at`) VALUES
(3, 4, 'Nisi illo natus ex o', 'percent', 93.00, 79, 0, '1989-02-08', '2025-04-11 10:59:14', '2025-04-11 10:59:14'),
(4, 4, 'Sed et quam necessit', 'fixed', 1.30, 94, 0, NULL, '2025-06-10 15:49:41', '2025-07-22 00:54:27'),
(5, 4, 'Hello', 'fixed', 4.00, 1, 0, '2026-07-09', '2025-07-22 00:54:57', '2025-07-22 00:54:57');

-- --------------------------------------------------------

--
-- Table structure for table `hotel_photos`
--

CREATE TABLE `hotel_photos` (
  `id` bigint(20) UNSIGNED NOT NULL,
  `hotel_id` bigint(20) UNSIGNED NOT NULL,
  `photo_url` varchar(255) NOT NULL,
  `created_at` timestamp NOT NULL DEFAULT current_timestamp()
) ENGINE=InnoDB DEFAULT CHARSET=utf8mb4 COLLATE=utf8mb4_general_ci;

--
-- Dumping data for table `hotel_photos`
--

INSERT INTO `hotel_photos` (`id`, `hotel_id`, `photo_url`, `created_at`) VALUES
(22, 18, 'hotel_photos/NfavkVil86KevVPqzDcclq7GQphT4folCCh4yQkk.jpg', '2025-04-09 08:47:46'),
(23, 18, 'hotel_photos/o4mbPyGZGfADdIUvFv7twmjGvwhDOtokCOO7X26z.jpg', '2025-04-09 08:47:58'),
(24, 18, 'hotel_photos/IdG1D1flSItnvzv1ZaAxUn6B72mkgXaRW3FQoFUi.jpg', '2025-04-09 08:48:05'),
(25, 18, 'hotel_photos/ct5Y0oM7lvurJNaAJXncV6cjRsIwzB0Bj55Y33NO.jpg', '2025-04-09 08:48:13'),
(26, 18, 'hotel_photos/8h3R1u33qLSVAGTHvpCVKvmNBJxR22cNQEOWVAx3.jpg', '2025-04-09 09:00:03');

-- --------------------------------------------------------

--
-- Table structure for table `hotel_reservation_payment_info`
--

CREATE TABLE `hotel_reservation_payment_info` (
  `id` int(11) NOT NULL,
  `reservation_id` bigint(20) UNSIGNED NOT NULL,
  `user_id` bigint(20) UNSIGNED NOT NULL,
  `bank_name` varchar(255) NOT NULL,
  `transaction_number` varchar(255) NOT NULL,
  `receipt` varchar(255) DEFAULT NULL,
  `amount_paid` decimal(10,2) NOT NULL,
  `payment_status` varchar(255) DEFAULT 'Pending',
  `created_at` timestamp NOT NULL DEFAULT current_timestamp(),
  `updated_at` timestamp NOT NULL DEFAULT current_timestamp() ON UPDATE current_timestamp()
) ENGINE=InnoDB DEFAULT CHARSET=utf8mb4 COLLATE=utf8mb4_general_ci;

--
-- Dumping data for table `hotel_reservation_payment_info`
--

INSERT INTO `hotel_reservation_payment_info` (`id`, `reservation_id`, `user_id`, `bank_name`, `transaction_number`, `receipt`, `amount_paid`, `payment_status`, `created_at`, `updated_at`) VALUES
(4, 40, 4, 'Awash', '494', 'hotel/c9zSC8BKq4R16o4x8k3IhdDSQC3DybaYlMgV8brx.jpg', 1200.00, 'Paid', '2025-04-11 13:11:22', '2025-04-11 13:21:21'),
(6, 42, 4, 'Awash', '494', 'hotel/vhnp4GMyafgH39nw50DwVq1Lw8aXAWw0k0F0HH3c.png', 1266.00, 'Pending', '2025-04-14 18:12:41', '2025-04-14 18:12:41'),
(11, 48, 4, 'CBE', '1000000', 'http://127.0.0.1:9000/storage/hotel/g8pIOrR4NgzNoGYni0ImN9Z9LPNae1rIX4BbPmOn.png', 3944.00, 'Pending', '2025-06-11 14:54:50', '2025-06-11 14:54:50'),
(12, 49, 4, 'CBE', '1000000', 'http://127.0.0.1:9000/storage/hotel/fsJ96UK2bl0NLupgN33pyys0FFgvbbx4Wimg5toV.png', 3944.00, 'Pending', '2025-06-11 14:59:44', '2025-06-11 14:59:44');

-- --------------------------------------------------------

--
-- Table structure for table `hotel_reviews`
--

CREATE TABLE `hotel_reviews` (
  `id` bigint(20) UNSIGNED NOT NULL,
  `user_id` bigint(20) UNSIGNED NOT NULL,
  `hotel_id` bigint(20) UNSIGNED NOT NULL,
  `room_id` bigint(20) UNSIGNED NOT NULL,
  `rating` decimal(2,1) NOT NULL CHECK (`rating` between 1 and 5),
  `review` text DEFAULT NULL,
  `created_at` timestamp NOT NULL DEFAULT current_timestamp(),
  `updated_at` timestamp NOT NULL DEFAULT current_timestamp()
) ENGINE=InnoDB DEFAULT CHARSET=utf8mb4 COLLATE=utf8mb4_general_ci;

--
-- Dumping data for table `hotel_reviews`
--

INSERT INTO `hotel_reviews` (`id`, `user_id`, `hotel_id`, `room_id`, `rating`, `review`, `created_at`, `updated_at`) VALUES
(28, 4, 15, 29, 5.0, 'kjhkj kjhk jhjk', '2025-04-12 09:57:43', '2025-04-12 09:57:43');

-- --------------------------------------------------------

--
-- Table structure for table `hotel_slider_banners`
--

CREATE TABLE `hotel_slider_banners` (
  `id` bigint(20) UNSIGNED NOT NULL,
  `title` varchar(255) NOT NULL,
  `description` text DEFAULT NULL,
  `link` varchar(255) DEFAULT NULL,
  `image` varchar(255) NOT NULL,
  `is_active` tinyint(1) NOT NULL DEFAULT 1,
  `created_at` timestamp NULL DEFAULT NULL,
  `updated_at` timestamp NULL DEFAULT NULL
) ENGINE=InnoDB DEFAULT CHARSET=utf8mb4 COLLATE=utf8mb4_general_ci;

--
-- Dumping data for table `hotel_slider_banners`
--

INSERT INTO `hotel_slider_banners` (`id`, `title`, `description`, `link`, `image`, `is_active`, `created_at`, `updated_at`) VALUES
(9, 'yared', 'alskfd kljdsaf jaklsf aslkfjaskl', 'https://allenconcreteplc.com/product/70', 'banners/TgkHXKNFItt44CoQoqCnqnq5O8w3bkPViQRroTOe.png', 1, '2025-05-01 10:40:19', '2025-08-12 10:40:09'),
(10, 'sdlkj', 'alskfd kljdsaf jaklsf aslkfjaskl', 'https://allenconcreteplc.com/product/70', 'banners/ES6uLLVZnYBv5dAl8z46jHedgTLjyYPX9uzAQxcJ.png', 1, '2025-05-01 10:40:19', '2025-08-02 11:21:09'),
(11, 'update', 'lakdsjfslk', 'https://www.linkedin.com/in/yared-ayele-debela', 'banners/7ulx6f3dJdDKaq7JF5GoHaUNUwfQDPWnyTXuF2OL.png', 1, '2025-08-02 11:20:21', '2025-08-14 08:02:45');

-- --------------------------------------------------------

--
-- Table structure for table `invoice_settings`
--

CREATE TABLE `invoice_settings` (
  `id` bigint(20) UNSIGNED NOT NULL,
  `name` varchar(255) NOT NULL,
  `background_color` varchar(255) NOT NULL,
  `email` varchar(255) NOT NULL,
  `phone` varchar(255) NOT NULL,
  `address` varchar(255) NOT NULL,
  `footer_text` varchar(255) NOT NULL,
  `status` varchar(255) NOT NULL DEFAULT '1',
  `created_at` timestamp NULL DEFAULT NULL,
  `updated_at` timestamp NULL DEFAULT NULL
) ENGINE=InnoDB DEFAULT CHARSET=utf8mb4 COLLATE=utf8mb4_unicode_ci;

--
-- Dumping data for table `invoice_settings`
--

INSERT INTO `invoice_settings` (`id`, `name`, `background_color`, `email`, `phone`, `address`, `footer_text`, `status`, `created_at`, `updated_at`) VALUES
(2, 'EthiopMart', '#04a777', 'ethiopmart@gmail.com', '+1 (852) 357-3106', 'Adama, alibira road , 12', 'Invoice was created on a computer and is valid without the signature and seal', '1', '2023-12-08 05:38:22', '2023-12-08 06:04:14');

-- --------------------------------------------------------

--
-- Table structure for table `jobs`
--

CREATE TABLE `jobs` (
  `id` bigint(20) UNSIGNED NOT NULL,
  `queue` varchar(255) NOT NULL,
  `payload` longtext NOT NULL,
  `attempts` tinyint(3) UNSIGNED NOT NULL,
  `reserved_at` int(10) UNSIGNED DEFAULT NULL,
  `available_at` int(10) UNSIGNED NOT NULL,
  `created_at` int(10) UNSIGNED NOT NULL
) ENGINE=InnoDB DEFAULT CHARSET=utf8mb4 COLLATE=utf8mb4_general_ci;

-- --------------------------------------------------------

--
-- Table structure for table `manager_warehouse`
--

CREATE TABLE `manager_warehouse` (
  `id` int(11) NOT NULL,
  `manager_id` bigint(20) UNSIGNED DEFAULT NULL,
  `warehouse_id` bigint(20) UNSIGNED DEFAULT NULL,
  `created_at` timestamp NULL DEFAULT NULL,
  `updated_at` timestamp NULL DEFAULT NULL
) ENGINE=InnoDB DEFAULT CHARSET=utf8mb4 COLLATE=utf8mb4_general_ci;

--
-- Dumping data for table `manager_warehouse`
--

INSERT INTO `manager_warehouse` (`id`, `manager_id`, `warehouse_id`, `created_at`, `updated_at`) VALUES
(9, 9, 7, '2024-06-12 09:19:17', '2024-06-12 09:19:17'),
(10, 11, 3, '2024-06-12 09:23:16', '2024-06-12 09:23:16');

-- --------------------------------------------------------

--
-- Table structure for table `migrations`
--

CREATE TABLE `migrations` (
  `id` int(10) UNSIGNED NOT NULL,
  `migration` varchar(255) NOT NULL,
  `batch` int(11) NOT NULL
) ENGINE=InnoDB DEFAULT CHARSET=utf8mb4 COLLATE=utf8mb4_unicode_ci;

--
-- Dumping data for table `migrations`
--

INSERT INTO `migrations` (`id`, `migration`, `batch`) VALUES
(1, '2024_05_30_055808_create_months_table', 1),
(2, '2024_05_31_091936_create_discounts_table', 2),
(3, '2024_06_04_061254_create_price_plans_table', 3),
(4, '2024_06_04_111205_create_shipping_methods_table', 4),
(5, '2024_06_04_111235_create_shipping_zones_table', 5),
(6, '2024_06_04_111259_create_shipping_method_zone_table', 6),
(7, '2024_06_05_084944_create_shipping_method_prices_table', 7),
(8, '2024_06_06_080140_create_offers_table', 8),
(9, '2024_06_09_083256_create_activity_logs_table', 9),
(10, '2024_06_11_103035_create_withdrawal_requests_table', 10),
(11, '2024_06_15_085957_create_sales_users_table', 11),
(12, '2024_06_17_125741_create_sales_commissions_table', 12),
(13, '2024_06_18_073253_create_sales_main_commissions_table', 13),
(14, '2024_06_20_112407_create_taxes_table', 14),
(15, '2024_06_20_122403_create_withdraw_settings_table', 15);

-- --------------------------------------------------------

--
-- Table structure for table `months`
--

CREATE TABLE `months` (
  `id` bigint(20) UNSIGNED NOT NULL,
  `name` varchar(255) NOT NULL,
  `created_at` timestamp NULL DEFAULT NULL,
  `updated_at` timestamp NULL DEFAULT NULL
) ENGINE=InnoDB DEFAULT CHARSET=utf8mb4 COLLATE=utf8mb4_unicode_ci;

--
-- Dumping data for table `months`
--

INSERT INTO `months` (`id`, `name`, `created_at`, `updated_at`) VALUES
(1, 'January', '2024-05-30 10:03:47', '2024-05-30 10:03:47'),
(2, 'February', '2024-05-30 10:03:47', '2024-05-30 10:03:47'),
(3, 'March', '2024-05-30 10:03:47', '2024-05-30 10:03:47'),
(4, 'April', '2024-05-30 10:03:47', '2024-05-30 10:03:47'),
(5, 'May', '2024-05-30 10:03:47', '2024-05-30 10:03:47'),
(6, 'June', '2024-05-30 10:03:47', '2024-05-30 10:03:47'),
(7, 'July', '2024-05-30 10:03:47', '2024-05-30 10:03:47'),
(8, 'August', '2024-05-30 10:03:47', '2024-05-30 10:03:47'),
(9, 'September', '2024-05-30 10:03:47', '2024-05-30 10:03:47'),
(10, 'October', '2024-05-30 10:03:47', '2024-05-30 10:03:47'),
(11, 'November', '2024-05-30 10:03:47', '2024-05-30 10:03:47'),
(12, 'December', '2024-05-30 10:03:47', '2024-05-30 10:03:47');

-- --------------------------------------------------------

--
-- Table structure for table `newsletter_subscribers`
--

CREATE TABLE `newsletter_subscribers` (
  `id` bigint(20) UNSIGNED NOT NULL,
  `email` varchar(255) NOT NULL,
  `status` tinyint(4) NOT NULL,
  `created_at` timestamp NULL DEFAULT NULL,
  `updated_at` timestamp NULL DEFAULT NULL
) ENGINE=InnoDB DEFAULT CHARSET=utf8mb4 COLLATE=utf8mb4_unicode_ci;

--
-- Dumping data for table `newsletter_subscribers`
--

INSERT INTO `newsletter_subscribers` (`id`, `email`, `status`, `created_at`, `updated_at`) VALUES
(1, 'yared@gmail.com', 1, '2023-12-06 20:40:15', '2023-12-06 20:40:15'),
(2, 'admin@gmail.com', 1, '2023-12-13 18:19:13', '2023-12-13 18:19:13'),
(3, 'yared.debela.ayele@gmail.com', 1, '2025-04-23 12:36:00', '2025-04-23 12:36:00'),
(4, 'utopia@gmail.com', 1, '2025-04-23 12:37:17', '2025-04-23 12:37:17'),
(5, 'alskfdj@gmail.com', 1, '2025-04-23 12:37:52', '2025-04-23 12:37:52'),
(6, 'email@gmail.com', 1, '2025-04-23 12:40:00', '2025-04-23 12:40:00');

-- --------------------------------------------------------

--
-- Table structure for table `notifications`
--

CREATE TABLE `notifications` (
  `id` bigint(20) UNSIGNED NOT NULL,
  `user_id` bigint(20) UNSIGNED NOT NULL,
  `title` varchar(255) NOT NULL,
  `message` text NOT NULL,
  `is_read` tinyint(1) NOT NULL DEFAULT 0,
  `created_at` timestamp NULL DEFAULT NULL,
  `updated_at` timestamp NULL DEFAULT NULL
) ENGINE=InnoDB DEFAULT CHARSET=utf8mb4 COLLATE=utf8mb4_general_ci;

--
-- Dumping data for table `notifications`
--

INSERT INTO `notifications` (`id`, `user_id`, `title`, `message`, `is_read`, `created_at`, `updated_at`) VALUES
(1, 4, 'Order Status Updated', 'Your order #30 status has changed from \'\' to \'\'.', 1, '2025-06-03 10:45:38', '2025-06-04 11:21:04'),
(4, 4, 'Order Status Updated', 'Your order #29 status has changed from \'delivering\' to \'delivering\'.', 1, '2025-06-03 10:48:45', '2025-06-04 11:21:04'),
(5, 4, 'Reservation Status Updated', 'Your reservation #46 status has changed from \'Pending\' to \'Pending\'.', 1, '2025-06-03 10:52:22', '2025-06-04 11:21:04'),
(6, 4, 'Reservation Payment Status Updated', 'Your reservation #46 status has changed from \'Pending\' to \'Processing\'.', 1, '2025-06-03 10:52:30', '2025-06-04 11:21:04'),
(7, 4, 'Order Status Updated', 'Your order #92 status has changed from \'delivered\' to \'delivered\'.', 1, '2025-06-03 13:27:57', '2025-06-04 11:21:04'),
(8, 4, 'Order Status Updated', 'Your order #92 status has changed from \'pending\' to \'pending\'.', 1, '2025-06-03 13:34:47', '2025-06-04 11:21:04'),
(9, 4, 'Order Status Updated', 'Your order #92 status has changed from \'pending\' to \'pending\'.', 1, '2025-06-03 13:35:56', '2025-06-04 11:21:04'),
(13, 4, 'Order Status Updated', 'Your order #30 status has changed from \'pending\' to \'confirmed\'.', 1, '2025-06-04 11:42:26', '2025-06-04 11:42:31'),
(14, 4, 'Order Status Updated', 'Your order #30 status has changed from \'confirmed\' to \'delivering\'.', 1, '2025-06-04 11:43:28', '2025-06-04 11:43:57'),
(15, 4, 'Order Status Updated', 'Your order #30 status has changed from \'delivering\' to \'pending\'.', 1, '2025-06-04 11:52:08', '2025-06-04 14:11:39'),
(16, 4, 'Order Status Updated', 'Your order #30 status has changed from \'pending\' to \'delivering\'.', 1, '2025-06-04 11:52:55', '2025-06-04 14:11:39'),
(17, 4, 'Order Status Updated', 'Your order #30 status has changed from \'delivering\' to \'delivering\'.', 1, '2025-06-04 11:54:02', '2025-06-04 14:11:39'),
(18, 4, 'Order Status Updated', 'Your order #30 status has changed from \'delivering\' to \'delivering\'.', 1, '2025-06-04 11:56:07', '2025-06-04 14:11:39'),
(19, 4, 'Order Status Updated', 'Your order #30 status has changed from \'delivering\' to \'delivering\'.', 1, '2025-06-04 11:59:48', '2025-06-04 14:11:39'),
(20, 4, 'Order Status Updated', 'Your order #30 status has changed from \'delivering\' to \'delivering\'.', 1, '2025-06-04 12:00:19', '2025-06-04 14:11:39'),
(21, 4, 'Order Status Updated', 'Your order #30 status has changed from \'delivering\' to \'delivering\'.', 1, '2025-06-04 12:05:50', '2025-06-04 14:11:39'),
(22, 4, 'Order Status Updated', 'Your order #30 status has changed from \'delivering\' to \'delivering\'.', 1, '2025-06-04 12:06:02', '2025-06-04 14:11:39'),
(23, 4, 'Reservation Status Updated', 'Your reservation #46 status has changed from \'Confirmed\' to \'Confirmed\'.', 1, '2025-06-04 12:07:35', '2025-06-04 14:11:39'),
(24, 4, 'Reservation Payment Status Updated', 'Your reservation #46 status has changed from \'Processing\' to \'Failed\'.', 1, '2025-06-04 12:07:42', '2025-06-04 14:11:39'),
(25, 4, 'Goods Order Status Updated', 'Your goods order #92 status has changed from \'pending\' to \'pending\'.', 1, '2025-06-04 13:51:13', '2025-06-04 14:11:39'),
(26, 4, 'Order Item Status Updated', 'Your order #92 status has changed from \'delivering\' to \'picked\'.', 1, '2025-06-04 14:05:13', '2025-06-04 14:11:39'),
(27, 4, 'Goods Order Status Updated', 'Your goods order #92 status has changed from \'confirmed\' to \'pending\'.', 1, '2025-06-04 14:11:10', '2025-06-04 14:11:39'),
(28, 4, 'Order Status Updated', 'Your order #30 status has changed from \'delivering\' to \'confirmed\'.', 1, '2025-06-06 18:45:23', '2025-06-06 18:49:00'),
(29, 4, 'Order Status Updated', 'Your order #30 status has changed from \'confirmed\' to \'picked\'.', 1, '2025-06-06 18:46:02', '2025-06-06 18:49:00'),
(30, 4, 'Order Status Updated', 'Your order #30 status has changed from \'picked\' to \'delivering\'.', 1, '2025-06-06 18:48:07', '2025-06-06 18:49:00'),
(31, 4, 'Order Status Updated', 'Your order #30 status has changed from \'delivering\' to \'cancelled\'.', 1, '2025-06-06 18:48:51', '2025-06-06 18:49:00'),
(32, 4, 'Order Status Updated', 'Your order #30 status has changed from \'cancelled\' to \'picked\'.', 1, '2025-06-06 18:58:24', '2025-06-11 14:49:42'),
(33, 4, 'Order Status Updated', 'Your order #30 status has changed from \'picked\' to \'delivered\'.', 1, '2025-06-06 18:59:08', '2025-06-11 14:49:42'),
(34, 4, 'Order Status Updated', 'Your order #92 status has changed from \'pending\' to \'pending\'.', 1, '2025-06-06 19:43:32', '2025-06-11 14:49:42'),
(35, 4, 'Goods Order Placed', 'Your goods order has been successfully placed.', 1, '2025-06-09 12:54:10', '2025-06-11 14:49:42'),
(36, 4, 'Goods Order Placed', 'Your goods order has been successfully placed.', 1, '2025-06-09 12:56:23', '2025-06-11 14:49:42'),
(37, 4, 'Goods Order Payment Status Updated', 'Your goods order #94 payment status has changed from \'pending\' to \'confirmed\'.', 1, '2025-06-09 13:42:45', '2025-06-11 14:49:42'),
(38, 4, 'Goods Order Placed', 'Your goods order has been successfully placed.', 1, '2025-06-09 13:50:05', '2025-06-11 14:49:42'),
(39, 4, 'Order Status Updated', 'Your order #92 status has changed from \'pending\' to \'picked\'.', 1, '2025-06-09 16:10:59', '2025-06-11 14:49:42'),
(40, 4, 'Hotel Reservation Placed', 'Your hotel reservation has been placed.', 1, '2025-06-11 14:54:50', '2025-06-16 12:55:00'),
(41, 4, 'Hotel Reservation Placed', 'Your hotel reservation has been placed.', 1, '2025-06-11 14:59:44', '2025-06-16 12:55:00'),
(42, 4, 'Food Order Placed', 'Your food order has been successfully placed.', 1, '2025-06-16 09:26:24', '2025-06-16 12:55:00'),
(43, 4, 'Food Order Placed', 'Your food order has been successfully placed.', 1, '2025-06-16 09:27:04', '2025-06-16 12:55:00'),
(44, 4, 'Food Order Placed', 'Your food order has been successfully placed.', 1, '2025-06-16 09:29:21', '2025-06-16 12:55:00'),
(45, 4, 'Food Order Placed', 'Your food order has been successfully placed.', 1, '2025-06-16 09:38:07', '2025-06-16 12:55:00'),
(46, 4, 'Goods Order Placed', 'Your goods order has been successfully placed.', 1, '2025-06-16 09:56:08', '2025-06-16 12:55:00'),
(47, 4, 'Goods Order Placed', 'Your goods order has been successfully placed.', 1, '2025-06-16 09:58:05', '2025-06-16 12:55:00'),
(48, 4, 'Goods Order Placed', 'Your goods order has been successfully placed.', 1, '2025-06-16 09:58:25', '2025-06-16 12:55:00'),
(49, 4, 'Goods Order Placed', 'Your goods order has been successfully placed.', 1, '2025-06-16 10:02:12', '2025-06-16 12:55:00'),
(50, 4, 'Goods Order Placed', 'Your goods order has been successfully placed.', 1, '2025-06-16 10:06:50', '2025-06-16 12:55:00'),
(51, 4, 'Food Order Placed', 'Your food order has been successfully placed.', 1, '2025-06-17 18:52:15', '2025-08-01 19:08:09'),
(52, 4, 'Food Order Placed', 'Your food order has been successfully placed.', 1, '2025-06-18 09:22:45', '2025-08-01 19:08:09'),
(53, 4, 'Food Order Placed', 'Your food order has been successfully placed.', 1, '2025-06-18 09:31:19', '2025-08-01 19:08:09'),
(54, 4, 'Goods Order Placed', 'Your goods order has been successfully placed.', 1, '2025-06-18 09:37:34', '2025-08-01 19:08:09'),
(55, 4, 'Goods Order Placed', 'Your goods order has been successfully placed.', 1, '2025-06-18 09:38:17', '2025-08-01 19:08:09'),
(56, 4, 'Goods Order Placed', 'Your goods order has been successfully placed.', 1, '2025-06-18 09:45:28', '2025-08-01 19:08:09'),
(57, 4, 'Hotel Reservation Placed', 'Your hotel reservation has been placed.', 1, '2025-08-01 10:56:08', '2025-08-01 19:08:09'),
(58, 4, 'Hotel Reservation Placed', 'Your hotel reservation has been placed.', 1, '2025-08-01 10:56:11', '2025-08-01 19:08:09'),
(59, 4, 'Hotel Reservation Placed', 'Your hotel reservation has been placed.', 1, '2025-08-01 11:00:28', '2025-08-01 19:08:09'),
(60, 4, 'Hotel Reservation Placed', 'Your hotel reservation has been placed.', 1, '2025-08-01 11:57:32', '2025-08-01 19:08:09'),
(61, 4, 'Hotel Reservation Placed', 'Your hotel reservation has been placed.', 1, '2025-08-01 13:05:55', '2025-08-01 19:08:09'),
(62, 5, 'Hotel Reservation Placed', 'Your hotel reservation has been placed.', 0, '2025-08-01 13:07:37', '2025-08-01 13:07:37'),
(63, 4, 'Food Order Placed', 'Your food order has been successfully placed.', 1, '2025-08-04 17:55:32', '2025-08-05 14:35:55'),
(64, 4, 'Food Order Placed', 'Your food order has been successfully placed.', 1, '2025-08-05 14:35:47', '2025-08-05 14:35:55'),
(65, 4, 'Food Order Placed', 'Your food order has been successfully placed.', 0, '2025-08-05 17:20:55', '2025-08-05 17:20:55'),
(66, 4, 'Food Order Placed', 'Your food order has been successfully placed.', 0, '2025-08-05 17:23:30', '2025-08-05 17:23:30'),
(67, 4, 'Goods Order Placed', 'Your goods order has been successfully placed.', 0, '2025-08-06 11:01:37', '2025-08-06 11:01:37'),
(68, 4, 'Goods Order Placed', 'Your goods order has been successfully placed.', 0, '2025-08-06 12:35:28', '2025-08-06 12:35:28'),
(69, 4, 'Goods Order Placed', 'Your goods order has been successfully placed.', 0, '2025-08-06 12:35:55', '2025-08-06 12:35:55');

-- --------------------------------------------------------

--
-- Table structure for table `offers`
--

CREATE TABLE `offers` (
  `id` bigint(20) UNSIGNED NOT NULL,
  `product_id` bigint(20) UNSIGNED NOT NULL,
  `user_id` bigint(20) UNSIGNED NOT NULL,
  `quantity` int(11) NOT NULL,
  `size` varchar(255) DEFAULT NULL,
  `description` varchar(255) NOT NULL,
  `offer_price` decimal(8,2) NOT NULL,
  `status` varchar(255) NOT NULL DEFAULT 'pending',
  `created_at` timestamp NULL DEFAULT NULL,
  `updated_at` timestamp NULL DEFAULT NULL
) ENGINE=InnoDB DEFAULT CHARSET=utf8mb4 COLLATE=utf8mb4_unicode_ci;

-- --------------------------------------------------------

--
-- Table structure for table `orders`
--

CREATE TABLE `orders` (
  `id` bigint(20) UNSIGNED NOT NULL,
  `user_id` bigint(20) UNSIGNED NOT NULL,
  `order_code` varchar(255) DEFAULT NULL,
  `delivery_boy_id` varchar(255) DEFAULT NULL,
  `name` varchar(255) DEFAULT NULL,
  `address` varchar(255) DEFAULT NULL,
  `city` varchar(255) DEFAULT NULL,
  `state` varchar(255) DEFAULT NULL,
  `country` varchar(255) DEFAULT NULL,
  `pincode` varchar(255) DEFAULT NULL,
  `latitude` longtext DEFAULT NULL,
  `longitude` longtext DEFAULT NULL,
  `mobile` varchar(255) NOT NULL,
  `email` varchar(255) DEFAULT NULL,
  `shipping_charges` double(8,2) DEFAULT NULL,
  `tax_charge` float DEFAULT NULL,
  `coupon_code` varchar(255) DEFAULT NULL,
  `coupon_amount` varchar(255) DEFAULT NULL,
  `order_status` enum('new','pending','confirmed','picked','delivered','delivering','cancelled') DEFAULT 'pending',
  `payment_status` varchar(255) NOT NULL DEFAULT 'pending',
  `payment_method` varchar(255) NOT NULL,
  `payment_gateway` varchar(255) DEFAULT NULL,
  `grand_total` double(8,2) NOT NULL,
  `tip_amount` int(255) NOT NULL DEFAULT 0,
  `payment_currency` varchar(255) DEFAULT NULL,
  `courier_name` varchar(255) DEFAULT NULL,
  `tracking_number` varchar(255) DEFAULT NULL,
  `is_old` int(1) NOT NULL DEFAULT 0,
  `created_at` timestamp NULL DEFAULT NULL,
  `updated_at` timestamp NULL DEFAULT NULL
) ENGINE=InnoDB DEFAULT CHARSET=utf8mb4 COLLATE=utf8mb4_unicode_ci;

--
-- Dumping data for table `orders`
--

INSERT INTO `orders` (`id`, `user_id`, `order_code`, `delivery_boy_id`, `name`, `address`, `city`, `state`, `country`, `pincode`, `latitude`, `longitude`, `mobile`, `email`, `shipping_charges`, `tax_charge`, `coupon_code`, `coupon_amount`, `order_status`, `payment_status`, `payment_method`, `payment_gateway`, `grand_total`, `tip_amount`, `payment_currency`, `courier_name`, `tracking_number`, `is_old`, `created_at`, `updated_at`) VALUES
(20, 4, '1192', '1', 'yared', 'Adama14', 'Adama', 'Amahra', 'Ethiopia', 'Velit qui magnam at', NULL, NULL, '0912651113', 'yared@gmail.com', 1.00, 54.06, NULL, NULL, 'pending', 'pending', 'COD', 'COD', 1136.18, 0, NULL, NULL, NULL, 0, '2024-06-07 14:03:40', '2024-06-13 10:43:31'),
(23, 4, '4240', '1', 'yared', 'Adama14', 'Adama', 'Amahra', 'Ethiopia', 'Velit qui magnam at', NULL, NULL, '0912651113', 'yared@gmail.com', 1.00, -27.68, NULL, NULL, 'new', 'pending', 'COD', 'COD', 2741.36, 0, NULL, NULL, NULL, 0, '2024-09-07 14:04:59', '2024-06-07 14:04:59'),
(25, 4, '6445', '1', 'yared', 'Adama14', 'Adama', 'Amahra', 'Ethiopia', 'Velit qui magnam at', NULL, NULL, '0912651113', 'yared@gmail.com', 1.00, 450.72, NULL, NULL, 'new', 'pending', 'COD', 'COD', 1178.68, 0, NULL, NULL, NULL, 0, '2024-06-17 17:02:06', '2024-06-17 17:02:06'),
(26, 4, '0329', NULL, 'yared', 'Adama14', 'Adama', 'Amahra', 'Ethiopia', 'Velit qui magnam at', NULL, NULL, '0912651113', 'yared@gmail.com', 1.00, 225.36, NULL, NULL, 'new', 'pending', 'COD', 'COD', 589.84, 0, NULL, NULL, NULL, 0, '2024-06-18 12:21:41', '2024-06-18 12:21:41'),
(27, 4, '8315', NULL, 'yared', 'Adama14', 'Adama', 'Amahra', 'Ethiopia', 'Velit qui magnam at', NULL, NULL, '0912651113', 'yared@gmail.com', 1.00, 225.36, NULL, NULL, 'new', 'pending', 'COD', 'COD', 589.84, 0, NULL, NULL, NULL, 0, '2024-06-18 12:23:52', '2024-06-18 12:23:52'),
(28, 4, '3418', NULL, 'yared', 'Adama14', 'Adama', 'Amahra', 'Ethiopia', 'Velit qui magnam at', NULL, NULL, '0912651113', 'yared@gmail.com', 1.00, 225.36, NULL, NULL, 'delivered', 'pending', 'COD', 'COD', 589.84, 0, NULL, NULL, NULL, 0, '2024-06-18 12:27:07', '2024-06-18 12:27:07'),
(29, 4, '0343', NULL, 'yared', 'Adama14', 'Adama', 'Amahra', 'Ethiopia', 'Velit qui magnam at', NULL, NULL, '0912651113', 'yared@gmail.com', 1.00, 225.36, NULL, NULL, 'new', 'pending', 'COD', 'COD', 589.84, 0, NULL, NULL, NULL, 0, '2024-06-18 12:28:39', '2024-06-18 12:28:39'),
(30, 4, '4612', NULL, 'yared', 'Adama14', 'Adama', 'Amahra', 'Ethiopia', 'Velit qui magnam at', NULL, NULL, '0912651113', 'yared@gmail.com', 1.00, 225.36, NULL, NULL, 'new', 'pending', 'COD', 'COD', 589.84, 0, NULL, NULL, NULL, 0, '2024-06-18 12:30:12', '2024-06-18 12:30:12'),
(31, 4, '9030', NULL, 'yared', 'Adama14', 'Adama', 'Amahra', 'Ethiopia', 'Velit qui magnam at', NULL, NULL, '0912651113', 'yared@gmail.com', 0.00, 0, NULL, NULL, 'delivered', 'pending', 'COD', 'COD', 0.00, 0, NULL, NULL, NULL, 0, '2024-11-25 13:44:42', '2024-11-25 13:44:42'),
(34, 4, '4287', NULL, 'Brian Cline', 'Ut consequat Earum', 'Eligendi veniam est', 'Ad veritatis invento', 'Voluptas sit et lab', 'Eius et soluta earum', NULL, NULL, '99', 'yared@gmail.com', 0.00, 42.75, NULL, NULL, 'pending', 'pending', 'Paypal', 'cash', 280.25, 0, NULL, NULL, NULL, 0, '2025-04-25 19:01:03', '2025-04-25 19:01:03'),
(35, 4, '1761', NULL, 'Brian Cline', 'Ut consequat Earum', 'Eligendi veniam est', 'Ad veritatis invento', 'Voluptas sit et lab', 'Eius et soluta earum', NULL, NULL, '99', 'yared@gmail.com', 0.00, 34.2, NULL, NULL, 'pending', 'pending', 'Paypal', 'cash', 224.20, 0, NULL, NULL, NULL, 0, '2025-04-26 10:38:09', '2025-04-26 10:38:09'),
(36, 4, '8573', NULL, 'Brian Cline', 'Ut consequat Earum', 'Eligendi veniam est', 'Ad veritatis invento', 'Voluptas sit et lab', 'Eius et soluta earum', NULL, NULL, '99', 'yared@gmail.com', 0.00, 34.2, NULL, NULL, 'pending', 'pending', 'Paypal', 'cash', 224.20, 0, NULL, NULL, NULL, 0, '2025-04-26 11:02:18', '2025-04-26 11:02:18'),
(37, 4, '9567', NULL, 'Brian Cline', 'Ut consequat Earum', 'Eligendi veniam est', 'Ad veritatis invento', 'Voluptas sit et lab', 'Eius et soluta earum', NULL, NULL, '99', 'yared@gmail.com', 0.00, 34.2, NULL, NULL, 'pending', 'pending', 'Paypal', 'cash', 224.20, 0, NULL, NULL, NULL, 0, '2025-04-26 11:17:26', '2025-04-26 11:17:26'),
(38, 4, '5559', NULL, 'Brian Cline', 'Ut consequat Earum', 'Eligendi veniam est', 'Ad veritatis invento', 'Voluptas sit et lab', 'Eius et soluta earum', NULL, NULL, '99', 'yared@gmail.com', 0.00, 34.2, NULL, NULL, 'pending', 'pending', 'Paypal', 'cash', 224.20, 0, NULL, NULL, NULL, 0, '2025-04-26 11:18:04', '2025-04-26 11:18:04'),
(39, 4, '7909', NULL, 'Brian Cline', 'Ut consequat Earum', 'Eligendi veniam est', 'Ad veritatis invento', 'Voluptas sit et lab', 'Eius et soluta earum', NULL, NULL, '99', 'yared@gmail.com', 0.00, 34.2, NULL, NULL, 'pending', 'pending', 'Paypal', 'cash', 224.20, 0, NULL, NULL, NULL, 0, '2025-04-26 11:18:40', '2025-04-26 11:18:40'),
(40, 4, '7504', NULL, 'Brian Cline', 'Ut consequat Earum', 'Eligendi veniam est', 'Ad veritatis invento', 'Voluptas sit et lab', 'Eius et soluta earum', NULL, NULL, '99', 'yared@gmail.com', 0.00, 34.2, NULL, NULL, 'pending', 'pending', 'Paypal', 'cash', 224.20, 0, NULL, NULL, NULL, 0, '2025-04-26 11:21:30', '2025-04-26 11:21:30'),
(41, 4, '7509', NULL, 'Brian Cline', 'Ut consequat Earum', 'Eligendi veniam est', 'Ad veritatis invento', 'Voluptas sit et lab', 'Eius et soluta earum', NULL, NULL, '99', 'yared@gmail.com', 0.00, 34.2, NULL, NULL, 'pending', 'pending', 'Paypal', 'cash', 224.20, 0, NULL, NULL, NULL, 0, '2025-04-26 11:22:45', '2025-04-26 11:22:45'),
(42, 4, '7542', NULL, 'Brian Cline', 'Ut consequat Earum', 'Eligendi veniam est', 'Ad veritatis invento', 'Voluptas sit et lab', 'Eius et soluta earum', NULL, NULL, '99', 'yared@gmail.com', 0.00, 34.2, NULL, NULL, 'pending', 'pending', 'Paypal', 'cash', 224.20, 0, NULL, NULL, NULL, 0, '2025-04-26 11:23:36', '2025-04-26 11:23:36'),
(43, 4, '1049', NULL, 'Brian Cline', 'Ut consequat Earum', 'Eligendi veniam est', 'Ad veritatis invento', 'Voluptas sit et lab', 'Eius et soluta earum', NULL, NULL, '99', 'yared@gmail.com', 0.00, 34.2, NULL, NULL, 'pending', 'pending', 'Paypal', 'cash', 224.20, 0, NULL, NULL, NULL, 0, '2025-04-26 11:23:57', '2025-04-26 11:23:57'),
(44, 4, '0877', NULL, 'Brian Cline', 'Ut consequat Earum', 'Eligendi veniam est', 'Ad veritatis invento', 'Voluptas sit et lab', 'Eius et soluta earum', NULL, NULL, '99', 'yared@gmail.com', 0.00, 34.2, NULL, NULL, 'pending', 'pending', 'Paypal', 'cash', 224.20, 0, NULL, NULL, NULL, 0, '2025-04-26 11:23:59', '2025-04-26 11:23:59'),
(45, 4, '2615', NULL, 'Brian Cline', 'Ut consequat Earum', 'Eligendi veniam est', 'Ad veritatis invento', 'Voluptas sit et lab', 'Eius et soluta earum', NULL, NULL, '99', 'yared@gmail.com', 0.00, 34.2, NULL, NULL, 'pending', 'pending', 'Paypal', 'cash', 224.20, 0, NULL, NULL, NULL, 0, '2025-04-26 11:23:59', '2025-04-26 11:23:59'),
(46, 4, '4396', NULL, 'Brian Cline', 'Ut consequat Earum', 'Eligendi veniam est', 'Ad veritatis invento', 'Voluptas sit et lab', 'Eius et soluta earum', NULL, NULL, '99', 'yared@gmail.com', 0.00, 34.2, NULL, NULL, 'pending', 'pending', 'Paypal', 'cash', 224.20, 0, NULL, NULL, NULL, 0, '2025-04-26 11:24:29', '2025-04-26 11:24:29'),
(47, 4, '0028', NULL, 'Brian Cline', 'Ut consequat Earum', 'Eligendi veniam est', 'Ad veritatis invento', 'Voluptas sit et lab', 'Eius et soluta earum', NULL, NULL, '99', 'yared@gmail.com', 0.00, 34.2, NULL, NULL, 'pending', 'pending', 'Paypal', 'cash', 224.20, 0, NULL, NULL, NULL, 0, '2025-04-26 11:26:41', '2025-04-26 11:26:41'),
(48, 4, '0295', NULL, 'Brian Cline', 'Ut consequat Earum', 'Eligendi veniam est', 'Ad veritatis invento', 'Voluptas sit et lab', 'Eius et soluta earum', NULL, NULL, '99', 'yared@gmail.com', 0.00, 34.2, NULL, NULL, 'pending', 'pending', 'Paypal', 'cash', 224.20, 0, NULL, NULL, NULL, 0, '2025-04-26 11:26:54', '2025-04-26 11:26:54'),
(49, 4, '2567', NULL, 'Brian Cline', 'Ut consequat Earum', 'Eligendi veniam est', 'Ad veritatis invento', 'Voluptas sit et lab', 'Eius et soluta earum', NULL, NULL, '99', 'yared@gmail.com', 0.00, 34.2, NULL, NULL, 'pending', 'pending', 'Paypal', 'cash', 224.20, 0, NULL, NULL, NULL, 0, '2025-04-26 11:30:58', '2025-04-26 11:30:58'),
(50, 4, '7164', NULL, 'Brian Cline', 'Ut consequat Earum', 'Eligendi veniam est', 'Ad veritatis invento', 'Voluptas sit et lab', 'Eius et soluta earum', NULL, NULL, '99', 'yared@gmail.com', 0.00, 34.2, NULL, NULL, 'pending', 'pending', 'Paypal', 'cash', 224.20, 0, NULL, NULL, NULL, 0, '2025-04-26 11:32:01', '2025-04-26 11:32:01'),
(51, 4, '4373', NULL, 'Brian Cline', 'Ut consequat Earum', 'Eligendi veniam est', 'Ad veritatis invento', 'Voluptas sit et lab', 'Eius et soluta earum', NULL, NULL, '99', 'yared@gmail.com', 0.00, 34.2, NULL, NULL, 'pending', 'pending', 'Paypal', 'cash', 224.20, 0, NULL, NULL, NULL, 0, '2025-04-26 11:34:44', '2025-04-26 11:34:44'),
(52, 4, '8732', NULL, 'Brian Cline', 'Ut consequat Earum', 'Eligendi veniam est', 'Ad veritatis invento', 'Voluptas sit et lab', 'Eius et soluta earum', NULL, NULL, '99', 'yared@gmail.com', 0.00, 34.2, NULL, NULL, 'pending', 'pending', 'Paypal', 'cash', 224.20, 0, NULL, NULL, NULL, 0, '2025-04-26 11:35:59', '2025-04-26 11:35:59'),
(53, 4, '0599', NULL, 'Brian Cline', 'Ut consequat Earum', 'Eligendi veniam est', 'Ad veritatis invento', 'Voluptas sit et lab', 'Eius et soluta earum', NULL, NULL, '99', 'yared@gmail.com', 0.00, 34.2, NULL, NULL, 'pending', 'pending', 'Paypal', 'cash', 224.20, 0, NULL, NULL, NULL, 0, '2025-04-26 11:36:46', '2025-04-26 11:36:46'),
(54, 4, '4429', NULL, 'Brian Cline', 'Ut consequat Earum', 'Eligendi veniam est', 'Ad veritatis invento', 'Voluptas sit et lab', 'Eius et soluta earum', NULL, NULL, '99', 'yared@gmail.com', 0.00, 34.2, NULL, NULL, 'pending', 'pending', 'Paypal', 'cash', 224.20, 0, NULL, NULL, NULL, 0, '2025-04-26 11:37:52', '2025-04-26 11:37:52'),
(55, 4, '5070', NULL, 'Brian Cline', 'Ut consequat Earum', 'Eligendi veniam est', 'Ad veritatis invento', 'Voluptas sit et lab', 'Eius et soluta earum', NULL, NULL, '99', 'yared@gmail.com', 0.00, 34.2, NULL, NULL, 'pending', 'pending', 'Paypal', 'cash', 224.20, 0, NULL, NULL, NULL, 0, '2025-04-26 11:38:10', '2025-04-26 11:38:10'),
(56, 4, '0752', NULL, 'Brian Cline', 'Ut consequat Earum', 'Eligendi veniam est', 'Ad veritatis invento', 'Voluptas sit et lab', 'Eius et soluta earum', NULL, NULL, '99', 'yared@gmail.com', 0.00, 34.2, NULL, NULL, 'pending', 'pending', 'Paypal', 'cash', 224.20, 0, NULL, NULL, NULL, 0, '2025-04-26 11:38:26', '2025-04-26 11:38:26'),
(57, 4, '3586', NULL, 'Brian Cline', 'Ut consequat Earum', 'Eligendi veniam est', 'Ad veritatis invento', 'Voluptas sit et lab', 'Eius et soluta earum', NULL, NULL, '99', 'yared@gmail.com', 0.00, 34.2, NULL, NULL, 'pending', 'pending', 'Paypal', 'cash', 224.20, 0, NULL, NULL, NULL, 0, '2025-04-26 11:38:35', '2025-04-26 11:38:35'),
(58, 4, '2140', NULL, 'Brian Cline', 'Ut consequat Earum', 'Eligendi veniam est', 'Ad veritatis invento', 'Voluptas sit et lab', 'Eius et soluta earum', NULL, NULL, '99', 'yared@gmail.com', 0.00, 34.2, NULL, NULL, 'pending', 'pending', 'Paypal', 'cash', 224.20, 0, NULL, NULL, NULL, 0, '2025-04-26 16:09:26', '2025-04-26 16:09:26'),
(59, 4, '8893', NULL, 'Brian Cline', 'Ut consequat Earum', 'Eligendi veniam est', 'Ad veritatis invento', 'Voluptas sit et lab', 'Eius et soluta earum', NULL, NULL, '99', 'yared@gmail.com', 0.00, 34.2, NULL, NULL, 'pending', 'pending', 'Paypal', 'cash', 224.20, 0, NULL, NULL, NULL, 0, '2025-04-26 16:09:35', '2025-04-26 16:09:35'),
(60, 4, '6203', NULL, 'Brian Cline', 'Ut consequat Earum', 'Eligendi veniam est', 'Ad veritatis invento', 'Voluptas sit et lab', 'Eius et soluta earum', NULL, NULL, '99', 'yared@gmail.com', 0.00, 34.2, NULL, NULL, 'pending', 'pending', 'Paypal', 'cash', 224.20, 0, NULL, NULL, NULL, 0, '2025-04-26 16:11:41', '2025-04-26 16:11:41'),
(61, 4, '9112', NULL, 'Brian Cline', 'Ut consequat Earum', 'Eligendi veniam est', 'Ad veritatis invento', 'Voluptas sit et lab', 'Eius et soluta earum', NULL, NULL, '99', 'yared@gmail.com', 0.00, 34.2, NULL, NULL, 'pending', 'pending', 'Paypal', 'cash', 224.20, 0, NULL, NULL, NULL, 0, '2025-04-26 16:13:28', '2025-04-26 16:13:28'),
(62, 4, '2771', NULL, 'Brian Cline', 'Ut consequat Earum', 'Eligendi veniam est', 'Ad veritatis invento', 'Voluptas sit et lab', 'Eius et soluta earum', NULL, NULL, '99', 'yared@gmail.com', 0.00, 34.2, NULL, NULL, 'pending', 'pending', 'Paypal', 'cash', 224.20, 0, NULL, NULL, NULL, 0, '2025-04-26 16:14:12', '2025-04-26 16:14:12'),
(63, 4, '5969', NULL, 'Brian Cline', 'Ut consequat Earum', 'Eligendi veniam est', 'Ad veritatis invento', 'Voluptas sit et lab', 'Eius et soluta earum', NULL, NULL, '99', 'yared@gmail.com', 0.00, 34.2, NULL, NULL, 'pending', 'pending', 'Paypal', 'cash', 224.20, 0, NULL, NULL, NULL, 0, '2025-04-26 16:24:24', '2025-04-26 16:24:24'),
(64, 4, '4671', NULL, 'Brian Cline', 'Ut consequat Earum', 'Eligendi veniam est', 'Ad veritatis invento', 'Voluptas sit et lab', 'Eius et soluta earum', NULL, NULL, '99', 'yared@gmail.com', 0.00, 34.2, NULL, NULL, 'pending', 'pending', 'Paypal', 'cash', 224.20, 0, NULL, NULL, NULL, 0, '2025-04-26 16:25:12', '2025-04-26 16:25:12'),
(65, 4, '0422', NULL, 'Brian Cline', 'Ut consequat Earum', 'Eligendi veniam est', 'Ad veritatis invento', 'Voluptas sit et lab', 'Eius et soluta earum', NULL, NULL, '99', 'yared@gmail.com', 0.00, 34.2, NULL, NULL, 'pending', 'pending', 'Paypal', 'cash', 224.20, 0, NULL, NULL, NULL, 0, '2025-04-26 16:26:00', '2025-04-26 16:26:00'),
(66, 4, '1115', NULL, 'Brian Cline', 'Ut consequat Earum', 'Eligendi veniam est', 'Ad veritatis invento', 'Voluptas sit et lab', 'Eius et soluta earum', NULL, NULL, '99', 'yared@gmail.com', 0.00, 34.2, NULL, NULL, 'pending', 'pending', 'Paypal', 'cash', 224.20, 0, NULL, NULL, NULL, 0, '2025-04-26 16:26:29', '2025-04-26 16:26:29'),
(67, 4, '0983', NULL, 'Brian Cline', 'Ut consequat Earum', 'Eligendi veniam est', 'Ad veritatis invento', 'Voluptas sit et lab', 'Eius et soluta earum', NULL, NULL, '99', 'yared@gmail.com', 0.00, 34.2, NULL, NULL, 'pending', 'pending', 'Paypal', 'cash', 224.20, 0, NULL, NULL, NULL, 0, '2025-04-26 16:27:58', '2025-04-26 16:27:58'),
(68, 4, '2337', NULL, 'Brian Cline', 'Ut consequat Earum', 'Eligendi veniam est', 'Ad veritatis invento', 'Voluptas sit et lab', 'Eius et soluta earum', NULL, NULL, '99', 'yared@gmail.com', 0.00, 34.2, NULL, NULL, 'pending', 'pending', 'Paypal', 'cash', 224.20, 0, NULL, NULL, NULL, 0, '2025-04-26 16:28:18', '2025-04-26 16:28:18'),
(69, 4, '4605', NULL, 'Brian Cline', 'Ut consequat Earum', 'Eligendi veniam est', 'Ad veritatis invento', 'Voluptas sit et lab', 'Eius et soluta earum', NULL, NULL, '99', 'yared@gmail.com', 0.00, 34.2, NULL, NULL, 'pending', 'pending', 'Paypal', 'manual', 224.20, 0, NULL, NULL, NULL, 0, '2025-04-28 13:04:59', '2025-04-28 13:04:59'),
(71, 4, '8179', NULL, 'Brian Cline', 'Ut consequat Earum', 'Eligendi veniam est', 'Ad veritatis invento', 'Voluptas sit et lab', 'Eius et soluta earum', NULL, NULL, '99', 'yared@gmail.com', 0.00, 42.75, '10000100', '4', 'pending', 'pending', 'Paypal', 'manual', 276.25, 0, NULL, NULL, NULL, 0, '2025-04-29 13:34:10', '2025-04-29 13:34:10'),
(72, 4, '6131', NULL, 'Brian Cline', 'Ut consequat Earum', 'Eligendi veniam est', 'Ad veritatis invento', 'Voluptas sit et lab', 'Eius et soluta earum', NULL, NULL, '99', 'yared@gmail.com', 0.00, 122.4, NULL, NULL, 'pending', 'pending', 'cash_on_delivery', NULL, 802.40, 0, NULL, NULL, NULL, 0, '2025-05-03 12:42:59', '2025-05-03 12:42:59'),
(73, 4, '5228', '1', 'Brian Cline', 'Ut consequat Earum', 'harar', 'Ad veritatis invento', 'Voluptas sit et lab', 'Eius et soluta earum', '9.9941028', '38.774638', '99', 'yared@gmail.com', 250.00, 61.2, NULL, NULL, 'delivered', 'pending', 'cash_on_delivery', NULL, 951.20, 20, NULL, NULL, NULL, 0, '2025-05-10 17:25:09', '2025-05-15 16:54:24'),
(74, 4, '4052', NULL, 'Brian Cline', 'Ut consequat Earum', 'harar', 'Ad veritatis invento', 'Voluptas sit et lab', 'Eius et soluta earum', NULL, NULL, '99', 'yared@gmail.com', 50.00, 61.2, NULL, NULL, 'new', 'pending', 'cash_on_delivery', 'cash_on_delivery', 451.20, 0, NULL, NULL, NULL, 0, '2025-05-19 10:14:39', '2025-05-19 10:14:39'),
(76, 4, '4986', NULL, 'Brian Cline', 'Ut consequat Earum', 'harar', 'Ad veritatis invento', 'Voluptas sit et lab', 'Eius et soluta earum', NULL, NULL, '99', 'yared@gmail.com', 2.00, 9.8, NULL, NULL, 'new', 'pending', 'cash_on_delivery', 'cash_on_delivery', 207.80, 0, NULL, NULL, NULL, 0, '2025-05-23 12:49:54', '2025-05-23 12:49:54'),
(82, 4, '9852', NULL, 'Brian Cline', 'Ut consequat Earum', 'harar', 'Ad veritatis invento', 'Voluptas sit et lab', 'Eius et soluta earum', NULL, NULL, '99', 'yared@gmail.com', 2.00, 2, NULL, NULL, 'new', 'pending', 'cash_on_delivery', 'cash_on_delivery', 54.00, 10, NULL, NULL, NULL, 0, '2025-05-23 13:04:06', '2025-05-23 13:04:06'),
(85, 4, '2334', NULL, 'Brian Cline', 'Ut consequat Earum', 'harar', 'Ad veritatis invento', 'Voluptas sit et lab', 'Eius et soluta earum', NULL, NULL, '99', 'yared@gmail.com', 200.00, 0, NULL, NULL, 'new', 'pending', 'cash_on_delivery', 'cash_on_delivery', 410.00, 10, NULL, NULL, NULL, 0, '2025-05-23 13:38:42', '2025-05-23 13:38:42'),
(92, 4, '8048', '1', 'Brian Cline', 'Ut consequat Earum', 'harar', 'Ad veritatis invento', 'Voluptas sit et lab', 'Eius et soluta earum', '8.9941028', '38.774638', '99', 'yared@gmail.com', 2.00, 20.25, NULL, NULL, 'picked', 'pending', 'cash_on_delivery', 'cash_on_delivery', 144.74, 10, NULL, NULL, NULL, 0, '2025-05-29 10:35:33', '2025-06-09 16:10:59'),
(93, 4, '6823', NULL, 'Mariam Small', 'In qui tempora ipsa', 'harar', NULL, '2', 'Ea corrupti sint qu', NULL, NULL, '39', 'yared@gmail.com', 2.00, 36, NULL, NULL, 'new', 'pending', 'Bank Transfer', 'bank_transfer', 247.99, 10, NULL, NULL, NULL, 0, '2025-06-09 12:54:10', '2025-06-09 12:54:10'),
(94, 4, '3312', NULL, 'Brian Cline', 'Ut consequat Earum', 'harar', 'Ad veritatis invento', 'Voluptas sit et lab', 'Eius et soluta earum', '9.02127', '38.7544', '99', 'yared@gmail.com', 2.00, 30.6, NULL, NULL, 'new', 'confirmed', 'Bank Transfer', 'bank_transfer', 202.59, 0, NULL, NULL, NULL, 0, '2025-06-09 12:56:23', '2025-06-09 13:42:45'),
(95, 4, '5612', NULL, 'Brian Cline', 'Ut consequat Earum', 'harar', 'Ad veritatis invento', 'Voluptas sit et lab', 'Eius et soluta earum', NULL, NULL, '99', 'yared@gmail.com', 2.00, 36, NULL, NULL, 'new', 'pending', 'Bank Transfer', 'Bank Transfer', 237.99, 0, NULL, NULL, NULL, 0, '2025-06-09 13:50:05', '2025-06-09 13:50:05'),
(96, 4, '5617', NULL, 'Brian Cline', 'Ut consequat Earum', 'harar', 'Ad veritatis invento', 'Voluptas sit et lab', 'Eius et soluta earum', '9.02127', '38.7544', '99', 'yared@gmail.com', 2.00, 36, NULL, NULL, 'new', 'pending', 'Cash On Delivery', 'Cash On Delivery', 247.99, 10, NULL, NULL, NULL, 0, '2025-06-16 09:56:08', '2025-06-16 09:56:08'),
(97, 4, '9362', NULL, 'Brian Cline', 'Ut consequat Earum', 'harar', 'Ad veritatis invento', 'Voluptas sit et lab', 'Eius et soluta earum', '9.02127', '38.7544', '99', 'yared@gmail.com', 2.00, 36, NULL, NULL, 'new', 'pending', 'Cash On Delivery', 'Cash On Delivery', 237.99, 0, NULL, NULL, NULL, 0, '2025-06-16 09:58:05', '2025-06-16 09:58:05'),
(98, 4, '4361', NULL, 'yared Ayele Debela', '14, adama', 'Mekele', 'Gambela', 'Ethiopia', '1009', '9.0191936', '38.7524635', '0912651113', 'yared@gmail.com', 2.00, 36, NULL, NULL, 'new', 'pending', 'Cash On Delivery', 'Cash On Delivery', 237.99, 0, NULL, NULL, NULL, 0, '2025-06-16 09:58:25', '2025-06-16 09:58:25'),
(99, 4, '0819', NULL, 'yared Ayele Debela', '14, adama', 'Mekele', 'Gambela', 'Ethiopia', '1009', '9.0191936', '38.7524635', '0912651113', 'yared@gmail.com', 2.00, 36, NULL, NULL, 'new', 'pending', 'Cash On Delivery', 'Cash On Delivery', 237.99, 0, NULL, NULL, NULL, 0, '2025-06-16 10:02:12', '2025-06-16 10:02:12'),
(100, 4, '5301', NULL, 'Brian Cline', 'Ut consequat Earum', 'harar', 'Ad veritatis invento', 'Voluptas sit et lab', 'Eius et soluta earum', '9.0191936', '38.7524635', '99', 'yared@gmail.com', 2.00, 30.6, NULL, NULL, 'new', 'pending', 'Cash On Delivery', 'Cash On Delivery', 202.59, 0, NULL, NULL, NULL, 0, '2025-06-16 10:06:50', '2025-06-16 10:06:50'),
(101, 4, '4085', NULL, 'yared Ayele Debela', '14, adama', 'Mekele', 'Gambela', 'Ethiopia', '1009', '9.0079232', '38.7678208', '0912651113', 'yared@gmail.com', 2.00, 1.5, NULL, NULL, 'new', 'pending', 'Cash On Delivery', 'Cash On Delivery', 33.49, 0, NULL, NULL, NULL, 0, '2025-06-18 09:37:34', '2025-06-18 09:37:34'),
(102, 4, '2282', NULL, 'Brian Cline', 'Ut consequat Earum', 'harar', 'Ad veritatis invento', 'Voluptas sit et lab', 'Eius et soluta earum', '9.02127', '38.7544', '99', 'yared@gmail.com', 2.00, 36, NULL, NULL, 'new', 'pending', 'Cash On Delivery', 'Cash On Delivery', 237.99, 0, NULL, NULL, NULL, 1, '2025-06-18 09:38:17', '2025-07-26 11:26:45'),
(104, 4, '9775', NULL, 'yared Ayele Debela', '14, adama', 'Mekele', 'Gambela', 'Ethiopia', '1009', '8.9882624', '38.7678208', '0912651113', 'yared@gmail.com', 100.11, 1.28, NULL, NULL, 'new', 'pending', 'Cash On Delivery', 'Cash On Delivery', 175.33, 10, NULL, NULL, NULL, 0, '2025-08-06 11:01:37', '2025-08-06 11:01:37'),
(105, 4, '3209', NULL, 'yared Ayele Debela', '14, adama', 'Mekele', 'Gambela', 'Ethiopia', '1009', '8.9882624', '38.7678208', '0912651113', 'yared@gmail.com', 101.11, 30.6, NULL, NULL, 'new', 'pending', 'Cash On Delivery', 'Cash On Delivery', 311.70, 10, NULL, NULL, NULL, 0, '2025-08-06 12:35:28', '2025-08-06 12:35:28'),
(106, 4, '8877', NULL, 'yared Ayele Debela', '14, adama', 'Mekele', 'Gambela', 'Ethiopia', '1009', '8.9882624', '38.7678208', '0912651113', 'yared@gmail.com', 101.11, 30.6, NULL, NULL, 'new', 'pending', 'Cash On Delivery', 'Cash On Delivery', 311.70, 10, NULL, NULL, NULL, 0, '2025-08-06 12:35:55', '2025-08-06 12:35:55');

-- --------------------------------------------------------

--
-- Table structure for table `orders_logs`
--

CREATE TABLE `orders_logs` (
  `id` bigint(20) UNSIGNED NOT NULL,
  `order_id` bigint(20) UNSIGNED NOT NULL,
  `order_item_id` bigint(20) UNSIGNED DEFAULT NULL,
  `order_status` varchar(255) NOT NULL,
  `reason` varchar(255) DEFAULT NULL,
  `updated_by` varchar(255) DEFAULT NULL,
  `created_at` timestamp NULL DEFAULT NULL,
  `updated_at` timestamp NULL DEFAULT NULL
) ENGINE=InnoDB DEFAULT CHARSET=utf8mb4 COLLATE=utf8mb4_unicode_ci;

--
-- Dumping data for table `orders_logs`
--

INSERT INTO `orders_logs` (`id`, `order_id`, `order_item_id`, `order_status`, `reason`, `updated_by`, `created_at`, `updated_at`) VALUES
(10, 20, NULL, 'Pending', NULL, NULL, '2024-06-13 10:43:31', '2024-06-13 10:43:31'),
(11, 73, NULL, 'Delivered', NULL, NULL, '2025-05-14 09:27:03', '2025-05-14 09:27:03'),
(12, 73, NULL, 'delivered', NULL, NULL, '2025-05-15 16:55:12', '2025-05-15 16:55:12'),
(13, 73, NULL, 'picked', NULL, NULL, '2025-05-15 17:52:17', '2025-05-15 17:52:17'),
(14, 73, NULL, 'delivering', NULL, NULL, '2025-05-15 17:57:46', '2025-05-15 17:57:46'),
(15, 73, NULL, 'picked', NULL, NULL, '2025-05-15 18:04:13', '2025-05-15 18:04:13'),
(16, 73, NULL, 'delivered', NULL, NULL, '2025-05-16 12:56:31', '2025-05-16 12:56:31'),
(17, 92, NULL, 'User Cancelled', 'Order Created by Mistake', 'User', '2025-06-02 03:25:21', '2025-06-02 03:25:21'),
(18, 92, NULL, 'User Cancelled', 'Item Not Arrive on Time', 'User', '2025-06-02 03:27:14', '2025-06-02 03:27:14'),
(19, 92, NULL, 'pending', NULL, NULL, '2025-06-03 13:27:57', '2025-06-03 13:27:57'),
(20, 92, NULL, 'pending', NULL, NULL, '2025-06-03 13:34:47', '2025-06-03 13:34:47'),
(21, 92, NULL, 'pending', NULL, NULL, '2025-06-03 13:35:56', '2025-06-03 13:35:56'),
(22, 92, NULL, 'confirmed', NULL, NULL, '2025-06-04 13:51:13', '2025-06-04 13:51:13'),
(23, 92, 76, 'delivering', NULL, NULL, '2025-06-04 13:51:27', '2025-06-04 13:51:27'),
(24, 92, NULL, 'picked', NULL, NULL, '2025-06-04 14:05:06', '2025-06-04 14:05:06'),
(25, 92, NULL, 'pending', NULL, NULL, '2025-06-04 14:11:10', '2025-06-04 14:11:10'),
(26, 92, NULL, 'pending', NULL, NULL, '2025-06-06 19:43:34', '2025-06-06 19:43:34'),
(27, 92, NULL, 'picked', NULL, NULL, '2025-06-09 16:11:00', '2025-06-09 16:11:00');

-- --------------------------------------------------------

--
-- Table structure for table `orders_products`
--

CREATE TABLE `orders_products` (
  `id` bigint(20) UNSIGNED NOT NULL,
  `order_id` bigint(20) UNSIGNED NOT NULL,
  `user_id` bigint(20) UNSIGNED NOT NULL,
  `vendor_id` bigint(20) UNSIGNED NOT NULL,
  `order_product_code` varchar(255) NOT NULL,
  `admin_id` bigint(20) UNSIGNED NOT NULL,
  `product_id` bigint(20) UNSIGNED NOT NULL,
  `product_code` varchar(255) NOT NULL,
  `product_name` varchar(255) NOT NULL,
  `product_color` varchar(255) NOT NULL,
  `product_size` varchar(255) NOT NULL,
  `product_price` double(8,2) NOT NULL,
  `product_qty` int(11) NOT NULL,
  `item_status` varchar(255) DEFAULT NULL,
  `accepted` varchar(255) DEFAULT NULL,
  `courier_name` varchar(255) DEFAULT NULL,
  `tracking_number` varchar(255) DEFAULT NULL,
  `discount_type` varchar(255) DEFAULT NULL,
  `discounted_price` varchar(255) DEFAULT NULL,
  `specail_discount` varchar(255) NOT NULL DEFAULT '0',
  `admin_commission` varchar(255) DEFAULT NULL,
  `vendor_earning` varchar(255) DEFAULT NULL,
  `created_at` timestamp NULL DEFAULT NULL,
  `updated_at` timestamp NULL DEFAULT NULL
) ENGINE=InnoDB DEFAULT CHARSET=utf8mb4 COLLATE=utf8mb4_unicode_ci;

--
-- Dumping data for table `orders_products`
--

INSERT INTO `orders_products` (`id`, `order_id`, `user_id`, `vendor_id`, `order_product_code`, `admin_id`, `product_id`, `product_code`, `product_name`, `product_color`, `product_size`, `product_price`, `product_qty`, `item_status`, `accepted`, `courier_name`, `tracking_number`, `discount_type`, `discounted_price`, `specail_discount`, `admin_commission`, `vendor_earning`, `created_at`, `updated_at`) VALUES
(35, 42, 4, 0, '7836', 4, 4, '4KTV-004', '4K Camera', 'Black', 'S', 190.00, 1, NULL, NULL, NULL, NULL, NULL, NULL, '0', NULL, NULL, '2025-04-26 11:23:36', '2025-04-26 11:23:36'),
(36, 43, 4, 0, '4601', 4, 4, '4KTV-004', '4K Camera', 'Black', 'S', 190.00, 1, NULL, NULL, NULL, NULL, NULL, NULL, '0', NULL, NULL, '2025-04-26 11:23:57', '2025-04-26 11:23:57'),
(37, 44, 4, 0, '5598', 4, 4, '4KTV-004', '4K Camera', 'Black', 'S', 190.00, 1, NULL, NULL, NULL, NULL, NULL, NULL, '0', NULL, NULL, '2025-04-26 11:23:59', '2025-04-26 11:23:59'),
(38, 45, 4, 0, '6706', 4, 4, '4KTV-004', '4K Camera', 'Black', 'S', 190.00, 1, NULL, NULL, NULL, NULL, NULL, NULL, '0', NULL, NULL, '2025-04-26 11:23:59', '2025-04-26 11:23:59'),
(39, 46, 4, 0, '6325', 4, 4, '4KTV-004', '4K Camera', 'Black', 'S', 190.00, 1, NULL, NULL, NULL, NULL, NULL, NULL, '0', NULL, NULL, '2025-04-26 11:24:29', '2025-04-26 11:24:29'),
(40, 47, 4, 0, '3447', 4, 4, '4KTV-004', '4K Camera', 'Black', 'S', 190.00, 1, NULL, NULL, NULL, NULL, NULL, NULL, '0', NULL, NULL, '2025-04-26 11:26:41', '2025-04-26 11:26:41'),
(41, 48, 4, 0, '6768', 4, 4, '4KTV-004', '4K Camera', 'Black', 'S', 190.00, 1, NULL, NULL, NULL, NULL, NULL, NULL, '0', NULL, NULL, '2025-04-26 11:26:54', '2025-04-26 11:26:54'),
(42, 49, 4, 0, '3763', 4, 4, '4KTV-004', '4K Camera', 'Black', 'S', 190.00, 1, NULL, NULL, NULL, NULL, NULL, NULL, '0', NULL, NULL, '2025-04-26 11:30:58', '2025-04-26 11:30:58'),
(43, 50, 4, 0, '6445', 4, 4, '4KTV-004', '4K Camera', 'Black', 'S', 190.00, 1, NULL, NULL, NULL, NULL, NULL, NULL, '0', NULL, NULL, '2025-04-26 11:32:01', '2025-04-26 11:32:01'),
(44, 51, 4, 0, '0069', 4, 4, '4KTV-004', '4K Camera', 'Black', 'S', 190.00, 1, NULL, NULL, NULL, NULL, NULL, NULL, '0', NULL, NULL, '2025-04-26 11:34:44', '2025-04-26 11:34:44'),
(46, 53, 4, 0, '9537', 4, 4, '4KTV-004', '4K Camera', 'Black', 'S', 190.00, 1, NULL, NULL, NULL, NULL, NULL, NULL, '0', NULL, NULL, '2025-04-26 11:36:46', '2025-04-26 11:36:46'),
(47, 54, 4, 0, '2001', 4, 4, '4KTV-004', '4K Camera', 'Black', 'S', 190.00, 1, NULL, NULL, NULL, NULL, NULL, NULL, '0', NULL, NULL, '2025-04-26 11:37:52', '2025-04-26 11:37:52'),
(48, 55, 4, 0, '3325', 4, 4, '4KTV-004', '4K Camera', 'Black', 'S', 190.00, 1, NULL, NULL, NULL, NULL, NULL, NULL, '0', NULL, NULL, '2025-04-26 11:38:10', '2025-04-26 11:38:10'),
(49, 56, 4, 0, '7882', 4, 4, '4KTV-004', '4K Camera', 'Black', 'S', 190.00, 1, NULL, NULL, NULL, NULL, NULL, NULL, '0', NULL, NULL, '2025-04-26 11:38:26', '2025-04-26 11:38:26'),
(50, 57, 4, 0, '7342', 4, 4, '4KTV-004', '4K Camera', 'Black', 'S', 190.00, 1, NULL, NULL, NULL, NULL, NULL, NULL, '0', NULL, NULL, '2025-04-26 11:38:35', '2025-04-26 11:38:35'),
(51, 58, 4, 0, '2805', 4, 4, '4KTV-004', '4K Camera', 'Black', 'S', 190.00, 1, NULL, NULL, NULL, NULL, NULL, NULL, '0', NULL, NULL, '2025-04-26 16:09:26', '2025-04-26 16:09:26'),
(52, 59, 4, 0, '2799', 4, 4, '4KTV-004', '4K Camera', 'Black', 'S', 190.00, 1, NULL, NULL, NULL, NULL, NULL, NULL, '0', NULL, NULL, '2025-04-26 16:09:35', '2025-04-26 16:09:35'),
(53, 60, 4, 0, '4322', 4, 4, '4KTV-004', '4K Camera', 'Black', 'S', 190.00, 1, NULL, NULL, NULL, NULL, NULL, NULL, '0', NULL, NULL, '2025-04-26 16:11:41', '2025-04-26 16:11:41'),
(54, 61, 4, 0, '7757', 4, 4, '4KTV-004', '4K Camera', 'Black', 'S', 190.00, 1, NULL, NULL, NULL, NULL, NULL, NULL, '0', NULL, NULL, '2025-04-26 16:13:28', '2025-04-26 16:13:28'),
(55, 62, 4, 0, '1572', 4, 4, '4KTV-004', '4K Camera', 'Black', 'S', 190.00, 1, NULL, NULL, NULL, NULL, NULL, NULL, '0', NULL, NULL, '2025-04-26 16:14:12', '2025-04-26 16:14:12'),
(56, 63, 4, 0, '5421', 4, 4, '4KTV-004', '4K Camera', 'Black', 'S', 190.00, 1, NULL, NULL, NULL, NULL, NULL, NULL, '0', NULL, NULL, '2025-04-26 16:24:24', '2025-04-26 16:24:24'),
(57, 64, 4, 0, '6412', 4, 4, '4KTV-004', '4K Camera', 'Black', 'S', 190.00, 1, NULL, NULL, NULL, NULL, NULL, NULL, '0', NULL, NULL, '2025-04-26 16:25:12', '2025-04-26 16:25:12'),
(58, 65, 4, 0, '1617', 4, 4, '4KTV-004', '4K Camera', 'Black', 'S', 190.00, 1, NULL, NULL, NULL, NULL, NULL, NULL, '0', NULL, NULL, '2025-04-26 16:26:00', '2025-04-26 16:26:00'),
(59, 66, 4, 0, '9614', 4, 4, '4KTV-004', '4K Camera', 'Black', 'S', 190.00, 1, NULL, NULL, NULL, NULL, NULL, NULL, '0', NULL, NULL, '2025-04-26 16:26:29', '2025-04-26 16:26:29'),
(60, 67, 4, 0, '4406', 4, 4, '4KTV-004', '4K Camera', 'Black', 'S', 190.00, 1, NULL, NULL, NULL, NULL, NULL, NULL, '0', NULL, NULL, '2025-04-26 16:27:58', '2025-04-26 16:27:58'),
(61, 68, 4, 0, '3821', 4, 4, '4KTV-004', '4K Camera', 'Black', 'S', 190.00, 1, NULL, NULL, NULL, NULL, NULL, NULL, '0', NULL, NULL, '2025-04-26 16:28:18', '2025-04-26 16:28:18'),
(62, 69, 4, 61, '0400', 4, 4, '4KTV-004', '4K Camera', 'Black', 'S', 190.00, 1, NULL, NULL, NULL, NULL, NULL, NULL, '0', NULL, NULL, '2025-04-28 13:04:59', '2025-04-28 13:04:59'),
(63, 71, 4, 61, '6580', 4, 67, '4KTV-004', '4K Camera', 'Black', 'M', 237.50, 1, NULL, NULL, NULL, NULL, NULL, NULL, '0', NULL, NULL, '2025-04-29 13:34:10', '2025-04-29 13:34:10'),
(64, 72, 4, 0, '2321', 4, 15, 'GCG2-015', 'Gaming Chair G2', 'Green', 'Lg', 340.00, 2, NULL, NULL, NULL, NULL, NULL, NULL, '0', NULL, NULL, '2025-05-03 12:42:59', '2025-05-03 12:42:59'),
(65, 73, 4, 2, '3815', 4, 65, 'asslk', 'Laptop', 'Red', 'L', 300.00, 1, 'picked', 'accepted', NULL, NULL, NULL, NULL, '0', NULL, NULL, '2025-05-10 17:25:09', '2025-05-15 17:52:17'),
(66, 73, 4, 0, '9324', 4, 15, 'GCG2-015', 'Gaming Chair G2', 'Green', 'Lg', 340.00, 1, 'picked', 'accepted', NULL, NULL, NULL, NULL, '0', NULL, NULL, '2025-05-10 17:25:09', '2025-05-15 18:04:13'),
(67, 74, 4, 0, '6901', 4, 15, 'GCG2-015', 'Gaming Chair G2', 'Green', 'Lg', 340.00, 1, NULL, NULL, NULL, NULL, NULL, NULL, '0', NULL, NULL, '2025-05-19 10:14:39', '2025-05-19 10:14:39'),
(68, 76, 4, 1, '9360', 4, 67, 'asdlkjf', 'lasdkjflk', 'Red', 'M', 98.00, 2, NULL, NULL, NULL, NULL, NULL, NULL, '0', NULL, NULL, '2025-05-23 12:49:54', '2025-05-23 12:49:54'),
(74, 82, 4, 1, '4220', 4, 67, 'asdlkjf', 'lasdkjflk', 'Red', '', 19.60, 2, NULL, NULL, NULL, NULL, NULL, NULL, '0', NULL, NULL, '2025-05-23 13:04:06', '2025-05-23 13:04:06'),
(75, 85, 4, 2, '9947', 4, 65, 'asslk', 'Laptop', 'Red', '', 100.00, 2, NULL, NULL, NULL, NULL, NULL, NULL, '0', NULL, NULL, '2025-05-23 13:38:42', '2025-05-23 13:38:42'),
(76, 92, 4, 0, '2452', 4, 12, 'NCH1-012', 'Noise-Cancelling Headphones H1', 'Black', '', 112.49, 1, 'ReturnApproved', NULL, NULL, NULL, NULL, NULL, '0', '11.25', '101.2425', '2025-05-29 10:35:33', '2025-06-05 10:51:03'),
(77, 93, 4, 0, '0002', 4, 15, 'GCG2-015', 'Gaming Chair G2', 'Green', '', 169.99, 1, NULL, NULL, NULL, NULL, NULL, NULL, '0', NULL, NULL, '2025-06-09 12:54:10', '2025-06-09 12:54:10'),
(78, 94, 4, 0, '1333', 4, 15, 'GCG2-015', 'Gaming Chair G2', 'Green', '', 169.99, 1, NULL, NULL, NULL, NULL, NULL, NULL, '0', '17', '152.9915', '2025-06-09 12:56:23', '2025-06-09 12:56:23'),
(79, 95, 4, 0, '2677', 4, 15, 'GCG2-015', 'Gaming Chair G2', 'Green', '', 169.99, 1, NULL, NULL, NULL, NULL, NULL, NULL, '0', NULL, NULL, '2025-06-09 13:50:05', '2025-06-09 13:50:05'),
(80, 96, 4, 0, '5163', 4, 15, 'GCG2-015', 'Gaming Chair G2', 'Green', '', 169.99, 1, NULL, NULL, NULL, NULL, NULL, NULL, '0', NULL, NULL, '2025-06-16 09:56:08', '2025-06-16 09:56:08'),
(81, 97, 4, 0, '8261', 4, 15, 'GCG2-015', 'Gaming Chair G2', 'Green', '', 169.99, 1, NULL, NULL, NULL, NULL, NULL, NULL, '0', NULL, NULL, '2025-06-16 09:58:05', '2025-06-16 09:58:05'),
(82, 98, 4, 0, '5205', 4, 15, 'GCG2-015', 'Gaming Chair G2', 'Green', '', 169.99, 1, NULL, NULL, NULL, NULL, NULL, NULL, '0', NULL, NULL, '2025-06-16 09:58:25', '2025-06-16 09:58:25'),
(83, 99, 4, 0, '7523', 4, 15, 'GCG2-015', 'Gaming Chair G2', 'Green', '', 169.99, 1, NULL, NULL, NULL, NULL, NULL, NULL, '0', NULL, NULL, '2025-06-16 10:02:12', '2025-06-16 10:02:12'),
(84, 100, 4, 0, '8402', 4, 15, 'GCG2-015', 'Gaming Chair G2', 'Green', '', 169.99, 1, NULL, NULL, NULL, NULL, NULL, NULL, '0', '17', '152.9915', '2025-06-16 10:06:50', '2025-06-16 10:06:50'),
(85, 101, 4, 0, '9340', 4, 8, 'GM5-008', 'Gaming Mouse GM5', 'Green', '', 28.49, 1, NULL, NULL, NULL, NULL, NULL, NULL, '0', NULL, NULL, '2025-06-18 09:37:34', '2025-06-18 09:37:34'),
(86, 102, 4, 0, '6645', 4, 15, 'GCG2-015', 'Gaming Chair G2', 'Green', '', 169.99, 1, NULL, NULL, NULL, NULL, NULL, NULL, '0', NULL, NULL, '2025-06-18 09:38:17', '2025-06-18 09:38:17'),
(89, 105, 4, 0, '9160', 4, 15, 'GCG2-015', 'Gaming Chair G2', 'Green', '', 169.99, 1, NULL, NULL, NULL, NULL, NULL, NULL, '0', '17', '152.9915', '2025-08-06 12:35:28', '2025-08-06 12:35:28'),
(90, 106, 4, 0, '6921', 4, 15, 'GCG2-015', 'Gaming Chair G2', 'Green', '', 169.99, 1, NULL, NULL, NULL, NULL, NULL, NULL, '0', '17', '152.9915', '2025-08-06 12:35:55', '2025-08-06 12:35:55');

-- --------------------------------------------------------

--
-- Table structure for table `order_item_status`
--

CREATE TABLE `order_item_status` (
  `id` bigint(20) UNSIGNED NOT NULL,
  `name` varchar(255) NOT NULL,
  `status` varchar(4) DEFAULT NULL,
  `created_at` timestamp NULL DEFAULT NULL,
  `updated_at` timestamp NULL DEFAULT NULL
) ENGINE=InnoDB DEFAULT CHARSET=utf8mb4 COLLATE=utf8mb4_unicode_ci;

--
-- Dumping data for table `order_item_status`
--

INSERT INTO `order_item_status` (`id`, `name`, `status`, `created_at`, `updated_at`) VALUES
(1, 'pending', '1', NULL, NULL),
(2, 'delivering', '1', NULL, NULL),
(3, 'picked', '1', NULL, NULL),
(4, 'delivered', '1', NULL, NULL);

-- --------------------------------------------------------

--
-- Table structure for table `order_status`
--

CREATE TABLE `order_status` (
  `id` bigint(20) UNSIGNED NOT NULL,
  `name` varchar(255) NOT NULL,
  `status` tinyint(4) NOT NULL,
  `created_at` timestamp NULL DEFAULT NULL,
  `updated_at` timestamp NULL DEFAULT NULL
) ENGINE=InnoDB DEFAULT CHARSET=utf8mb4 COLLATE=utf8mb4_unicode_ci;

--
-- Dumping data for table `order_status`
--

INSERT INTO `order_status` (`id`, `name`, `status`, `created_at`, `updated_at`) VALUES
(1, 'new', 1, NULL, NULL),
(2, 'pending', 1, NULL, NULL),
(3, 'confirmed', 1, NULL, NULL),
(4, 'picked', 1, NULL, NULL),
(16, 'delivering', 1, NULL, NULL),
(17, 'delivered', 1, NULL, NULL),
(18, 'cancelled', 1, NULL, NULL);

-- --------------------------------------------------------

--
-- Table structure for table `out_of_stock_requests`
--

CREATE TABLE `out_of_stock_requests` (
  `id` bigint(20) UNSIGNED NOT NULL,
  `product_id` bigint(20) UNSIGNED NOT NULL,
  `customer_id` bigint(20) UNSIGNED NOT NULL,
  `vendor_id` bigint(20) UNSIGNED NOT NULL,
  `message` text DEFAULT NULL,
  `read_at` timestamp NULL DEFAULT NULL,
  `is_new` int(1) NOT NULL DEFAULT 0,
  `created_at` timestamp NULL DEFAULT NULL,
  `updated_at` timestamp NULL DEFAULT NULL
) ENGINE=InnoDB DEFAULT CHARSET=utf8mb4 COLLATE=utf8mb4_general_ci;

--
-- Dumping data for table `out_of_stock_requests`
--

INSERT INTO `out_of_stock_requests` (`id`, `product_id`, `customer_id`, `vendor_id`, `message`, `read_at`, `is_new`, `created_at`, `updated_at`) VALUES
(11, 66, 4, 1, 'kjhk jkjh kjh kjhkjh jj jkhk', NULL, 1, '2025-05-08 12:55:58', '2025-05-08 14:16:37'),
(12, 66, 4, 1, 'kjhk jkjh kjh kjhkjh jj jkhk', NULL, 1, '2025-05-08 13:04:33', '2025-05-08 13:37:14'),
(13, 66, 4, 1, 'kjhk jkjh kjh kjhkjh jj jkhk', NULL, 0, '2025-05-08 13:33:10', '2025-05-08 13:33:10'),
(14, 66, 4, 1, 'aksdjfl jlkasjd flkajsf lkasjflkdsajfsa', NULL, 1, '2025-05-08 14:16:58', '2025-05-10 19:16:34');

-- --------------------------------------------------------

--
-- Table structure for table `password_resets`
--

CREATE TABLE `password_resets` (
  `email` varchar(255) NOT NULL,
  `token` varchar(255) NOT NULL,
  `created_at` timestamp NULL DEFAULT NULL
) ENGINE=InnoDB DEFAULT CHARSET=utf8mb4 COLLATE=utf8mb4_unicode_ci;

--
-- Dumping data for table `password_resets`
--

INSERT INTO `password_resets` (`email`, `token`, `created_at`) VALUES
('sales@gmail.com', '$2y$12$/qCVG8QdImbHaySit4x4pOWO/AAQd6zk6TUCqzwyBnolzOzzEWVju', '2024-06-15 15:41:26'),
('admin@gmail.com', 'rEpBZCTFHYpTTQB3tbU9BufPFATEtRhyfKLXmE2ep9JgK55reCkJt3g3GSvcUHaL', '2025-05-16 17:38:02');

-- --------------------------------------------------------

--
-- Table structure for table `payments`
--

CREATE TABLE `payments` (
  `id` bigint(20) UNSIGNED NOT NULL,
  `order_id` bigint(20) UNSIGNED NOT NULL,
  `user_id` bigint(20) UNSIGNED NOT NULL,
  `payment_id` varchar(255) NOT NULL,
  `payer_id` varchar(255) NOT NULL,
  `payer_email` varchar(255) NOT NULL,
  `amount` double(10,2) DEFAULT NULL,
  `currency` varchar(255) NOT NULL,
  `payment_status` varchar(255) NOT NULL,
  `created_at` timestamp NULL DEFAULT NULL,
  `updated_at` timestamp NULL DEFAULT NULL
) ENGINE=InnoDB DEFAULT CHARSET=utf8mb4 COLLATE=utf8mb4_unicode_ci;

--
-- Dumping data for table `payments`
--

INSERT INTO `payments` (`id`, `order_id`, `user_id`, `payment_id`, `payer_id`, `payer_email`, `amount`, `currency`, `payment_status`, `created_at`, `updated_at`) VALUES
(6, 73, 4, '0fvpc4uTJy1AUiNy', '4', 'yared@gmail.com', 640.00, 'Birr', 'approved', '2025-05-13 16:49:54', '2025-05-13 16:49:54');

-- --------------------------------------------------------

--
-- Table structure for table `permissions`
--

CREATE TABLE `permissions` (
  `id` bigint(20) UNSIGNED NOT NULL,
  `category_id` bigint(20) UNSIGNED DEFAULT NULL,
  `name` varchar(255) NOT NULL,
  `created_at` timestamp NULL DEFAULT NULL,
  `updated_at` timestamp NULL DEFAULT NULL
) ENGINE=InnoDB DEFAULT CHARSET=utf8mb4 COLLATE=utf8mb4_unicode_ci;

--
-- Dumping data for table `permissions`
--

INSERT INTO `permissions` (`id`, `category_id`, `name`, `created_at`, `updated_at`) VALUES
(1, 6, 'view_admins', NULL, '2023-12-27 10:11:48'),
(2, 6, 'create_admin', NULL, NULL),
(3, 4, 'assign_role', NULL, '2023-12-27 10:12:39'),
(4, 5, 'view_permission', NULL, '2023-12-27 10:12:05'),
(5, 4, 'view_role', NULL, '2023-12-27 10:12:25'),
(6, 6, 'view_admin', NULL, NULL),
(7, 19, 'view_delivery_boy', NULL, '2023-12-27 10:12:58'),
(8, 6, 'create_admin', NULL, NULL),
(9, 20, 'view_advertisment', '2023-11-11 21:04:13', '2023-12-27 10:14:32'),
(10, 20, 'create_advertisment', '2023-11-11 21:04:21', '2023-11-11 21:04:21'),
(11, 20, 'edit_advertisment', '2023-11-11 21:04:34', '2023-11-11 21:04:34'),
(12, 20, 'delete_advertisment', '2023-11-11 21:04:46', '2023-11-11 21:04:46'),
(13, 27, 'edit_appsetting', '2023-11-11 21:05:01', '2023-11-11 21:05:01'),
(14, 2, 'view_banners', '2023-11-11 21:05:40', '2023-11-11 21:05:40'),
(15, 2, 'create_banners', '2023-11-11 21:05:48', '2023-12-27 10:11:06'),
(16, 2, 'edit_banners', '2023-11-11 21:05:59', '2023-11-11 21:05:59'),
(17, 2, 'delete_banners', '2023-11-11 21:06:11', '2023-11-11 21:06:11'),
(18, 12, 'view_brand', '2023-11-11 21:06:52', '2023-11-11 21:06:52'),
(19, 12, 'create_brand', '2023-11-11 21:07:01', '2023-11-11 21:07:01'),
(20, 12, 'edit_brand', '2023-11-11 21:07:11', '2023-11-11 21:07:11'),
(21, 12, 'delete_brand', '2023-11-11 21:07:21', '2023-11-11 21:07:21'),
(22, 3, 'view_category', '2023-11-11 21:07:49', '2023-11-11 21:07:49'),
(23, 3, 'create_category', '2023-11-11 21:08:01', '2023-11-11 21:08:01'),
(24, 3, 'edit_category', '2023-11-11 21:08:14', '2023-11-11 21:08:14'),
(25, 3, 'delete_category', '2023-11-11 21:08:33', '2023-11-11 21:08:33'),
(26, 22, 'view_cmspage', '2023-11-11 21:08:54', '2023-11-11 21:08:54'),
(27, 22, 'create_cmspage', '2023-11-11 21:09:04', '2023-11-11 21:09:04'),
(28, 22, 'edit_cmspage', '2023-11-11 21:09:14', '2023-11-11 21:09:14'),
(29, 22, 'delete_cmspage', '2023-11-11 21:09:26', '2023-11-11 21:09:26'),
(30, 15, 'view_coupon', '2023-11-11 21:09:42', '2023-11-11 21:09:42'),
(31, 15, 'delete_coupon', '2023-11-11 21:09:54', '2023-11-11 21:09:54'),
(32, 15, 'create_coupon', '2023-11-11 21:10:08', '2023-11-11 21:10:08'),
(33, 15, 'edit_coupon', '2023-11-11 21:10:18', '2023-11-11 21:10:18'),
(34, 19, 'create_delivery_boy', '2023-11-11 21:11:22', '2023-11-11 21:11:22'),
(35, 19, 'edit_delivery_boy', '2023-11-11 21:11:33', '2023-11-11 21:11:33'),
(36, 19, 'delete_delivery_boy', '2023-11-11 21:11:44', '2023-11-11 21:11:44'),
(37, 14, 'view_filters', '2023-11-11 21:12:09', '2023-11-11 21:12:09'),
(38, 14, 'create_filters', '2023-11-11 21:12:20', '2023-11-11 21:12:20'),
(39, 14, 'view_filters_value', '2023-11-11 21:12:30', '2023-11-11 21:12:30'),
(40, 14, 'create_filters_value', '2023-11-11 21:12:40', '2023-11-11 21:12:40'),
(41, 1, 'view_group', '2023-11-11 21:13:55', '2023-11-11 21:13:55'),
(42, 1, 'create_group', '2023-11-11 21:14:03', '2023-11-11 21:14:03'),
(43, 1, 'edit_group', '2023-11-11 21:14:12', '2023-11-11 21:14:12'),
(44, 1, 'delete_group', '2023-11-11 21:14:20', '2023-11-11 21:14:20'),
(45, 17, 'view_orders', '2023-11-11 21:18:00', '2023-11-11 21:18:00'),
(46, 17, 'view_orders_details', '2023-11-11 21:18:08', '2023-11-11 21:18:08'),
(47, 17, 'update_order_status', '2023-11-11 21:18:25', '2023-11-11 21:18:25'),
(48, 17, 'update_order_item_status', '2023-11-11 21:18:41', '2023-11-11 21:18:41'),
(49, 17, 'view_order_invoice', '2023-11-11 21:19:02', '2023-11-11 21:19:02'),
(50, 18, 'view_return_request', '2023-11-11 21:19:31', '2023-11-11 21:19:31'),
(51, 18, 'edit_return_request', '2023-11-11 21:19:39', '2023-11-11 21:19:39'),
(52, 16, 'view_product', '2023-11-11 21:20:09', '2023-11-11 21:20:09'),
(53, 16, 'delete_product', '2023-11-11 21:20:27', '2023-11-11 21:20:27'),
(54, 16, 'add_product', '2023-11-11 21:20:34', '2023-11-11 21:20:34'),
(55, 16, 'edit_product', '2023-11-11 21:20:48', '2023-11-11 21:20:48'),
(56, 16, 'add_attribute', '2023-11-11 21:21:01', '2023-11-11 21:21:01'),
(57, 16, 'edit_attribute', '2023-11-11 21:21:15', '2023-11-11 21:21:15'),
(58, 16, 'delete_attribute', '2023-11-11 21:21:26', '2023-11-11 21:21:26'),
(59, 16, 'add_image_to_product', '2023-11-11 21:21:34', '2023-11-11 21:21:34'),
(60, 16, 'delete_product_image', '2023-11-11 21:21:44', '2023-11-11 21:21:44'),
(61, 16, 'view_product_rating', '2023-11-11 21:30:07', '2023-11-11 21:30:07'),
(62, 16, 'delete_product_rating', '2023-11-11 21:30:19', '2023-11-11 21:30:19'),
(63, 7, 'view_users', '2023-11-11 21:30:44', '2023-11-11 21:30:44'),
(64, 7, 'create_user', '2023-11-11 21:30:52', '2023-11-11 21:30:52'),
(65, 7, 'edit_user', '2023-11-11 21:31:03', '2023-11-11 21:31:03'),
(66, 7, 'delete_user', '2023-11-11 21:31:13', '2023-11-11 21:31:13'),
(67, 21, 'view_shipping_charge', '2023-11-11 21:31:30', '2023-11-11 21:31:30'),
(68, 21, 'create_shipping_charge', '2023-11-11 21:31:39', '2023-11-11 21:31:39'),
(69, 21, 'edit_shipping_charge', '2023-11-11 21:31:47', '2023-11-11 21:31:47'),
(70, 21, 'delete_shipping_charge', '2023-11-11 21:32:06', '2023-11-11 21:32:06'),
(71, 23, 'view_newsletters', '2023-11-11 21:32:18', '2023-11-11 21:32:18'),
(72, 23, 'delete_newsletter', '2023-11-11 21:32:32', '2023-11-11 21:32:32'),
(73, 6, 'edit_admin', '2023-11-11 21:33:04', '2023-11-11 21:33:04'),
(74, 8, 'view_vendor_detail', '2023-11-11 21:33:25', '2023-11-11 21:33:25'),
(75, 6, 'view_all_admins', '2023-11-11 21:33:35', '2023-11-11 21:33:35'),
(76, 11, 'view_flash_deal', '2023-11-11 21:59:51', '2023-11-11 21:59:51'),
(78, 17, 'assing_delivery_boy_to_order', '2023-11-14 10:03:41', '2023-11-14 10:03:41'),
(79, 34, 'manage_appsetting', '2023-11-16 22:16:21', '2023-11-16 22:16:21'),
(80, 31, 'view warehouse', '2023-11-16 22:16:33', '2023-11-17 00:11:26'),
(81, 31, 'edit_warehouse', '2023-11-17 00:11:53', '2023-11-17 00:11:53'),
(82, 31, 'delete_warehouse', '2023-11-17 00:12:07', '2023-11-17 00:12:07'),
(83, 31, 'create_warehouse', '2023-11-17 00:12:20', '2023-11-17 00:12:20'),
(84, 13, 'view_color', '2023-12-07 08:31:26', '2023-12-07 08:31:26'),
(85, 13, 'add_color', '2023-12-07 08:31:47', '2023-12-07 08:31:47'),
(86, 13, 'edit_color', '2023-12-07 08:31:55', '2023-12-07 08:31:55'),
(87, 13, 'delete_color', '2023-12-07 08:32:06', '2023-12-07 08:32:06'),
(88, 24, 'view_faq', '2023-12-08 07:17:41', '2023-12-08 07:17:41'),
(89, 24, 'add_faq', '2023-12-08 07:17:50', '2023-12-08 07:17:50'),
(90, 24, 'edit_faq', '2023-12-08 07:17:57', '2023-12-08 07:17:57'),
(91, 24, 'delete_faq', '2023-12-08 07:18:06', '2023-12-08 07:18:06'),
(92, 8, 'delete_vendor', '2023-12-18 17:15:33', '2023-12-18 17:15:33'),
(93, 8, 'view_vendor', '2023-12-18 17:15:46', '2023-12-18 17:15:46'),
(94, 14, 'delete_filter', '2023-12-19 21:15:40', '2023-12-19 21:15:40'),
(95, 14, 'delete_filter_value', '2023-12-19 21:19:21', '2023-12-19 21:19:21'),
(96, 14, 'edit_filter_value', '2023-12-19 21:19:33', '2023-12-19 21:19:33'),
(99, 9, 'blogs', '2023-12-27 10:04:52', '2023-12-27 10:04:52'),
(100, 13, 'view_colors', '2023-12-27 10:06:52', '2023-12-27 10:06:52'),
(101, 26, 'view product reports', '2023-12-29 20:22:16', '2023-12-29 20:22:16'),
(102, 26, 'view order reports', '2023-12-29 20:22:37', '2023-12-29 20:22:37'),
(103, 26, 'view order product reports', '2023-12-29 20:23:03', '2023-12-29 20:23:03'),
(104, 26, 'view stock product reports', '2023-12-29 20:23:40', '2023-12-29 20:23:40'),
(105, 26, 'view stock transferred reports', '2023-12-29 20:24:13', '2023-12-29 20:24:13'),
(106, 26, 'view custom order reports', '2023-12-29 20:24:41', '2023-12-29 20:25:51'),
(107, 26, 'view customer reports', '2023-12-29 20:25:06', '2023-12-29 20:25:06'),
(108, 26, 'view vendor reports', '2023-12-29 20:25:32', '2023-12-29 20:25:32'),
(110, 9, 'view blog', '2024-01-12 19:19:41', NULL),
(111, 9, 'add blog', '2024-01-12 19:19:41', NULL),
(112, 9, 'edit blog', '2024-01-12 19:19:41', NULL),
(113, 9, 'delete blog', '2024-01-12 19:19:41', NULL),
(114, 9, 'view blog category', '2024-01-13 01:42:02', '2024-01-13 01:42:02'),
(115, 9, 'add blog category', '2024-01-13 01:42:16', '2024-01-13 01:42:16'),
(116, 9, 'edit blog category', '2024-01-13 01:42:42', '2024-01-13 01:42:42'),
(117, 9, 'delete blog category', '2024-01-13 01:43:05', '2024-01-13 01:43:05'),
(118, 9, 'view blog comment', '2024-01-13 01:46:33', '2024-01-13 01:46:33'),
(119, 9, 'edit blog comment', '2024-01-13 01:46:46', '2024-01-13 01:46:46'),
(120, 9, 'delete blog comment', '2024-01-13 01:47:05', '2024-01-13 01:47:05'),
(128, 19, 'view delivery zone', '2024-01-12 20:55:03', NULL),
(129, 19, 'add delivery zone', '2024-01-12 20:55:03', NULL),
(130, 19, 'edit delivery zone', '2024-01-12 20:55:03', NULL),
(131, 19, 'delete delivery zone', '2024-01-12 20:55:03', NULL),
(132, 19, 'view deliveryman type', '2024-01-12 20:55:03', NULL),
(133, 19, 'add deliveryman type', '2024-01-12 20:55:03', NULL),
(134, 19, 'edit deliveryman type', '2024-01-12 20:55:03', NULL),
(135, 19, 'delete deliveryman type', '2024-01-12 20:55:03', NULL),
(136, 19, 'view vehicle type', '2024-01-12 20:55:03', NULL),
(137, 19, 'add vehicle type', '2024-01-12 20:55:03', NULL),
(138, 19, 'edit vehicle type', '2024-01-12 20:55:03', NULL),
(139, 19, 'delete vehicle type', '2024-01-12 20:55:03', NULL),
(140, 29, 'view state', '2024-01-12 21:38:44', NULL),
(141, 29, 'add state', '2024-01-12 21:38:44', NULL),
(142, 29, 'edit state', '2024-01-12 21:38:44', NULL),
(143, 29, 'delete state', '2024-01-12 21:38:44', NULL),
(144, 30, 'view city', '2024-01-12 21:38:44', NULL),
(145, 30, 'edit city', '2024-01-12 21:38:44', NULL),
(146, 30, 'delete city', '2024-01-12 21:38:44', NULL),
(147, 30, 'add city', '2024-01-12 21:38:44', NULL),
(148, 28, 'view country', '2024-01-12 21:38:44', NULL),
(149, 28, 'edit country', '2024-01-12 21:38:44', NULL),
(150, 28, 'delete country', '2024-01-12 21:38:44', NULL),
(151, 28, 'add country', '2024-01-12 21:38:44', NULL),
(152, 35, 'view email template', '2024-01-12 22:30:18', NULL),
(153, 35, 'add email template', '2024-01-12 22:30:18', NULL),
(154, 35, 'edit email template', '2024-01-12 22:30:18', NULL),
(155, 35, 'delete email template', '2024-01-12 22:30:18', NULL),
(156, 32, 'view custom order', '2024-01-12 22:30:18', NULL),
(157, 32, 'view custom order invoice', '2024-01-12 22:30:18', NULL),
(158, 32, 'edit custom order', '2024-01-12 22:30:18', NULL),
(159, 32, 'delete custom order', '2024-01-12 22:30:18', NULL),
(160, 32, 'view custom order detail', NULL, NULL),
(161, 32, 'assign custom order to deliveryman', NULL, NULL),
(162, 11, 'add_flashdeal', '2024-01-13 03:54:22', '2024-01-13 03:54:22'),
(163, 11, 'edit_flashdeal', '2024-01-13 03:54:49', '2024-01-13 03:54:49'),
(164, 11, 'delete_flashdeal', '2024-01-13 03:55:06', '2024-01-13 03:55:06'),
(165, 36, 'view invoice', '2024-01-13 04:07:31', '2024-01-13 04:07:31'),
(166, 36, 'add invoice', '2024-01-13 04:07:44', '2024-01-13 04:07:44'),
(167, 36, 'edit invoice', '2024-01-13 04:07:55', '2024-01-13 04:07:55'),
(168, 36, 'delete invoice', '2024-01-13 04:08:07', '2024-01-13 04:08:07'),
(169, 37, 'view transfer request', '2024-01-13 10:13:00', '2024-01-13 10:13:00'),
(170, 37, 'approve transfer request', '2024-01-13 10:13:17', '2024-01-13 10:13:17'),
(171, 37, 'delete transfer request', '2024-01-13 10:13:35', '2024-01-13 10:13:35'),
(172, 38, 'view transaction', '2024-01-13 10:20:33', '2024-01-13 10:20:33'),
(173, 38, 'view detail transaction', '2024-01-13 10:20:51', '2024-01-13 10:20:51'),
(174, 38, 'edit transaction', '2024-01-13 10:21:09', '2024-01-13 10:21:09'),
(175, 38, 'delete transaction', '2024-01-13 10:21:25', '2024-01-13 10:21:25'),
(176, 10, 'view stock', '2024-01-13 10:29:27', '2024-01-13 10:29:27'),
(177, 10, 'add stock', '2024-01-13 10:29:46', '2024-01-13 10:29:46'),
(178, 10, 'edit stock', '2024-01-13 10:30:17', '2024-01-13 10:30:17'),
(179, 10, 'delete stock', '2024-01-13 10:30:31', '2024-01-13 10:30:31'),
(180, 25, 'edit product rating', '2024-01-13 10:34:43', '2024-01-13 10:35:15'),
(181, 39, 'view transfer product', '2024-01-13 10:38:30', '2024-01-13 10:38:30'),
(182, 39, 'add transfer product', '2024-01-13 10:38:48', '2024-01-13 10:38:48'),
(183, 39, 'assign transfer product to deliveryman', '2024-01-13 10:39:09', '2024-01-13 10:43:47'),
(184, 39, 'view transfered stock product', '2024-01-13 10:39:25', '2024-01-13 10:45:20'),
(185, 39, 'delete transfer product', '2024-01-13 10:48:00', '2024-01-13 10:48:00'),
(186, 39, 'view transfer product invoice', '2024-01-13 22:47:36', '2024-01-13 22:47:36'),
(187, 16, 'edit_product_image', '2024-01-13 22:52:49', '2024-01-13 22:52:49'),
(188, 5, 'view permission', '2024-01-13 22:54:21', '2024-01-13 22:54:21'),
(189, 5, 'add permission', '2024-01-13 22:54:33', '2024-01-13 22:54:33'),
(190, 5, 'edit permission', '2024-01-13 22:54:52', '2024-01-13 22:54:52'),
(191, 5, 'delete permission', '2024-01-13 22:55:05', '2024-01-13 22:55:05'),
(192, 4, 'view role', '2024-01-13 22:55:24', '2024-01-13 22:55:24'),
(193, 4, 'add role', '2024-01-13 22:55:40', '2024-01-13 22:55:40'),
(194, 4, 'edit role', '2024-01-13 22:55:54', '2024-01-13 22:55:54'),
(195, 4, 'delete role', '2024-01-13 22:56:09', '2024-01-13 22:56:09'),
(196, 5, 'view permission category', '2024-01-13 22:56:51', '2024-01-13 22:56:51'),
(197, 5, 'add permission category', '2024-01-13 22:57:05', '2024-01-13 22:57:05'),
(198, 5, 'edit permission category', '2024-01-13 22:57:19', '2024-01-13 22:57:19'),
(199, 5, 'delete permission category', '2024-01-13 22:57:36', '2024-01-13 22:57:36'),
(200, 4, 'assign role', '2024-01-13 22:59:11', '2024-01-13 22:59:58'),
(201, 32, 'update custom order status', '2024-01-13 23:18:46', '2024-01-13 23:18:46'),
(202, 39, 'view transfer product detail', '2024-01-13 23:25:27', '2024-01-13 23:25:27'),
(203, 39, 'update transfer product status', '2024-01-13 23:27:18', '2024-01-13 23:27:18'),
(204, 23, 'send_newsletters', '2024-01-14 02:48:25', '2024-01-14 02:48:25'),
(205, 23, 'edit_newsletter', '2024-01-14 02:48:59', '2024-01-14 02:48:59'),
(206, 14, 'edit_filter', '2024-01-14 09:11:17', '2024-01-14 09:11:17'),
(207, 6, 'delete_admin', '2024-01-14 11:11:42', '2024-01-14 11:11:42'),
(208, 17, 'view_order_reports', '2024-01-16 07:08:46', '2024-01-16 07:08:46'),
(209, 40, 'add currency', '2024-02-01 09:28:10', '2024-02-01 09:28:10'),
(210, 40, 'edit currency', '2024-02-01 09:28:24', '2024-02-01 09:28:24'),
(211, 40, 'view currency', '2024-02-01 09:28:48', '2024-02-01 09:28:48'),
(212, 40, 'delete currency', '2024-02-01 09:29:04', '2024-02-01 09:29:04'),
(213, 41, 'view payment', '2024-02-08 12:01:04', '2024-02-08 12:01:04'),
(214, 42, 'view activity_log', '2024-06-10 14:49:15', '2024-06-10 14:49:15'),
(215, 42, 'delete activity_log', '2024-06-10 14:49:31', '2024-06-10 14:49:31'),
(216, 8, 'login with vendor', '2024-06-11 10:17:42', '2024-06-11 10:17:42'),
(217, 31, 'assign user to warehouse', '2024-06-12 12:43:44', '2024-06-12 12:43:44'),
(218, 43, 'view sales_person', '2024-06-18 12:32:54', '2024-06-18 12:32:54'),
(219, 43, 'add sales_person', '2024-06-18 12:33:04', '2024-06-18 12:33:04'),
(220, 43, 'edit sales_person', '2024-06-18 12:33:14', '2024-06-18 12:33:14'),
(221, 43, 'delete sales_person', '2024-06-18 12:33:26', '2024-06-18 12:33:26'),
(222, 16, 'update product status', '2024-06-19 16:17:56', '2024-06-19 16:17:56'),
(223, 44, 'view seasonal', '2024-06-20 10:10:24', '2024-06-20 10:10:24'),
(224, 44, 'add seasonal', '2024-06-20 10:10:38', '2024-06-20 10:10:38'),
(225, 45, 'view tax', '2024-06-20 16:02:11', '2024-06-20 16:02:11'),
(226, 45, 'add tax', '2024-06-20 16:02:20', '2024-06-20 16:02:20'),
(227, 45, 'edit tax', '2024-06-20 16:02:28', '2024-06-20 16:02:28'),
(228, 45, 'delete tax', '2024-06-20 16:02:39', '2024-06-20 16:02:39'),
(229, 46, 'view withdrawal request', '2024-06-21 11:03:47', '2024-06-21 11:03:47'),
(230, 46, 'add withdrawal request', '2024-06-21 11:04:08', '2024-06-21 11:04:08'),
(231, 46, 'edit withdrawal request', '2024-06-21 11:04:21', '2024-06-21 11:04:21'),
(232, 46, 'delete withdrawal request', '2024-06-21 11:05:34', '2024-06-21 11:05:34'),
(233, 1, 'view_restaurant_banners', '2025-06-10 10:00:59', '2025-06-10 10:00:59'),
(234, 1, 'add_restaurant_banners', '2025-06-10 10:00:59', '2025-06-10 10:00:59'),
(235, 1, 'edit_restaurant_banners', '2025-06-10 10:00:59', '2025-06-10 10:00:59'),
(236, 1, 'delete_restaurant_banners', '2025-06-10 10:00:59', '2025-06-10 10:00:59'),
(237, 1, 'view_restaurant_product', '2025-06-10 10:00:59', '2025-06-10 10:00:59'),
(238, 1, 'add_restaurant_product', '2025-06-10 10:00:59', '2025-06-10 10:00:59'),
(239, 1, 'edit_restaurant_product', '2025-06-10 10:00:59', '2025-06-10 10:00:59'),
(240, 1, 'delete_restaurant_product', '2025-06-10 10:00:59', '2025-06-10 10:00:59'),
(241, 1, 'view_restaurant_order', '2025-06-10 10:00:59', '2025-06-10 10:00:59'),
(242, 1, 'update_restaurant_order_status', '2025-06-10 10:00:59', '2025-06-10 10:00:59'),
(243, 1, 'assign_restaurant_order_to_delivery_man', '2025-06-10 10:00:59', '2025-06-10 10:00:59'),
(244, 1, 'delete_restaurant_order', '2025-06-10 10:00:59', '2025-06-10 10:00:59'),
(245, 1, 'view_restaurant_coupon', '2025-06-10 10:00:59', '2025-06-10 10:00:59'),
(246, 1, 'add_restaurant_coupon', '2025-06-10 10:00:59', '2025-06-10 10:00:59'),
(247, 1, 'edit_restaurant_coupon', '2025-06-10 10:00:59', '2025-06-10 10:00:59'),
(248, 1, 'delete_restaurant_coupon', '2025-06-10 10:00:59', '2025-06-10 10:00:59'),
(249, 1, 'view_restaurant_category', '2025-06-10 10:00:59', '2025-06-10 10:00:59'),
(250, 1, 'add_restaurant_category', '2025-06-10 10:00:59', '2025-06-10 10:00:59'),
(251, 1, 'edit_restaurant_category', '2025-06-10 10:00:59', '2025-06-10 10:00:59'),
(252, 1, 'delete_restaurant_category', '2025-06-10 10:00:59', '2025-06-10 10:00:59'),
(253, 1, 'view_restaurant_restaurant', '2025-06-10 10:00:59', '2025-06-10 10:00:59'),
(254, 1, 'add_restaurant_restaurant', '2025-06-10 10:00:59', '2025-06-10 10:00:59'),
(255, 1, 'edit_restaurant_restaurant', '2025-06-10 10:00:59', '2025-06-10 10:00:59'),
(256, 1, 'delete_restaurant_restaurant', '2025-06-10 10:00:59', '2025-06-10 10:00:59'),
(257, 1, 'view_restaurant_restaurant_menu', '2025-06-10 10:00:59', '2025-06-10 10:00:59'),
(258, 1, 'add_restaurant_restaurant_menu', '2025-06-10 10:00:59', '2025-06-10 10:00:59'),
(259, 1, 'edit_restaurant_restaurant_menu', '2025-06-10 10:00:59', '2025-06-10 10:00:59'),
(260, 1, 'delete_restaurant_restaurant_menu', '2025-06-10 10:00:59', '2025-06-10 10:00:59'),
(261, 2, 'view_hotel_amenity', '2025-06-10 10:04:15', '2025-06-10 10:04:15'),
(262, 2, 'add_hotel_amenity', '2025-06-10 10:04:15', '2025-06-10 10:04:15'),
(263, 2, 'edit_hotel_amenity', '2025-06-10 10:04:15', '2025-06-10 10:04:15'),
(264, 2, 'delete_hotel_amenity', '2025-06-10 10:04:15', '2025-06-10 10:04:15'),
(265, 2, 'view_hotel_coupon', '2025-06-10 10:04:15', '2025-06-10 10:04:15'),
(266, 2, 'add_hotel_coupon', '2025-06-10 10:04:15', '2025-06-10 10:04:15'),
(267, 2, 'edit_hotel_coupon', '2025-06-10 10:04:15', '2025-06-10 10:04:15'),
(268, 2, 'delete_hotel_coupon', '2025-06-10 10:04:15', '2025-06-10 10:04:15'),
(269, 2, 'view_hotel_hotel', '2025-06-10 10:04:15', '2025-06-10 10:04:15'),
(270, 2, 'add_hotel_hotel', '2025-06-10 10:04:15', '2025-06-10 10:04:15'),
(271, 2, 'edit_hotel_hotel', '2025-06-10 10:04:15', '2025-06-10 10:04:15'),
(272, 2, 'delete_hotel_hotel', '2025-06-10 10:04:15', '2025-06-10 10:04:15'),
(273, 2, 'view_hotel_room', '2025-06-10 10:04:15', '2025-06-10 10:04:15'),
(274, 2, 'add_hotel_room', '2025-06-10 10:04:15', '2025-06-10 10:04:15'),
(275, 2, 'edit_hotel_room', '2025-06-10 10:04:15', '2025-06-10 10:04:15'),
(276, 2, 'delete_hotel_room', '2025-06-10 10:04:15', '2025-06-10 10:04:15'),
(277, 2, 'view_hotel_hotel_photo', '2025-06-10 10:04:15', '2025-06-10 10:04:15'),
(278, 2, 'add_hotel_hotel_photo', '2025-06-10 10:04:15', '2025-06-10 10:04:15'),
(279, 2, 'edit_hotel_hotel_photo', '2025-06-10 10:04:15', '2025-06-10 10:04:15'),
(280, 2, 'delete_hotel_hotel_photo', '2025-06-10 10:04:15', '2025-06-10 10:04:15'),
(281, 2, 'view_hotel_reservation', '2025-06-10 10:04:15', '2025-06-10 10:04:15'),
(282, 2, 'update_hotel_reservation_status', '2025-06-10 10:04:15', '2025-06-10 10:04:15'),
(283, 2, 'update_hotel_reservation_payment_status', '2025-06-10 10:04:15', '2025-06-10 10:04:15'),
(284, 2, 'delete_hotel_reservation', '2025-06-10 10:04:15', '2025-06-10 10:04:15'),
(285, 2, 'view_hotel_slider', '2025-06-10 10:04:15', '2025-06-10 10:04:15'),
(286, 2, 'add_hotel_slider', '2025-06-10 10:04:15', '2025-06-10 10:04:15'),
(287, 2, 'edit_hotel_slider', '2025-06-10 10:04:15', '2025-06-10 10:04:15'),
(288, 2, 'delete_hotel_slider', '2025-06-10 10:04:15', '2025-06-10 10:04:15'),
(289, 2, 'view_hotel_hotel_category', '2025-06-10 10:04:15', '2025-06-10 10:04:15'),
(290, 2, 'add_hotel_hotel_category', '2025-06-10 10:04:15', '2025-06-10 10:04:15'),
(291, 2, 'edit_hotel_hotel_category', '2025-06-10 10:04:15', '2025-06-10 10:04:15'),
(292, 2, 'delete_hotel_hotel_category', '2025-06-10 10:04:15', '2025-06-10 10:04:15'),
(293, 1, 'view_hotel_review', '2025-06-10 15:55:03', '2025-06-10 15:55:03'),
(294, 6, 'view_hotel_dashboard', NULL, NULL),
(295, NULL, 'view_restaurant_dashboard', NULL, NULL),
(296, 6, 'view_ecommerce_dashboard', NULL, NULL),
(297, 7, 'manage deleted account', '2025-08-18 02:28:13', '2025-08-18 02:28:13'),
(298, 17, 'manage_call_center', '2025-08-18 05:05:54', '2025-08-18 05:05:54');

-- --------------------------------------------------------

--
-- Table structure for table `permission_categories`
--

CREATE TABLE `permission_categories` (
  `id` bigint(20) UNSIGNED NOT NULL,
  `name` varchar(255) NOT NULL,
  `status` varchar(255) NOT NULL DEFAULT '1',
  `created_at` timestamp NULL DEFAULT NULL,
  `updated_at` timestamp NULL DEFAULT NULL
) ENGINE=InnoDB DEFAULT CHARSET=utf8mb4 COLLATE=utf8mb4_unicode_ci;

--
-- Dumping data for table `permission_categories`
--

INSERT INTO `permission_categories` (`id`, `name`, `status`, `created_at`, `updated_at`) VALUES
(1, 'group', '1', '2023-12-27 09:41:53', '2025-05-26 10:29:20'),
(2, 'banner', '1', '2023-12-27 09:42:01', '2023-12-27 09:42:01'),
(3, 'category', '1', '2023-12-27 09:42:08', '2023-12-27 09:42:08'),
(4, 'role', '1', '2023-12-27 09:42:16', '2023-12-27 09:42:16'),
(5, 'permission', '1', '2023-12-27 09:42:25', '2023-12-27 09:42:25'),
(6, 'admin', '1', '2023-12-27 09:42:32', '2023-12-27 09:42:32'),
(7, 'customer', '1', '2023-12-27 09:42:39', '2023-12-27 09:42:52'),
(8, 'vendor', '1', '2023-12-27 09:43:00', '2023-12-27 09:43:00'),
(9, 'blogs', '1', '2023-12-27 09:43:11', '2023-12-27 09:43:11'),
(10, 'stock', '1', '2023-12-27 09:43:16', '2023-12-27 09:43:16'),
(11, 'flashdeal', '1', '2023-12-27 09:43:27', '2023-12-27 09:43:27'),
(12, 'brand', '1', '2023-12-27 09:43:38', '2023-12-27 09:43:38'),
(13, 'colors', '1', '2023-12-27 09:43:49', '2023-12-27 09:43:49'),
(14, 'filter', '1', '2023-12-27 09:43:56', '2023-12-27 09:43:56'),
(15, 'coupon', '1', '2023-12-27 09:44:07', '2023-12-27 09:44:07'),
(16, 'product', '1', '2023-12-27 09:44:13', '2023-12-27 09:44:13'),
(17, 'order', '1', '2023-12-27 09:44:30', '2023-12-27 09:44:30'),
(18, 'return request', '1', '2023-12-27 09:44:39', '2023-12-27 09:44:39'),
(19, 'delviery boy', '1', '2023-12-27 09:44:48', '2023-12-27 09:44:48'),
(20, 'advertisement', '1', '2023-12-27 09:45:01', '2023-12-27 09:45:01'),
(21, 'shipping', '1', '2023-12-27 09:45:11', '2023-12-27 09:45:11'),
(22, 'cms pages', '1', '2023-12-27 09:45:22', '2023-12-27 09:45:22'),
(23, 'newsletter subscribers', '1', '2023-12-27 09:45:46', '2023-12-27 09:45:46'),
(24, 'FAQ', '1', '2023-12-27 09:45:54', '2023-12-27 09:45:54'),
(25, 'Product Rating', '1', '2023-12-27 09:46:14', '2023-12-27 09:46:14'),
(26, 'Reports', '1', '2023-12-27 09:46:22', '2023-12-27 09:46:22'),
(27, 'Website setting', '1', '2023-12-27 09:46:44', '2023-12-27 09:46:44'),
(28, 'country', '1', '2023-12-27 09:47:02', '2023-12-27 09:47:02'),
(29, 'state', '1', '2023-12-27 09:47:08', '2023-12-27 09:47:08'),
(30, 'City', '1', '2023-12-27 09:47:18', '2023-12-27 09:47:18'),
(31, 'Warehouse', '1', '2023-12-27 09:47:28', '2023-12-27 09:48:45'),
(32, 'Custom Order', '1', '2023-12-27 09:48:01', '2023-12-27 09:48:01'),
(34, 'appsetting', '1', NULL, NULL),
(35, 'Email Template', '1', '2024-01-13 03:24:13', '2024-01-13 03:24:13'),
(36, 'Invoice', '1', '2024-01-13 04:07:03', '2024-01-13 04:07:03'),
(37, 'transfer request', '1', '2024-01-13 10:12:39', '2024-01-13 10:12:39'),
(38, 'Transaction', '1', '2024-01-13 10:20:20', '2024-01-13 10:20:20'),
(39, 'Transfer Product', '1', '2024-01-13 10:37:57', '2024-01-13 10:37:57'),
(40, 'currency', '1', '2024-02-01 09:27:49', '2024-02-01 09:27:49'),
(41, 'payment', '1', '2024-02-08 12:00:35', '2024-02-08 12:00:35'),
(42, 'activity_log', '1', '2024-06-10 14:48:43', '2024-06-10 14:48:43'),
(43, 'sales', '1', '2024-06-18 12:32:27', '2024-06-18 12:32:27'),
(44, 'seasonal', '1', '2024-06-20 10:10:03', '2024-06-20 10:10:03'),
(45, 'tax', '1', '2024-06-20 16:01:59', '2024-06-20 16:01:59'),
(46, 'withdrawal request', '1', '2024-06-21 11:03:05', '2024-06-21 11:03:30');

-- --------------------------------------------------------

--
-- Table structure for table `personal_access_tokens`
--

CREATE TABLE `personal_access_tokens` (
  `id` bigint(20) UNSIGNED NOT NULL,
  `tokenable_type` varchar(255) NOT NULL,
  `tokenable_id` bigint(20) UNSIGNED NOT NULL,
  `name` varchar(255) NOT NULL,
  `token` varchar(64) NOT NULL,
  `abilities` text DEFAULT NULL,
  `last_used_at` timestamp NULL DEFAULT NULL,
  `created_at` timestamp NULL DEFAULT NULL,
  `updated_at` timestamp NULL DEFAULT NULL
) ENGINE=InnoDB DEFAULT CHARSET=utf8mb4 COLLATE=utf8mb4_unicode_ci;

-- --------------------------------------------------------

--
-- Table structure for table `price_plans`
--

CREATE TABLE `price_plans` (
  `id` bigint(20) UNSIGNED NOT NULL,
  `name` varchar(255) NOT NULL,
  `description` text DEFAULT NULL,
  `price` decimal(8,2) NOT NULL,
  `status` tinyint(1) NOT NULL DEFAULT 0,
  `duration` int(11) NOT NULL,
  `created_at` timestamp NULL DEFAULT NULL,
  `updated_at` timestamp NULL DEFAULT NULL
) ENGINE=InnoDB DEFAULT CHARSET=utf8mb4 COLLATE=utf8mb4_unicode_ci;

--
-- Dumping data for table `price_plans`
--

INSERT INTO `price_plans` (`id`, `name`, `description`, `price`, `status`, `duration`, `created_at`, `updated_at`) VALUES
(1, 'Lionel Ray', 'Cum magni et deserun', 900.00, 1, 20, '2024-06-04 13:10:36', '2024-06-04 13:52:27'),
(4, 'Alana Barron', 'Laboris beatae nostr', 392.00, 1, 20, '2024-06-04 13:50:17', '2024-06-04 13:52:28');

-- --------------------------------------------------------

--
-- Table structure for table `products`
--

CREATE TABLE `products` (
  `id` bigint(20) UNSIGNED NOT NULL,
  `product_id` varchar(255) DEFAULT NULL,
  `group_id` bigint(20) UNSIGNED NOT NULL,
  `category_id` bigint(20) UNSIGNED NOT NULL,
  `subcategory_id` int(11) UNSIGNED DEFAULT NULL,
  `brand_id` bigint(20) UNSIGNED DEFAULT NULL,
  `vendor_id` bigint(20) UNSIGNED NOT NULL,
  `admin_id` bigint(20) UNSIGNED NOT NULL,
  `admin_type` varchar(255) NOT NULL,
  `product_name` varchar(255) NOT NULL,
  `product_color` varchar(255) DEFAULT NULL,
  `product_video` varchar(255) DEFAULT NULL,
  `product_code` varchar(255) NOT NULL,
  `price_type` varchar(255) DEFAULT 'regular',
  `product_price` decimal(10,2) DEFAULT 0.00,
  `quantity` varchar(255) DEFAULT '0',
  `is_offer_price` varchar(255) DEFAULT 'no',
  `product_tax` decimal(5,2) DEFAULT NULL,
  `product_discount` decimal(10,2) DEFAULT NULL,
  `discount_start_date` varchar(255) DEFAULT NULL,
  `discount_end_date` varchar(255) DEFAULT NULL,
  `product_weight` int(11) NOT NULL,
  `product_image` varchar(255) DEFAULT NULL,
  `description` text DEFAULT NULL,
  `is_featured` enum('No','Yes') NOT NULL DEFAULT 'No',
  `is_sponsored` int(11) DEFAULT 0,
  `status` tinyint(4) NOT NULL DEFAULT 1,
  `status_comment` varchar(255) DEFAULT NULL,
  `is_seasonal` tinyint(1) NOT NULL DEFAULT 0,
  `season_end_months` varchar(255) CHARACTER SET utf8mb4 COLLATE utf8mb4_bin DEFAULT NULL,
  `available_for_delivery` varchar(2) DEFAULT NULL,
  `is_returnable` varchar(2) DEFAULT NULL,
  `returnable_time` varchar(255) DEFAULT NULL,
  `created_at` timestamp NULL DEFAULT NULL,
  `updated_at` timestamp NULL DEFAULT NULL
) ENGINE=InnoDB DEFAULT CHARSET=utf8mb4 COLLATE=utf8mb4_unicode_ci;

--
-- Dumping data for table `products`
--

INSERT INTO `products` (`id`, `product_id`, `group_id`, `category_id`, `subcategory_id`, `brand_id`, `vendor_id`, `admin_id`, `admin_type`, `product_name`, `product_color`, `product_video`, `product_code`, `price_type`, `product_price`, `quantity`, `is_offer_price`, `product_tax`, `product_discount`, `discount_start_date`, `discount_end_date`, `product_weight`, `product_image`, `description`, `is_featured`, `is_sponsored`, `status`, `status_comment`, `is_seasonal`, `season_end_months`, `available_for_delivery`, `is_returnable`, `returnable_time`, `created_at`, `updated_at`) VALUES
(3, 'P003', 1, 3, 1, 1, 0, 4, 'Super Admin', 'veropro update', 'White', NULL, 'WEB2-003', 'Fixed', 99.99, NULL, '0', 5.00, 1.00, '20-05-2025 00:00:00', '18-08-2025 00:00:00', 0, 'products/2022-04-13-62566e1a3464f_1754116016.png', 'Comfortable wireless earbuds with noise cancellation.', 'Yes', 0, 1, 'Best seller.', 1, 'March', '1', '1', '7', NULL, '2025-08-13 07:29:23'),
(4, 'P004', 1, 3, 1, 1, 0, 4, 'Super Admin', '4K Camera', 'Black', NULL, '4KTV-004', 'Fixed', 699.99, NULL, '0', 18.00, NULL, '13-04-2025 12:00:00', '30-05-2025 12:00:00', 10, 'products/2022-04-13-62566ecb46b07_1754116054.png', 'Ultra HD Smart TV with HDR support.\r\nUltra HD Smart TV with HDR support.\r\nUltra HD Smart TV with HDR support.\r\nUltra HD Smart TV with HDR support.\r\nUltra HD Smart TV with HDR support.\r\nUltra HD Smart TV with HDR support.\r\nUltra HD Smart TV with HDR support.\r\nUltra HD Smart TV with HDR support.\r\nUltra HD Smart TV with HDR support.\r\nUltra HD Smart TV with HDR support.\r\nUltra HD Smart TV with HDR support.\r\nUltra HD Smart TV with HDR support.\r\nUltra HD Smart TV with HDR support.\r\nUltra HD Smart TV with HDR support.\r\nUltra HD Smart TV with HDR support.\r\nUltra HD Smart TV with HDR support.', 'Yes', 0, 1, 'Customer favorite.', 0, 'hgf', '1', '1', '30', NULL, '2025-08-02 10:27:34'),
(5, 'P005', 1, 3, 1, 1, 0, 4, 'Super Admin', 'Fitness Tracker F1', 'Blue', NULL, 'FTF1-005', 'Fixed', 59.99, NULL, '0', 5.00, NULL, '13-04-2025 12:00:00', '30-05-2025 12:00:00', 0, 'products/2022-04-20-625f9fa1d5980_1754116069.png', 'Track your fitness and health on the go.', 'Yes', 0, 1, 'Limited stock.', 1, 'hgf', '1', '1', '14', NULL, '2025-08-02 10:27:49'),
(6, 'P006', 1, 3, 1, 1, 0, 4, 'Super Admin', 'Bluetooth Speaker B2', 'Red', NULL, 'BSB2-006', 'Fixed', 45.99, NULL, '0', 10.00, NULL, '13-04-2025 12:00:00', '30-05-2025 12:00:00', 1, 'products/2022-04-20-625fe69f716aa_1754116130.png', 'Compact Bluetooth speaker with excellent sound quality.', 'Yes', 0, 1, 'Popular for travel.', 0, NULL, '1', '1', '30', NULL, '2025-08-02 10:28:50'),
(7, 'P007', 1, 3, 1, 1, 0, 4, 'Super Admin', 'Smartwatch S3', 'Black', NULL, 'SWS3-007', 'Fixed', 99.99, '0', '0', 10.00, 20.00, '2024-11-10', '2024-12-31', 0, 'products/2022-04-21-6260fd9137e2f_1754116183.png', 'Stylish smartwatch with multiple health tracking features.', 'Yes', 0, 1, 'Best seller.', 1, '12', '1', '1', '14', NULL, '2025-08-02 10:29:43'),
(8, 'P008', 1, 3, 1, 1, 0, 4, 'Super Admin', 'Gaming Mouse GM5', 'Green', NULL, 'GM5-008', 'Fixed', 29.99, '99', '0', 5.00, 0.00, NULL, NULL, 10, 'products/2022-04-23-62636369a053f_1754116197.png', 'Ergonomic gaming mouse with customizable buttons.', 'Yes', 0, 1, 'Customer favorite.', 0, NULL, '1', '1', '14', NULL, '2025-08-02 10:29:57'),
(9, 'P009', 1, 3, 1, 1, 0, 4, 'Super Admin', '4K Drone Camera D1', 'White', 'drone_d1.mp4', 'DRD1-009', 'Fixed', 499.99, NULL, '0', 18.00, 25.00, '2024-11-05', '2024-12-05', 1, 'products/2022-10-12-6346670e336de_1754116212.png', 'Advanced drone camera with 4K video capability.', 'Yes', 0, 1, 'High demand.', 0, NULL, '1', '1', '30', NULL, '2025-08-02 10:30:12'),
(10, 'P010', 1, 3, 1, 1, 0, 4, 'Super Admin', 'Tablet T7', 'Green', 'tablet_t7.mp4', 'TBT7-010', 'Fixed', 299.99, NULL, '0', 15.00, 10.00, '2024-11-15', '2024-12-31', 1, 'products/2023-03-12-640d975529501_1754116232.png', 'Portable tablet with stunning display.', 'No', 0, 1, 'Limited stock.', 1, '6', '1', '1', '14', NULL, '2025-08-02 10:30:32'),
(11, 'P011', 1, 3, 1, 9, 0, 4, 'Super Admin', 'T-shirt updaet', 'Black', NULL, 'WKB1-011', 'Fixed', 49.99, NULL, '0', 10.00, 5.00, NULL, NULL, 1, 'products/2023-03-12-640d98824daf9_1754116246.png', 'Full-size wireless keyboard with ergonomic design.', '', 0, 1, 'Great for office use.', 0, NULL, '1', '1', '30', NULL, '2025-08-13 07:26:53'),
(12, 'P012', 1, 3, 1, 1, 0, 4, 'Super Admin', 'Noise-Cancelling Headphones H1', 'Black', NULL, 'NCH1-012', 'Fixed', 149.99, '98', '0', 18.00, 25.00, '2024-11-10', '2024-12-10', 1, 'products/2023-06-13-64883c1e9e4ab_1754116261.png', 'Premium headphones with active noise cancellation.', 'No', 0, 1, 'Highly rated by users.', 1, '3', '1', '1', '30', NULL, '2025-08-02 10:31:01'),
(13, 'P013', 1, 3, 1, 1, 0, 4, 'Super Admin', 'Portable Charger', 'White', NULL, 'PCC2-013', 'Fixed', 25.99, '100', '0', 5.00, 10.00, '2024-11-01', '2024-12-01', 0, 'products/2023-06-13-648846e6b7ebf_1754116291.png', 'High-capacity portable charger with fast charging.', '', 0, 1, 'Ideal for travel.', 0, NULL, '1', '1', '14', NULL, '2025-08-13 06:55:08'),
(14, 'P014', 1, 3, 1, 1, 0, 4, 'Super Admin', 'Electric Kettle EK1', 'White', NULL, 'EK1-014', 'Fixed', 35.99, '100', '0', 10.00, 0.00, NULL, NULL, 2, 'products/2023-06-13-64883e708c0fa_1754116274.png', 'Efficient electric kettle for quick boiling.', '', 0, 1, 'Essential for kitchen.', 0, NULL, '1', '1', '14', NULL, '2025-08-02 10:31:14'),
(15, 'P015', 1, 3, 1, 1, 0, 4, 'Super Admin', 'Gaming Chair G2', 'Green', NULL, 'GCG2-015', 'Fixed', 199.99, '89', '0', 18.00, 15.00, '2024-11-20', '2024-12-10', 12, 'products/2022-04-20-625fea103e6b9_1754116168.png', 'Comfortable gaming chair with lumbar support.', 'Yes', 0, 1, 'Loved by gamers.', 0, NULL, '1', '1', '30', NULL, '2025-08-06 12:35:55'),
(65, NULL, 1, 7, NULL, 3, 0, 4, 'Super Admin', 'Laptop', 'Red', NULL, 'asslk', 'regular', 100.00, '0', 'no', NULL, 0.00, NULL, NULL, 11, 'products/2022-04-20-625fe9773672a_1754116148.png', 'LKSDAJ JLKADS FJLKAS FJSADJLFJAL SFLASDJFA', 'Yes', 0, 1, NULL, 0, NULL, '1', '1', '1', '2025-05-01 13:35:28', '2025-08-02 10:29:08'),
(66, NULL, 1, 3, NULL, 2, 0, 4, 'Super Admin', 'NEW', 'Green', NULL, 'NEW', 'regular', 200.00, '0', 'no', NULL, 1.00, NULL, NULL, 1, 'products/2022-04-20-625fe9773655b_1754116116.png', 'akldsjf ljlkasd fjlakfj lkasfj laksjflkasjdfa', 'Yes', 0, 1, NULL, 0, NULL, '1', '1', '2', '2025-05-01 13:37:31', '2025-08-02 10:28:36'),
(67, NULL, 1, 3, NULL, 3, 0, 4, 'Super Admin', 'lasdkjflk', 'Red', NULL, 'asdlkjf', 'regular', 20.00, NULL, 'no', 5.00, 2.00, '06-05-2025 12:00:00', '24-05-2025 12:00:00', 1, 'products/2022-04-20-625fe5bedae6f_1754116098.png', 'lasdlk laksdfjalkfjlkdf alksf', 'Yes', 0, 1, NULL, 1, NULL, '0', '0', NULL, '2025-05-01 13:42:01', '2025-08-11 04:29:33'),
(68, NULL, 1, 7, NULL, 3, 0, 4, 'Super Admin', 'lkasdjflk', 'Green', NULL, 'asdljf', 'regular', 200.00, NULL, 'no', NULL, 1.00, NULL, NULL, 1, 'products/2022-04-20-625fe4a478fec_1754116084.png', 'lasdjflk lkdsajflk lkdsafjl kasdjfklsad lfkjasdklfjaskldfjlkasd faslk', 'Yes', 0, 1, 'lksd', 1, NULL, '1', '0', NULL, '2025-05-22 13:35:22', '2025-08-13 07:21:51'),
(70, NULL, 4, 30, NULL, 4, 2, 7, 'Ecommerce Manager', 'Cum corrupti vero s', 'alsdkf', NULL, 'Sed harum totam offi', 'regular', 32.00, '22', 'no', 2.00, 34.00, NULL, NULL, 67, 'images/MU4rcu2SO6G1kLMGyKG4vazBOV6ZRp5Aw6EuguyH.jpg', 'Nostrum culpa exceplkasdjf lksjflk jsdlkfjaskldjfsf', 'Yes', 0, 1, NULL, 0, NULL, '0', '1', NULL, '2025-08-15 05:30:33', '2025-08-15 05:30:33');

-- --------------------------------------------------------

--
-- Table structure for table `products_attributes`
--

CREATE TABLE `products_attributes` (
  `id` bigint(20) UNSIGNED NOT NULL,
  `product_id` bigint(20) UNSIGNED NOT NULL,
  `warehouse_id` bigint(20) UNSIGNED DEFAULT NULL,
  `size` varchar(255) DEFAULT NULL,
  `price` double(8,2) DEFAULT NULL,
  `stock` int(11) DEFAULT NULL,
  `sku` varchar(255) DEFAULT NULL,
  `status` tinyint(4) DEFAULT 1,
  `created_at` timestamp NULL DEFAULT NULL,
  `updated_at` timestamp NULL DEFAULT NULL
) ENGINE=InnoDB DEFAULT CHARSET=utf8mb4 COLLATE=utf8mb4_unicode_ci;

--
-- Dumping data for table `products_attributes`
--

INSERT INTO `products_attributes` (`id`, `product_id`, `warehouse_id`, `size`, `price`, `stock`, `sku`, `status`, `created_at`, `updated_at`) VALUES
(19, 4, 1, 'S', 200.00, 65, '10', 1, '2024-11-25 12:48:37', '2025-04-28 13:04:59'),
(20, 4, 1, 'M', 250.00, 95, '200', 1, '2024-11-25 12:48:53', '2025-04-29 13:34:10'),
(21, 65, 1, 'L', 300.00, 99, '400', 1, '2024-11-28 16:33:34', '2025-05-10 17:25:09'),
(22, 65, 1, 'small', NULL, 100, 'snos', 1, '2024-11-28 16:33:45', '2024-11-28 16:33:45'),
(24, 15, 1, 'Lg', 400.00, 96, 'fh', 1, '2024-12-16 22:14:23', '2025-05-19 10:14:39'),
(27, 67, 1, 'M', 100.00, 98, 'skafd', 1, '2025-05-22 13:19:22', '2025-05-23 12:49:54');

-- --------------------------------------------------------

--
-- Table structure for table `products_filters`
--

CREATE TABLE `products_filters` (
  `id` bigint(20) UNSIGNED NOT NULL,
  `cat_ids` bigint(20) UNSIGNED NOT NULL,
  `filter_name` varchar(255) NOT NULL,
  `filter_column` varchar(255) NOT NULL,
  `status` tinyint(4) NOT NULL,
  `created_at` timestamp NULL DEFAULT NULL,
  `updated_at` timestamp NULL DEFAULT NULL
) ENGINE=InnoDB DEFAULT CHARSET=utf8mb4 COLLATE=utf8mb4_unicode_ci;

-- --------------------------------------------------------

--
-- Table structure for table `products_filters_values`
--

CREATE TABLE `products_filters_values` (
  `id` bigint(20) UNSIGNED NOT NULL,
  `filter_id` bigint(20) UNSIGNED NOT NULL,
  `filter_value` varchar(255) NOT NULL,
  `status` tinyint(4) NOT NULL,
  `created_at` timestamp NULL DEFAULT NULL,
  `updated_at` timestamp NULL DEFAULT NULL
) ENGINE=InnoDB DEFAULT CHARSET=utf8mb4 COLLATE=utf8mb4_unicode_ci;

-- --------------------------------------------------------

--
-- Table structure for table `products_images`
--

CREATE TABLE `products_images` (
  `id` bigint(20) UNSIGNED NOT NULL,
  `product_id` bigint(20) UNSIGNED NOT NULL,
  `image` varchar(255) NOT NULL,
  `status` tinyint(4) NOT NULL,
  `created_at` timestamp NULL DEFAULT NULL,
  `updated_at` timestamp NULL DEFAULT NULL
) ENGINE=InnoDB DEFAULT CHARSET=utf8mb4 COLLATE=utf8mb4_unicode_ci;

--
-- Dumping data for table `products_images`
--

INSERT INTO `products_images` (`id`, `product_id`, `image`, `status`, `created_at`, `updated_at`) VALUES
(1, 5, '', 1, '2024-11-24 19:54:28', '2024-11-24 19:54:28'),
(2, 5, '', 1, '2024-11-24 19:54:28', '2024-11-24 19:54:28'),
(3, 5, '', 1, '2024-11-24 19:54:28', '2024-11-24 19:54:28'),
(9, 4, '', 1, '2024-11-25 12:43:40', '2024-11-25 12:43:40'),
(10, 5, '', 1, '2024-11-25 12:43:40', '2024-11-25 12:43:40'),
(11, 4, '', 1, '2024-11-25 12:43:40', '2024-11-25 12:43:40'),
(12, 4, '', 1, '2024-11-25 12:44:37', '2024-11-25 12:44:37'),
(13, 3, '', 1, '2024-11-25 12:44:37', '2024-11-25 12:44:37'),
(14, 7, '', 1, '2024-11-25 12:45:25', '2024-11-25 12:45:25'),
(15, 7, '', 1, '2024-11-25 12:45:25', '2024-11-25 12:45:25'),
(16, 7, '', 1, '2024-11-25 12:45:25', '2024-11-25 12:45:25'),
(17, 7, '', 1, '2024-11-25 12:45:25', '2024-11-25 12:45:25'),
(18, 6, '', 1, '2024-11-25 12:45:57', '2024-11-25 12:45:57'),
(19, 6, '', 1, '2024-11-25 12:45:57', '2024-11-25 12:45:57'),
(20, 6, '', 1, '2024-11-25 12:45:57', '2024-11-25 12:45:57'),
(21, 10, '', 1, '2024-11-25 12:46:38', '2024-11-25 12:46:38'),
(22, 10, '', 1, '2024-11-25 12:46:38', '2024-11-25 12:46:38'),
(23, 10, '', 1, '2024-11-25 12:46:38', '2024-11-25 12:46:38'),
(24, 10, '', 1, '2024-11-25 12:46:38', '2024-11-25 12:46:38'),
(25, 4, '', 1, '2024-11-25 12:47:09', '2024-11-25 12:47:09'),
(26, 12, '', 1, '2024-11-25 12:47:09', '2024-11-25 12:47:09'),
(27, 12, '', 1, '2024-11-25 12:47:09', '2024-11-25 12:47:09'),
(28, 13, '', 1, '2024-11-25 12:47:39', '2024-11-25 12:47:39'),
(29, 13, '', 1, '2024-11-25 12:47:39', '2024-11-25 12:47:39'),
(30, 13, '', 1, '2024-11-25 12:47:39', '2024-11-25 12:47:39'),
(36, 66, 'products/2022-04-20-625fe9773655b_1754116729.png', 1, '2025-08-02 10:38:49', '2025-08-02 10:38:49'),
(37, 66, 'products/2022-04-20-625fe9773672a_1754116729.png', 1, '2025-08-02 10:38:49', '2025-08-02 10:38:49'),
(38, 66, 'products/2022-04-20-625fe97735186_1754116729.png', 1, '2025-08-02 10:38:49', '2025-08-02 10:38:49');

-- --------------------------------------------------------

--
-- Table structure for table `product_month`
--

CREATE TABLE `product_month` (
  `id` bigint(20) UNSIGNED NOT NULL,
  `product_id` bigint(20) UNSIGNED NOT NULL,
  `month_id` bigint(20) UNSIGNED NOT NULL,
  `created_at` timestamp NULL DEFAULT NULL,
  `updated_at` timestamp NULL DEFAULT NULL
) ENGINE=InnoDB DEFAULT CHARSET=utf8mb4 COLLATE=utf8mb4_unicode_ci;

-- --------------------------------------------------------

--
-- Table structure for table `ratings`
--

CREATE TABLE `ratings` (
  `id` bigint(20) UNSIGNED NOT NULL,
  `user_id` bigint(20) UNSIGNED NOT NULL,
  `product_id` bigint(20) UNSIGNED NOT NULL,
  `review` text NOT NULL,
  `rating` int(11) NOT NULL,
  `status` tinyint(4) NOT NULL DEFAULT 1,
  `created_at` timestamp NULL DEFAULT NULL,
  `updated_at` timestamp NULL DEFAULT NULL
) ENGINE=InnoDB DEFAULT CHARSET=utf8mb4 COLLATE=utf8mb4_unicode_ci;

--
-- Dumping data for table `ratings`
--

INSERT INTO `ratings` (`id`, `user_id`, `product_id`, `review`, `rating`, `status`, `created_at`, `updated_at`) VALUES
(1, 4, 65, 'aslkdfj', 4, 1, NULL, '2025-05-06 14:39:18'),
(2, 5, 65, 'asjflka kljas flkadsjflk jlkasjf lkasjflkasjfl kasjfaks', 5, 1, NULL, NULL),
(4, 7, 65, 'asjflka kljas flkadsjflk jlkasjf lkasjflkasjfl kasjfaks', 3, 1, NULL, NULL);

-- --------------------------------------------------------

--
-- Table structure for table `recently_viewed_products`
--

CREATE TABLE `recently_viewed_products` (
  `id` bigint(20) UNSIGNED NOT NULL,
  `product_id` bigint(20) UNSIGNED NOT NULL,
  `session_id` varchar(255) NOT NULL,
  `created_at` timestamp NULL DEFAULT NULL,
  `updated_at` timestamp NULL DEFAULT NULL
) ENGINE=InnoDB DEFAULT CHARSET=utf8mb4 COLLATE=utf8mb4_unicode_ci;

--
-- Dumping data for table `recently_viewed_products`
--

INSERT INTO `recently_viewed_products` (`id`, `product_id`, `session_id`, `created_at`, `updated_at`) VALUES
(23, 7, 'ee4b65dbee6fa5f8b1e6260c8a6939dc', NULL, NULL),
(24, 5, 'e3faaa3431271a0626bee999da411c15', NULL, NULL),
(25, 4, 'e3faaa3431271a0626bee999da411c15', NULL, NULL),
(26, 12, 'e3faaa3431271a0626bee999da411c15', NULL, NULL),
(27, 15, '85a4d3d9e71b32d4d96a5792b4b43bc0', NULL, NULL),
(28, 15, '3976e787218bea888d42508844491912', NULL, NULL),
(29, 7, '3976e787218bea888d42508844491912', NULL, NULL),
(30, 13, '16467037bb8af4d325e0126d9a1e9317', NULL, NULL),
(31, 14, '0703200b6a64ce5ae1edefae66f2c2df', NULL, NULL),
(32, 4, '0703200b6a64ce5ae1edefae66f2c2df', NULL, NULL),
(33, 7, 'a4a7e40dc15572c61f4bd9750d94473e', NULL, NULL),
(34, 6, 'a4a7e40dc15572c61f4bd9750d94473e', NULL, NULL),
(35, 4, 'eac03ad02f80eb130a180f5de4f6c205', NULL, NULL),
(36, 4, '82b1beb21b72f5dd31add1fee1574632', NULL, NULL),
(37, 4, '00962d465e33e5718f50ee425a935e0c', NULL, NULL),
(38, 4, '0d212f287a6384824f596002396ae371', NULL, NULL),
(39, 5, '0d212f287a6384824f596002396ae371', NULL, NULL),
(40, 4, 'c0936d392ac85c6d856f3e7cf320e9b4', NULL, NULL),
(41, 4, 'cf1a39dc2727542e1d730d01948519ff', NULL, NULL),
(42, 4, '541fcb7ca22d72443926173805ad6c7e', NULL, NULL),
(43, 4, '0ebe2a41851effa8dda8c9a26d310b0b', NULL, NULL),
(44, 4, '0609b46de03abcc4911331acffded260', NULL, NULL),
(45, 4, '675eed9babed4425548c263221e6ddb6', NULL, NULL),
(46, 4, '788ec525429f0af0416cbd1fb265ed6f', NULL, NULL),
(47, 4, '1039a2b4f3659c602de3d708b0c311c2', NULL, NULL),
(48, 4, 'aa737f1be23c3869409bdc3f62bc2cab', NULL, NULL),
(49, 6, 'fe8aa894a846753b93f55244bf87ff57', NULL, NULL),
(50, 65, 'fe8aa894a846753b93f55244bf87ff57', NULL, NULL),
(52, 67, '4ee7577ed954d37d61920faa66acda69', NULL, NULL),
(53, 66, 'c8935beeb38ca1328cb57a95389535fb', NULL, NULL),
(54, 67, 'c8935beeb38ca1328cb57a95389535fb', NULL, NULL),
(55, 65, 'c8935beeb38ca1328cb57a95389535fb', NULL, NULL),
(56, 15, 'c8935beeb38ca1328cb57a95389535fb', NULL, NULL),
(57, 12, 'c8935beeb38ca1328cb57a95389535fb', NULL, NULL),
(58, 67, '6280dc0983b0623510c2774d8d250af9', NULL, NULL),
(59, 65, '6280dc0983b0623510c2774d8d250af9', NULL, NULL),
(60, 6, '6280dc0983b0623510c2774d8d250af9', NULL, NULL),
(61, 15, '6280dc0983b0623510c2774d8d250af9', NULL, NULL),
(62, 67, '16ec69d6a1aae461843ce743fe29ea14', NULL, NULL),
(65, 4, '354a7462e1e95b2e47b9e8c32d48430f', NULL, NULL),
(67, 65, '105b015482c5bb81397b0945ab45ae97', NULL, NULL),
(69, 66, '7d01fc8817cd4ef01118a54bead68738', NULL, NULL),
(70, 15, '7d01fc8817cd4ef01118a54bead68738', NULL, NULL),
(71, 65, '7d01fc8817cd4ef01118a54bead68738', NULL, NULL),
(73, 15, '38c7234276338a55f61a8e52eee9ba82', NULL, NULL),
(74, 4, 'fa5d1b5f3c9e4312fa6a40cc2df88a16', NULL, NULL),
(77, 9, 'fa5d1b5f3c9e4312fa6a40cc2df88a16', NULL, NULL),
(78, 66, 'fa5d1b5f3c9e4312fa6a40cc2df88a16', NULL, NULL),
(79, 6, 'fa5d1b5f3c9e4312fa6a40cc2df88a16', NULL, NULL),
(80, 15, '5cba4d3b5b639da00981dbcde6eb1015', NULL, NULL),
(83, 7, '8327f0dbdffb1d244d84bc567a42c231', NULL, NULL),
(84, 15, '8327f0dbdffb1d244d84bc567a42c231', NULL, NULL),
(85, 15, '560490b9efea2b219271f3d68af63544', NULL, NULL),
(86, 67, '083e02e15ef24b891e90afeafae5e18d', NULL, NULL),
(87, 4, '083e02e15ef24b891e90afeafae5e18d', NULL, NULL),
(89, 65, '083e02e15ef24b891e90afeafae5e18d', NULL, NULL),
(90, 10, '083e02e15ef24b891e90afeafae5e18d', NULL, NULL),
(91, 66, '083e02e15ef24b891e90afeafae5e18d', NULL, NULL),
(93, 8, 'd5d8b9215d51957ecab1c2a0b5bfb11f', NULL, NULL),
(94, 8, '74e4750c328fff493d1f0efe68daa547', NULL, NULL),
(95, 12, '4e9b82dac2e28c9d2e5bcbd42d5904c1', NULL, NULL),
(96, 15, '4e9b82dac2e28c9d2e5bcbd42d5904c1', NULL, NULL),
(97, 8, '4e9b82dac2e28c9d2e5bcbd42d5904c1', NULL, NULL),
(98, 15, '67ed2bf412d2fd0d1a3b2a34df18370c', NULL, NULL),
(99, 15, '976256666abd4ffb9da23ed50b5acc5f', NULL, NULL),
(100, 8, '369779ac4b5cf32659f4af6eab5f71db', NULL, NULL),
(101, 8, '7854f0c7e427868099b19a930af791ec', NULL, NULL),
(102, 7, '62a25ced70629024904dab57d3af2147', NULL, NULL),
(103, 5, '62a25ced70629024904dab57d3af2147', NULL, NULL),
(104, 7, '2c81358971b718c4330be62c7e47a203', NULL, NULL),
(105, 15, '2c81358971b718c4330be62c7e47a203', NULL, NULL),
(106, 8, '9ba5cac797d518164cfc30aa84666ddd', NULL, NULL),
(107, 15, '9ba5cac797d518164cfc30aa84666ddd', NULL, NULL),
(108, 12, '9ba5cac797d518164cfc30aa84666ddd', NULL, NULL),
(110, 8, 'ac79b400baf16aadedf01925101e6186', NULL, NULL),
(111, 8, '46322dcf0b02bd7ae4fdc70efbeb143b', NULL, NULL),
(112, 66, 'a27c49018688d33c9a10e5532618c9ba', NULL, NULL),
(114, 66, 'b23ff62eac3d59cc4b63855c208ecca9', NULL, NULL),
(115, 66, 'e31ef868a4d3824dc24839efb469439f', NULL, NULL),
(117, 67, '1a7f2ddc64317bc3855cc44c62467fae', NULL, NULL),
(119, 15, '1a7f2ddc64317bc3855cc44c62467fae', NULL, NULL),
(120, 65, '264b51d7216bbdbcd1ca591b9cbb7fe7', NULL, NULL),
(121, 15, '264b51d7216bbdbcd1ca591b9cbb7fe7', NULL, NULL),
(122, 8, 'b4b2320e8e2af42247acb9ea5b35ef11', NULL, NULL),
(123, 9, 'b4b2320e8e2af42247acb9ea5b35ef11', NULL, NULL),
(124, 7, 'c7951f6cb1c0f0056cb81c3d6cc7c055', NULL, NULL),
(125, 6, 'c7951f6cb1c0f0056cb81c3d6cc7c055', NULL, NULL),
(126, 67, 'c7951f6cb1c0f0056cb81c3d6cc7c055', NULL, NULL),
(127, 9, 'c7951f6cb1c0f0056cb81c3d6cc7c055', NULL, NULL),
(128, 66, 'c7951f6cb1c0f0056cb81c3d6cc7c055', NULL, NULL),
(129, 15, 'c7951f6cb1c0f0056cb81c3d6cc7c055', NULL, NULL),
(130, 8, 'e8acd40519e1a0ef3a3900ebf7c75b7e', NULL, NULL),
(131, 8, '34c162159ab9f7ce9c60e18ca26135b0', NULL, NULL),
(132, 13, 'd5dbf9ce521737692d09e644b2308995', NULL, NULL),
(133, 5, 'd5dbf9ce521737692d09e644b2308995', NULL, NULL),
(134, 15, 'd5dbf9ce521737692d09e644b2308995', NULL, NULL);

-- --------------------------------------------------------

--
-- Table structure for table `reservations`
--

CREATE TABLE `reservations` (
  `id` bigint(20) UNSIGNED NOT NULL,
  `user_id` bigint(20) UNSIGNED NOT NULL,
  `hotel_id` bigint(20) UNSIGNED NOT NULL,
  `room_id` bigint(20) UNSIGNED NOT NULL,
  `total_night` int(20) DEFAULT NULL,
  `check_in_date` date NOT NULL,
  `check_out_date` date NOT NULL,
  `total_price` decimal(8,2) NOT NULL,
  `discount_amount` varchar(255) DEFAULT NULL,
  `final_price` varchar(255) DEFAULT NULL,
  `total_adult` varchar(20) DEFAULT NULL,
  `total_child` varchar(20) DEFAULT NULL,
  `total_infant` varchar(20) DEFAULT NULL,
  `status` enum('Pending','Confirmed','Cancelled') DEFAULT 'Pending',
  `payment_status` varchar(255) DEFAULT 'Pending',
  `admin_commission` varchar(255) DEFAULT NULL,
  `vendor_earning` varchar(255) DEFAULT NULL,
  `is_old` int(11) NOT NULL DEFAULT 0,
  `created_at` timestamp NOT NULL DEFAULT current_timestamp(),
  `updated_at` timestamp NOT NULL DEFAULT current_timestamp() ON UPDATE current_timestamp()
) ENGINE=InnoDB DEFAULT CHARSET=utf8mb4 COLLATE=utf8mb4_general_ci;

--
-- Dumping data for table `reservations`
--

INSERT INTO `reservations` (`id`, `user_id`, `hotel_id`, `room_id`, `total_night`, `check_in_date`, `check_out_date`, `total_price`, `discount_amount`, `final_price`, `total_adult`, `total_child`, `total_infant`, `status`, `payment_status`, `admin_commission`, `vendor_earning`, `is_old`, `created_at`, `updated_at`) VALUES
(40, 4, 15, 29, 1, '2025-04-11', '2025-04-12', 1200.00, '0', '1200', '1', '0', '0', 'Cancelled', 'Paid', NULL, NULL, 1, '2025-04-11 13:11:22', '2025-07-26 11:00:33'),
(42, 4, 17, 31, 2, '2025-04-24', '2025-04-29', 1314.00, '48.00', '1266.00', '1', '0', '0', '', 'Pending', NULL, NULL, 0, '2025-04-14 18:12:40', '2025-05-05 13:15:53'),
(47, 4, 18, 30, 8, '2025-06-11', '2025-06-19', 3944.00, '0', '3944', '1', '0', '0', 'Pending', 'Pending', NULL, NULL, 0, '2025-06-11 14:54:35', '2025-06-11 14:54:35'),
(48, 4, 18, 30, 8, '2025-06-11', '2025-06-19', 3944.00, '0', '3944', '1', '0', '0', 'Pending', 'Pending', NULL, NULL, 0, '2025-06-11 14:54:50', '2025-06-11 14:54:50'),
(49, 4, 18, 30, 8, '2025-06-11', '2025-06-19', 3944.00, '0', '3944', '1', '0', '0', 'Pending', 'Pending', '493', '3451', 0, '2025-06-11 14:59:44', '2025-06-11 14:59:44');

-- --------------------------------------------------------

--
-- Table structure for table `restaurants`
--

CREATE TABLE `restaurants` (
  `id` bigint(20) UNSIGNED NOT NULL,
  `admin_id` bigint(20) UNSIGNED NOT NULL,
  `name` varchar(255) NOT NULL,
  `email` varchar(255) NOT NULL,
  `phone` varchar(255) DEFAULT NULL,
  `address` text DEFAULT NULL,
  `cover` varchar(255) DEFAULT NULL,
  `description` longtext DEFAULT NULL,
  `logo` varchar(255) DEFAULT NULL,
  `latitude` varchar(255) DEFAULT NULL,
  `longitude` varchar(255) DEFAULT NULL,
  `is_open` tinyint(1) NOT NULL DEFAULT 1,
  `rating` int(11) NOT NULL DEFAULT 0,
  `start_from` varchar(255) NOT NULL DEFAULT '0',
  `country_id` int(11) NOT NULL,
  `opening_time` time NOT NULL,
  `closing_time` time NOT NULL,
  `created_at` timestamp NULL DEFAULT NULL,
  `updated_at` timestamp NULL DEFAULT NULL,
  `city` varchar(100) NOT NULL,
  `state` varchar(100) DEFAULT NULL,
  `postal_code` varchar(20) DEFAULT NULL,
  `zone` varchar(255) DEFAULT NULL,
  `webiste` varchar(255) DEFAULT NULL,
  `delivery_radius` varchar(255) NOT NULL DEFAULT '10'
) ENGINE=InnoDB DEFAULT CHARSET=utf8mb4 COLLATE=utf8mb4_general_ci;

--
-- Dumping data for table `restaurants`
--

INSERT INTO `restaurants` (`id`, `admin_id`, `name`, `email`, `phone`, `address`, `cover`, `description`, `logo`, `latitude`, `longitude`, `is_open`, `rating`, `start_from`, `country_id`, `opening_time`, `closing_time`, `created_at`, `updated_at`, `city`, `state`, `postal_code`, `zone`, `webiste`, `delivery_radius`) VALUES
(10, 18, 'verodo', 'cusaja@mailinator.com', '+1 (291) 996-5884', 'Jaley Dire Cultural Restaurant, dire dewa', 'restaurants/chGMBtThz9CfKvBH9gVMQH9LHEqpWWwhdA8uiJf2.jpg', 'Grub On Burger\r\n\r\nLocated in the heart of the city, Grub On Burger is the ultimate destination for burger lovers. We take pride in serving freshly prepared, high-quality burgers made from 100% locally sourced ingredients. Whether youre craving a classic cheeseburger, a spicy BBQ delight, or a plant-based option, our diverse menu has something for everyone.\r\n\r\nEnjoy a cozy ambiance, fast service, and delicious flavors that keep our customers coming back for more. With free delivery and an average wait time of just 20 minutes, your favorite meal is always within reach. Come and experience the best burgers in town!\r\n\r\n Location: [Restaurant Address]\r\n Opening Hours: 5 PM - 1 AM\r\n Contact: [Restaurant Phone]\r\n\r\n Average Rating: 4.7/5  See what our customers are saying!', 'restaurants/6OR1rHgU8yudL0TqFGimuBr9PWtddjXvmxmwaRUe.png', '9.0649487', '38.7710976', 1, 4, '1000', 0, '02:13:00', '02:29:00', '2025-03-07 13:29:58', '2025-08-13 05:40:53', 'harar', NULL, NULL, NULL, NULL, '100'),
(12, 18, 'Bevis Hardy', 'cusaja@mailinatorr.com', '+1 (291) 996-5884', 'Esse eum sed conseq', 'restaurants/6jQPsVPyAsax5OxoMCVki0pj4CN3nlE5CaJZKoq2.png', 'Ut at et voluptatibu', 'restaurants/X3O7QwXX4QcArxWdFY3HQCJ3nIzyTDKKgjQKGZhY.png', '8.98594939733578', '38.763300117937455', 1, 0, '0', 0, '00:00:00', '00:00:00', '2025-03-07 13:29:58', '2025-08-02 13:18:55', '', NULL, NULL, 'harar', NULL, '1'),
(13, 4, 'Bevis Hardy', 'cusaja@mailinatord.com', '+1 (291) 996-5884', 'Esse eum sed conseq', 'restaurants/ZkVtPVBkvZRIq8Af1B994guy179nmz5fcY8BnImE.png', 'Grub On Burger\r\n\r\nLocated in the heart of the city, Grub On Burger is the ultimate destination for burger lovers. We take pride in serving freshly prepared, high-quality burgers made from 100% locally sourced ingredients. Whether youre craving a classic cheeseburger, a spicy BBQ delight, or a plant-based option, our diverse menu has something for everyone.\r\n\r\nEnjoy a cozy ambiance, fast service, and delicious flavors that keep our customers coming back for more. With free delivery and an average wait time of just 20 minutes, your favorite meal is always within reach. Come and experience the best burgers in town!\r\n\r\n Location: [Restaurant Address]\r\n Opening Hours: 5 PM - 1 AM\r\n Contact: [Restaurant Phone]\r\n\r\n Average Rating: 4.7/5  See what our customers are saying!', 'restaurants/s0JTcmov8UOG1Ha6R1pNL2cIt5bflWt63RdtK80a.png', '8.98594939733578', '38.763300117937455', 1, 0, '100', 0, '00:00:00', '00:00:00', '2025-03-07 13:29:58', '2025-08-02 13:19:45', 'Gondar', NULL, NULL, 'harar', NULL, '1'),
(16, 4, 'Bevis Hardy', 'cusajaasdlfkjalfkjd@mailinatorr.com', '+1 (291) 996-5884', 'Esse eum sed conseq', NULL, 'Ut at et voluptatibu', 'restaurants/b8xdCkGaJfsR5PjqgD20XXT0W2N5mCcQA3yRBXm5.png', '8.98594939733578', '38.763300117937455', 1, 0, '300', 0, '00:00:00', '00:00:00', '2025-03-07 13:29:58', '2025-08-02 13:20:44', 'Bale', NULL, NULL, 'harar', NULL, '1'),
(18, 4, 'Bevis Hardy', 'cusaja@gmail.com', '+1 (291) 996-5884', 'Esse eum sed conseq', 'restaurants/ACZYRO74Y0VMVJgXD08kppgfs7iQ827GJ49Tdpos.jpg', 'Ut at et voluptatibu', 'restaurants/epSh0tvw5P78KrQhMnuutoHeWIw7csNy6hT6pHcz.jpg', '8.98594939733578', '38.763300117937455', 1, 0, '0', 2, '00:00:00', '00:00:00', '2025-03-07 13:29:58', '2025-08-02 13:19:23', 'Addis Ababa', 'Oromia', NULL, 'harar', NULL, '1'),
(22, 4, 'Ainsley Cross update', 'yared.debela.ayele@gmail.com', '+1 (574) 372-4284', 'a            ljkasf lakjfadf', 'restaurants/725T36SdS96qhpU28wGG4Fi7d2nY6v9Ox633dgks.jpg', 'sakjfdasjlf afkas jflakdsjflkas fjlkas', 'restaurants/ALfnehybmS9m9HVkJV6uvHSqPSWcDSzRkvnc3Bqc.png', '8.98594939733578', '38.763300117937455', 1, 0, '10', 2, '02:13:00', '05:11:00', '2025-04-30 16:02:38', '2025-08-13 05:45:40', 'Addis Ababa', 'Oromia', NULL, NULL, NULL, '1'),
(23, 4, 'yohannes Girma', 'yared.d@gmail.com', '0919816033', 'Asse barber, dire dewa', 'restaurants/7ZROMW2XjhV5Dafuea3z5qtZsY3KQaIFihL5TFOd.jpg', 'Enter Restaurant description\r\n                               adsljf lasdjflakdsf', 'restaurants/q4fqeQHyTZv4OgPZ1NfNr2JwuUpDLCtoXlZGxn7V.png', '9.067156', '38.739636', 1, 0, '10', 2, '01:58:00', '04:54:00', '2025-05-13 09:54:50', '2025-08-03 10:49:29', 'Addis Ababa', 'Amahra', NULL, 'harar', NULL, '100');

-- --------------------------------------------------------

--
-- Table structure for table `restaurant_cart_items`
--

CREATE TABLE `restaurant_cart_items` (
  `id` bigint(20) UNSIGNED NOT NULL,
  `user_id` bigint(20) UNSIGNED NOT NULL,
  `product_id` bigint(20) UNSIGNED NOT NULL,
  `size` varchar(255) DEFAULT NULL,
  `price` decimal(10,2) NOT NULL,
  `quantity` int(11) NOT NULL,
  `created_at` timestamp NULL DEFAULT NULL,
  `updated_at` timestamp NULL DEFAULT NULL
) ENGINE=InnoDB DEFAULT CHARSET=utf8mb4 COLLATE=utf8mb4_general_ci;

--
-- Dumping data for table `restaurant_cart_items`
--

INSERT INTO `restaurant_cart_items` (`id`, `user_id`, `product_id`, `size`, `price`, `quantity`, `created_at`, `updated_at`) VALUES
(38, 4, 22, '', 362.00, 2, '2025-08-16 09:11:10', '2025-08-16 09:11:10'),
(39, 4, 10, '', 198.99, 1, '2025-08-16 09:40:17', '2025-08-16 09:40:17'),
(40, 4, 20, '', 365.00, 1, '2025-08-19 03:34:33', '2025-08-19 03:34:33');

-- --------------------------------------------------------

--
-- Table structure for table `restaurant_categories`
--

CREATE TABLE `restaurant_categories` (
  `id` bigint(20) UNSIGNED NOT NULL,
  `name` varchar(255) NOT NULL,
  `slug` varchar(255) NOT NULL,
  `description` text DEFAULT NULL,
  `image` varchar(255) DEFAULT NULL,
  `discount` decimal(8,2) NOT NULL DEFAULT 0.00,
  `discount_type` enum('fixed','percentage') NOT NULL DEFAULT 'fixed',
  `is_active` tinyint(1) NOT NULL DEFAULT 1,
  `created_at` timestamp NULL DEFAULT NULL,
  `updated_at` timestamp NULL DEFAULT NULL
) ENGINE=InnoDB DEFAULT CHARSET=utf8mb4 COLLATE=utf8mb4_general_ci;

--
-- Dumping data for table `restaurant_categories`
--

INSERT INTO `restaurant_categories` (`id`, `name`, `slug`, `description`, `image`, `discount`, `discount_type`, `is_active`, `created_at`, `updated_at`) VALUES
(11, 'Basil Maxwell', 'basil-maxwell', 'Consequat Est volup', 'categories/n40t1BYaD2kWeSmCckf8wrjwGUHBDw0ixBQ2tC8c.png', 90.00, 'fixed', 1, '2025-03-10 12:21:01', '2025-08-02 12:38:29'),
(12, 'Bert Noble', 'bert-noble', 'Nobis eligendi hic e', 'categories/sjTLy1rkNNW6T4xw1iCOjtaXDKmCsiZj3xIvEt5s.png', 17.00, 'fixed', 1, '2025-03-10 12:21:08', '2025-08-02 12:37:58'),
(13, 'Yasir Bergs', 'yasir-berg', 'Autem reiciendis est', 'categories/KwtjGK6gB4sgs3QKEJIZDpk2eVzkzrUw1vI1ygXI.png', 58.00, 'fixed', 1, '2025-03-10 12:21:22', '2025-08-13 03:33:20'),
(14, 'Florence Gallegos', 'florence-gallegoss', 'Nihil mollit provide', 'categories/dSgyVZ7dekeiM7aFOlNMVosripgsSNixF0gYmBh0.png', 47.00, 'fixed', 1, '2025-03-10 12:20:19', '2025-08-02 12:36:57'),
(17, 'Bert Nobles', 'bert-nobles', 'Nobis eligendi hic e', 'categories/8jHP922KfWlEmR26vM2e1j2UnFKtgyy7s4Z3lnAq.jpg', 17.00, 'fixed', 1, '2025-03-10 12:21:08', '2025-08-02 12:38:07'),
(18, 'Yasir laksdfjldk', 'yasir-laksdfjldk', 'Autem reiciendis est', 'categories/ydAqQb4zE6zKDDVzYDVcXHu1otum1Mh6n5Q98ILP.png', 58.00, 'fixed', 1, '2025-03-10 12:21:22', '2025-08-02 12:37:22'),
(19, 'Macon Slater', 'macon-slatershg', 'Et distinctio Ipsa', 'categories/OvZyX4bmVrhzpon76DuwvLk6K0tLRdGnmRBu7QX8.png', 39.00, 'percentage', 1, '2025-03-10 12:20:29', '2025-08-02 12:39:04'),
(21, 'Bert Nobles', 'bert-noblesfff', 'Nobis eligendi hic e', 'categories/ygPL2jgLBHFjRShhFxqYIF5buSssJ7NvRMuVVOYE.png', 17.00, 'fixed', 1, '2025-03-10 12:21:08', '2025-08-02 12:38:18'),
(22, 'Yasir Berg', 'yasir-bergsyyy', 'Autem reiciendis est', 'categories/HT40CEOCKyJeXKBhS0DviKqn3QVX0UeRkkXNYTPr.png', 58.00, 'fixed', 1, '2025-03-10 12:21:22', '2025-08-02 12:37:48'),
(24, 'Jolie Daugherty', 'jolie-daugherty', 'Qui irure ea quia eo', 'categories/1auWN7enqIEcJMFhYuZefTxMCyxj7akWXV59CvDB.png', 39.00, 'percentage', 1, '2025-04-30 15:46:46', '2025-08-02 12:36:19'),
(35, 'Macon Slater', 'macon-slatershgdgsfgds', 'Et distinctio Ipsa', 'categories/OvZyX4bmVrhzpon76DuwvLk6K0tLRdGnmRBu7QX8.png', 39.00, 'percentage', 1, '2025-03-10 12:20:29', '2025-08-02 12:39:04'),
(36, 'Bert Nobles', 'bert-noblesfffsdfgd', 'Nobis eligendi hic e', 'categories/ygPL2jgLBHFjRShhFxqYIF5buSssJ7NvRMuVVOYE.png', 17.00, 'fixed', 1, '2025-03-10 12:21:08', '2025-08-02 12:38:18'),
(37, 'Yasir Berg', 'yasir-bergsyyysdgdfsdfg', 'Autem reiciendis est', 'categories/HT40CEOCKyJeXKBhS0DviKqn3QVX0UeRkkXNYTPr.png', 58.00, 'fixed', 1, '2025-03-10 12:21:22', '2025-08-02 12:37:48'),
(38, 'Jolie Daugherty', 'jolie-daughertysdfsdf', 'Qui irure ea quia eo', 'categories/1auWN7enqIEcJMFhYuZefTxMCyxj7akWXV59CvDB.png', 39.00, 'percentage', 1, '2025-04-30 15:46:46', '2025-08-02 12:36:19');

-- --------------------------------------------------------

--
-- Table structure for table `restaurant_cities`
--

CREATE TABLE `restaurant_cities` (
  `id` bigint(20) UNSIGNED NOT NULL,
  `name` varchar(255) DEFAULT NULL,
  `created_at` timestamp NOT NULL DEFAULT current_timestamp(),
  `updated_at` timestamp NOT NULL DEFAULT current_timestamp()
) ENGINE=InnoDB DEFAULT CHARSET=utf8mb4 COLLATE=utf8mb4_general_ci;

--
-- Dumping data for table `restaurant_cities`
--

INSERT INTO `restaurant_cities` (`id`, `name`, `created_at`, `updated_at`) VALUES
(3, 'Anjolie Nguyen', '2025-03-08 16:20:08', '2025-03-08 16:20:08');

-- --------------------------------------------------------

--
-- Table structure for table `restaurant_coupons`
--

CREATE TABLE `restaurant_coupons` (
  `id` bigint(20) UNSIGNED NOT NULL,
  `admin_id` bigint(20) UNSIGNED DEFAULT NULL,
  `name` varchar(255) NOT NULL,
  `description` text DEFAULT NULL,
  `code` varchar(255) DEFAULT NULL,
  `type` enum('fixed','percentage') NOT NULL,
  `value` decimal(8,2) NOT NULL,
  `validated_date` date DEFAULT NULL,
  `is_active` tinyint(1) NOT NULL DEFAULT 1,
  `created_at` timestamp NULL DEFAULT NULL,
  `updated_at` timestamp NULL DEFAULT NULL
) ENGINE=InnoDB DEFAULT CHARSET=utf8mb4 COLLATE=utf8mb4_general_ci;

--
-- Dumping data for table `restaurant_coupons`
--

INSERT INTO `restaurant_coupons` (`id`, `admin_id`, `name`, `description`, `code`, `type`, `value`, `validated_date`, `is_active`, `created_at`, `updated_at`) VALUES
(4, 4, 'Dylan Paul', NULL, 'TODAY', 'fixed', 10.00, '2027-09-29', 1, '2025-03-12 14:17:45', '2025-03-12 14:18:31'),
(5, 4, 'Callie Rowland', NULL, 'Velit rerum est te', 'percentage', 2.50, '2026-09-05', 1, '2025-04-15 18:46:56', '2025-07-22 00:47:06');

-- --------------------------------------------------------

--
-- Table structure for table `restaurant_images`
--

CREATE TABLE `restaurant_images` (
  `id` bigint(20) UNSIGNED NOT NULL,
  `restaurant_id` bigint(20) UNSIGNED NOT NULL,
  `image_path` varchar(255) NOT NULL,
  `created_at` timestamp NULL DEFAULT NULL,
  `updated_at` timestamp NULL DEFAULT NULL
) ENGINE=InnoDB DEFAULT CHARSET=utf8mb4 COLLATE=utf8mb4_general_ci;

--
-- Dumping data for table `restaurant_images`
--

INSERT INTO `restaurant_images` (`id`, `restaurant_id`, `image_path`, `created_at`, `updated_at`) VALUES
(15, 10, 'restaurant_images/Jb1bTFJmHMaKkOJ5br4p5QYIrpNyQPUJ6g3eR4A5.png', '2025-03-07 13:29:58', '2025-03-07 13:29:58'),
(20, 10, 'restaurant_images/BChFITJzMA1ycPNcVFEvLpRF5x1EYjZ3q7ZW7K9T.png', '2025-03-08 16:59:50', '2025-03-08 16:59:50'),
(21, 10, 'restaurant_images/b322Sg3rOkLbhis32Gfp4kH4yZCPiAg7JsVhQgEs.png', '2025-03-08 16:59:50', '2025-03-08 16:59:50'),
(22, 10, 'restaurant_images/1U3nqjSYLuMPeEPUbnjmXrknvGlseOPzksIn4CEY.png', '2025-03-08 16:59:50', '2025-03-08 16:59:50'),
(23, 10, 'restaurant_images/njIBDTD9aKK91B7YsiPRlZFbSNBQXb6D1sO3nLAa.png', '2025-03-08 16:59:50', '2025-03-08 16:59:50'),
(24, 22, 'http://127.0.0.1:8000/storage/restaurant_images/I3nNdsltbd6kyMXSIbwqqLLfBqQdRNEdmn1T3iid.jpg', '2025-04-30 16:02:38', '2025-04-30 16:02:38'),
(25, 22, 'http://127.0.0.1:8000/storage/restaurant_images/LjaELIqGRsAkUUH3sisOxhzHsLlVPofvwyqTd5ur.jpg', '2025-04-30 16:02:38', '2025-04-30 16:02:38'),
(28, 18, 'http://127.0.0.1:8000/storage/restaurant_images/n54F4hsKVAedSreCw5gC28IjA9sQYIYhmJ8rbk6z.png', '2025-05-13 13:03:09', '2025-05-13 13:03:09'),
(29, 18, 'http://127.0.0.1:8000/storage/restaurant_images/yp8GopdLBjrJHAWavnTcemx1KSgE9dSGJgKOgblA.png', '2025-05-13 13:03:09', '2025-05-13 13:03:09'),
(30, 18, 'http://127.0.0.1:8000/storage/restaurant_images/fC3X5seVVczVDtxLZDfo9NWALEUR3fs5hOf0uSRt.jpg', '2025-05-13 13:03:09', '2025-05-13 13:03:09'),
(31, 23, 'http://127.0.0.1:9000/storage/restaurant_images/hbZ95FhgtzmDsbZUkj4tPXpecsd1uXGzf1tDaIsQ.jpg', '2025-06-09 12:04:21', '2025-06-09 12:04:21');

-- --------------------------------------------------------

--
-- Table structure for table `restaurant_menus`
--

CREATE TABLE `restaurant_menus` (
  `id` bigint(20) UNSIGNED NOT NULL,
  `name` varchar(255) NOT NULL,
  `slug` varchar(255) NOT NULL,
  `image` varchar(255) DEFAULT NULL,
  `is_active` tinyint(1) NOT NULL DEFAULT 1,
  `created_at` timestamp NULL DEFAULT NULL,
  `updated_at` timestamp NULL DEFAULT NULL
) ENGINE=InnoDB DEFAULT CHARSET=utf8mb4 COLLATE=utf8mb4_general_ci;

--
-- Dumping data for table `restaurant_menus`
--

INSERT INTO `restaurant_menus` (`id`, `name`, `slug`, `image`, `is_active`, `created_at`, `updated_at`) VALUES
(8, 'Kibo Medina', 'kibo-medina', 'http://127.0.0.1:8000/storage/menus/WskHO34rR4JeQ3DnLMosjiw75lFzcsmx7znx6EJ1.png', 1, '2025-03-08 13:59:21', '2025-05-01 11:26:09');

-- --------------------------------------------------------

--
-- Table structure for table `restaurant_orders`
--

CREATE TABLE `restaurant_orders` (
  `id` bigint(20) UNSIGNED NOT NULL,
  `user_id` bigint(20) UNSIGNED DEFAULT NULL,
  `subtotal` decimal(10,2) NOT NULL,
  `discount` decimal(10,2) DEFAULT 0.00,
  `delivery_fee` decimal(10,2) DEFAULT 15.00,
  `total` decimal(10,2) NOT NULL,
  `tax` varchar(255) DEFAULT NULL,
  `tip_amount` int(255) NOT NULL DEFAULT 0,
  `delivery_man_id` bigint(20) DEFAULT NULL,
  `delivery_code` varchar(255) DEFAULT NULL,
  `status` varchar(255) DEFAULT 'pending',
  `delivery_status` enum('pending','accepted','declined','delivering','delivered') NOT NULL DEFAULT 'pending',
  `payment_status` varchar(255) NOT NULL DEFAULT 'pending',
  `payment_method` varchar(255) NOT NULL,
  `delivery_address_id` bigint(20) DEFAULT NULL,
  `address` varchar(255) DEFAULT NULL,
  `city` varchar(255) DEFAULT NULL,
  `sub_city` varchar(255) DEFAULT NULL,
  `street` varchar(255) DEFAULT NULL,
  `state` varchar(255) DEFAULT NULL,
  `mobile` varchar(255) DEFAULT NULL,
  `latitude` varchar(255) DEFAULT NULL,
  `longitude` varchar(255) DEFAULT NULL,
  `is_old` varchar(1) NOT NULL DEFAULT '0',
  `created_at` timestamp NULL DEFAULT current_timestamp(),
  `updated_at` timestamp NULL DEFAULT current_timestamp() ON UPDATE current_timestamp(),
  `is_call_center` int(1) NOT NULL DEFAULT 0
) ENGINE=InnoDB DEFAULT CHARSET=utf8mb4 COLLATE=utf8mb4_general_ci;

--
-- Dumping data for table `restaurant_orders`
--

INSERT INTO `restaurant_orders` (`id`, `user_id`, `subtotal`, `discount`, `delivery_fee`, `total`, `tax`, `tip_amount`, `delivery_man_id`, `delivery_code`, `status`, `delivery_status`, `payment_status`, `payment_method`, `delivery_address_id`, `address`, `city`, `sub_city`, `street`, `state`, `mobile`, `latitude`, `longitude`, `is_old`, `created_at`, `updated_at`, `is_call_center`) VALUES
(14, 5, 144.00, 0.00, 15.00, 159.00, NULL, 0, 1, NULL, 'completed', 'pending', 'pending', 'cash', 6, NULL, NULL, NULL, NULL, NULL, NULL, NULL, NULL, '0', '2025-04-02 16:02:11', '2025-05-28 06:47:11', 0),
(16, 4, 576.00, 10.00, 15.00, 581.00, NULL, 0, 1, NULL, 'completed', 'pending', 'pending', 'cash', 6, NULL, NULL, NULL, NULL, NULL, NULL, NULL, NULL, '0', '2025-02-07 14:35:20', '2025-05-28 06:47:13', 0),
(18, 4, 144.00, 0.00, 15.00, 159.00, NULL, 0, 1, NULL, 'pending', 'pending', 'pending', 'cash', 6, NULL, NULL, NULL, NULL, NULL, NULL, NULL, NULL, '0', '2025-04-29 18:15:53', '2025-05-28 06:47:07', 0),
(22, 4, 288.00, 0.00, 15.00, 303.00, NULL, 0, 1, NULL, 'completed', 'pending', 'pending', 'bank_transfer', 6, NULL, NULL, NULL, NULL, NULL, NULL, NULL, NULL, '0', '2025-04-30 14:34:56', '2025-05-28 06:47:04', 0),
(23, 4, 341.00, 0.00, 15.00, 356.00, NULL, 10, 1, '200010', 'delivered', 'delivered', 'pending', 'bank_transfer', 6, NULL, NULL, NULL, NULL, NULL, NULL, NULL, NULL, '0', '2025-05-03 11:53:55', '2025-05-28 06:46:44', 0),
(25, 4, 341.00, 0.00, 50.00, 401.00, NULL, 10, 1, 'DBNAZS', 'pending', 'pending', 'pending', 'cash_on_delivery', 61, NULL, NULL, NULL, NULL, NULL, NULL, NULL, NULL, '0', '2025-05-12 08:45:04', '2025-05-28 06:47:03', 0),
(26, 4, 341.00, 0.00, 50.00, 392.00, '34.1', 1, 1, 'XVJP4B', 'pending', 'delivering', 'pending', 'cash_on_delivery', 6, NULL, NULL, NULL, NULL, NULL, NULL, NULL, NULL, '0', '2025-05-12 12:18:21', '2025-05-28 06:48:14', 0),
(27, 4, 341.00, 0.00, 0.00, 341.00, '0', 0, 1, 'FBTGAB', 'pending', 'delivering', 'pending', 'cash_on_delivery', 6, NULL, NULL, NULL, NULL, NULL, NULL, NULL, NULL, '0', '2025-05-24 09:31:39', '2025-05-28 06:48:02', 0),
(28, 4, 341.00, 0.00, 14.00, 361.82, '6.82', 0, 1, 'QPSSKM', 'pending', 'delivering', 'pending', 'bank_transfer', 6, NULL, NULL, NULL, NULL, NULL, NULL, NULL, NULL, '1', '2025-05-26 17:39:56', '2025-07-24 11:47:40', 0),
(29, 4, 0.00, 0.00, 0.00, 0.00, '0', 0, 1, 'FBEKTP', 'delivering', 'accepted', 'pending', 'cash_on_delivery', 6, NULL, NULL, NULL, NULL, NULL, NULL, NULL, NULL, '0', '2025-05-27 14:51:41', '2025-06-03 10:48:45', 0),
(30, 4, 341.00, 0.00, 14.00, 365.00, '6.82', 10, NULL, '660PLF', 'delivered', 'delivering', 'pending', 'cash_on_delivery', 6, NULL, NULL, NULL, NULL, NULL, NULL, NULL, NULL, '0', '2025-05-27 15:02:05', '2025-06-06 18:59:08', 0),
(34, 4, 539.99, 0.00, 28.00, 567.99, '38.12', 0, NULL, 'CJRHTZ', 'pending', 'pending', 'pending', 'Cash On Delivery', NULL, '14, adama', 'Mekele', NULL, NULL, 'Gambela', '0912651113', '9.0191936', '38.7524635', '0', '2025-06-16 09:26:24', '2025-06-16 09:26:24', 0),
(35, 4, 539.99, 0.00, 28.00, 567.99, '38.12', 0, NULL, 'HQGYSI', 'pending', 'pending', 'pending', 'Cash On Delivery', 6, 'Ut consequat Earum', 'harar', 'Officiis consequatur', 'Cumque odit expedita', 'Ad veritatis invento', '99', '9.02127', '38.7544', '0', '2025-06-16 09:27:04', '2025-06-16 09:27:04', 0),
(36, 4, 539.99, 0.00, 28.00, 567.99, '38.12', 0, 1, '1AQ6GV', 'pending', 'pending', 'pending', 'Cash On Delivery', NULL, '14, adama', 'Mekele', NULL, NULL, 'Gambela', '0912651113', '9.0649487', '38.7450259', '0', '2025-06-16 09:29:21', '2025-08-11 08:21:29', 0),
(39, 4, 179.00, 0.00, 14.00, 193.00, '0', 0, NULL, 'CQCACB', 'pending', 'pending', 'pending', 'Cash On Delivery', NULL, NULL, NULL, NULL, NULL, NULL, NULL, NULL, NULL, '0', '2025-06-16 09:38:07', '2025-06-16 09:38:07', 0),
(40, 4, 179.00, 0.00, 0.00, 179.00, '0', 0, NULL, 'STXWOV', 'pending', 'pending', 'pending', 'Cash On Delivery', NULL, '14, adama', 'Mekele', NULL, NULL, 'Gambela', '0912651113', '9.0649487', '38.7450259', '0', '2025-06-17 18:52:15', '2025-08-11 08:20:26', 0),
(41, 4, 184.00, 0.00, 14.00, 198.00, '2.01', 0, NULL, 'UT44KN', 'pending', 'pending', 'pending', 'Cash On Delivery', NULL, '14, adama', 'Mekele', NULL, NULL, 'Gambela', '0912651113', '9.0079232', '38.7678208', '0', '2025-06-18 09:22:45', '2025-06-18 09:22:45', 0),
(42, 4, 184.00, 0.00, 14.00, 198.00, '0', 0, NULL, 'IRDSEN', 'pending', 'pending', 'pending', 'Cash On Delivery', NULL, '14, adama', 'Mekele', NULL, NULL, 'Gambela', '0912651113', '9.0079232', '38.7678208', '0', '2025-06-18 09:31:19', '2025-06-18 09:31:19', 0),
(43, 4, 272.80, 0.00, 68.77, 341.57, '6.82', 0, NULL, 'MGVMXE', 'pending', 'pending', 'pending', 'Cash On Delivery', NULL, '14, adama', 'Mekele', NULL, NULL, 'Gambela', '0912651113', NULL, NULL, '0', '2025-08-04 17:55:32', '2025-08-04 17:55:32', 0),
(44, 4, 272.80, 0.00, 113.64, 396.44, '6.82', 10, NULL, 'SNZROL', 'pending', 'pending', 'pending', 'Cash On Delivery', NULL, '14, adama', 'Mekele', NULL, NULL, 'Gambela', '0912651113', '8.9915392', '38.764544', '0', '2025-08-05 14:35:47', '2025-08-05 14:35:47', 0),
(45, 4, 184.00, 10.00, 130.67, 318.69, '4.02', 10, NULL, 'BGOE0E', 'pending', 'pending', 'pending', 'Bank Transfer', NULL, '14, adama', 'Mekele', NULL, NULL, 'Gambela', '0912651113', '8.9915392', '38.764544', '0', '2025-08-05 17:20:54', '2025-08-05 17:20:54', 0),
(46, 4, 184.00, 10.00, 130.67, 308.69, '4.02', 0, NULL, 'NERWKK', 'pending', 'pending', 'pending', 'Bank Transfer', NULL, '14, adama', 'Mekele', NULL, NULL, 'Gambela', '0912651113', '8.9915392', '38.764544', '0', '2025-08-05 17:23:30', '2025-08-05 17:23:30', 0),
(49, NULL, 484.00, 0.00, 3078.89, 3572.57, '9.68', 0, NULL, NULL, 'pending', 'pending', 'unpaid', 'cash_on_delivery', NULL, NULL, NULL, NULL, NULL, NULL, '0912651113', '30.414335', '57.667236', '1', '2025-08-18 03:59:17', '2025-08-18 04:24:57', 1),
(50, NULL, 143.00, 0.00, 343.91, 489.77, '2.86', 0, 1, '4JTOOG', 'pending', 'pending', 'unpaid', 'cash_on_delivery', NULL, 'Kezira Boucher (mesfin lobeto), dire dewa', NULL, NULL, NULL, NULL, '0912121212', '9.59034', '41.859825', '0', '2025-08-18 04:48:05', '2025-08-18 08:59:20', 1);

-- --------------------------------------------------------

--
-- Table structure for table `restaurant_orders_payment_info`
--

CREATE TABLE `restaurant_orders_payment_info` (
  `id` int(11) NOT NULL,
  `restaurant_orders_id` bigint(20) UNSIGNED NOT NULL,
  `user_id` bigint(20) UNSIGNED NOT NULL,
  `bank_name` varchar(255) NOT NULL,
  `transaction_number` varchar(255) NOT NULL,
  `receipt` varchar(255) DEFAULT NULL,
  `amount_paid` decimal(10,2) NOT NULL,
  `payment_status` varchar(255) DEFAULT 'Pending',
  `created_at` timestamp NOT NULL DEFAULT current_timestamp(),
  `updated_at` timestamp NOT NULL DEFAULT current_timestamp() ON UPDATE current_timestamp()
) ENGINE=InnoDB DEFAULT CHARSET=utf8mb4 COLLATE=utf8mb4_general_ci;

--
-- Dumping data for table `restaurant_orders_payment_info`
--

INSERT INTO `restaurant_orders_payment_info` (`id`, `restaurant_orders_id`, `user_id`, `bank_name`, `transaction_number`, `receipt`, `amount_paid`, `payment_status`, `created_at`, `updated_at`) VALUES
(2, 45, 4, 'Awash Bank', '10000000000sd1', 'restaurant/Aava6OQZcF6JQrCRE3I2lGVdZkvRehREXPKSjkfz.jpg', 318.69, 'Pending', '2025-08-05 17:20:54', '2025-08-05 17:20:54'),
(3, 46, 4, 'CBE', '100000000001sdf', 'restaurant/5RwaLPalxrw7nOtZyNewccWiseizoLXPfjOSq761.jpg', 308.69, 'Pending', '2025-08-05 17:23:30', '2025-08-05 17:23:30');

-- --------------------------------------------------------

--
-- Table structure for table `restaurant_order_items`
--

CREATE TABLE `restaurant_order_items` (
  `id` bigint(20) UNSIGNED NOT NULL,
  `order_id` bigint(20) UNSIGNED NOT NULL,
  `product_id` bigint(20) UNSIGNED NOT NULL,
  `size` varchar(255) DEFAULT NULL,
  `quantity` int(11) NOT NULL,
  `price` decimal(10,2) NOT NULL,
  `total` decimal(10,2) NOT NULL,
  `picked_code` varchar(255) DEFAULT NULL,
  `picked_status` varchar(255) DEFAULT NULL,
  `admin_commission` varchar(255) DEFAULT NULL,
  `vendor_earning` varchar(255) DEFAULT NULL,
  `created_at` timestamp NULL DEFAULT current_timestamp(),
  `updated_at` timestamp NULL DEFAULT current_timestamp() ON UPDATE current_timestamp()
) ENGINE=InnoDB DEFAULT CHARSET=utf8mb4 COLLATE=utf8mb4_general_ci;

--
-- Dumping data for table `restaurant_order_items`
--

INSERT INTO `restaurant_order_items` (`id`, `order_id`, `product_id`, `size`, `quantity`, `price`, `total`, `picked_code`, `picked_status`, `admin_commission`, `vendor_earning`, `created_at`, `updated_at`) VALUES
(13, 14, 15, 'small', 1, 144.00, 144.00, '1000', NULL, NULL, NULL, '2025-04-02 16:02:11', '2025-05-09 12:08:15'),
(15, 16, 16, 'small', 2, 144.00, 288.00, '1000', NULL, NULL, NULL, '2025-04-07 13:35:20', '2025-05-09 12:08:23'),
(16, 16, 17, 'small', 2, 144.00, 288.00, '1000', NULL, NULL, NULL, '2025-04-07 13:35:20', '2025-05-09 12:08:33'),
(18, 18, 17, 'small', 1, 144.00, 144.00, '1000', NULL, NULL, NULL, '2025-04-29 18:15:53', '2025-05-09 12:08:30'),
(19, 23, 18, 'small', 2, 288.00, 576.00, '100', 'picked', NULL, NULL, '2025-04-30 14:34:56', '2025-05-10 19:12:09'),
(20, 23, 17, '', 1, 341.00, 341.00, '1000', 'picked', NULL, NULL, '2025-05-03 11:53:55', '2025-05-09 19:05:30'),
(21, 25, 17, '', 1, 341.00, 341.00, 'HTXKEG', NULL, NULL, NULL, '2025-05-12 08:45:04', '2025-05-12 08:45:04'),
(22, 26, 17, '', 1, 341.00, 341.00, 'YJ3ET2', NULL, NULL, NULL, '2025-05-12 12:18:21', '2025-05-12 12:18:21'),
(23, 27, 13, '', 1, 341.00, 341.00, 'B0FVNV', NULL, NULL, NULL, '2025-05-24 09:31:39', '2025-05-24 09:31:39'),
(24, 28, 13, '', 1, 341.00, 341.00, 'Q1IFNN', NULL, NULL, NULL, '2025-05-26 17:39:56', '2025-05-26 17:39:56'),
(25, 30, 13, '', 1, 341.00, 341.00, 'SEFN5G', NULL, NULL, NULL, '2025-05-27 15:02:05', '2025-05-27 15:02:05'),
(29, 34, 17, '', 1, 341.00, 341.00, 'H8UYNW', NULL, '17.05', '323.95', '2025-06-16 09:26:24', '2025-06-16 09:26:24'),
(30, 34, 10, '', 1, 198.99, 198.99, 'V5UOAA', NULL, '9.95', '189.04', '2025-06-16 09:26:24', '2025-06-16 09:26:24'),
(31, 35, 17, '', 1, 341.00, 341.00, 'S4YCED', NULL, '17.05', '323.95', '2025-06-16 09:27:04', '2025-06-16 09:27:04'),
(32, 35, 10, '', 1, 198.99, 198.99, 'ZHPCJA', NULL, '9.95', '189.04', '2025-06-16 09:27:04', '2025-06-16 09:27:04'),
(33, 36, 17, '', 1, 341.00, 341.00, 'BWWVDY', NULL, '17.05', '323.95', '2025-06-16 09:29:21', '2025-06-16 09:29:21'),
(34, 36, 10, '', 1, 198.99, 198.99, 'OKRRYY', NULL, '9.95', '189.04', '2025-06-16 09:29:21', '2025-06-16 09:29:21'),
(37, 39, 16, '', 1, 179.00, 179.00, '5E3BWI', NULL, '8.95', '170.05', '2025-06-16 09:38:07', '2025-06-16 09:38:07'),
(39, 41, 15, '', 1, 184.00, 184.00, '3YSKZR', NULL, '9.2', '174.8', '2025-06-18 09:22:45', '2025-06-18 09:22:45'),
(40, 42, 18, '', 1, 184.00, 184.00, 'VHVMK5', NULL, '9.2', '174.8', '2025-06-18 09:31:19', '2025-06-18 09:31:19'),
(41, 43, 13, '', 1, 272.80, 272.80, 'VPNWGB', NULL, '13.64', '259.16', '2025-08-04 17:55:32', '2025-08-04 17:55:32'),
(42, 44, 13, '', 1, 272.80, 272.80, 'NPG7IW', NULL, '13.64', '259.16', '2025-08-05 14:35:47', '2025-08-05 14:35:47'),
(43, 45, 18, '', 1, 184.00, 184.00, '3OHLNG', NULL, '9.2', '174.8', '2025-08-05 17:20:54', '2025-08-05 17:20:54'),
(44, 46, 18, '', 1, 184.00, 184.00, 'L6DTHG', NULL, '9.2', '174.8', '2025-08-05 17:23:30', '2025-08-05 17:23:30'),
(47, 49, 6, NULL, 1, 143.00, 143.00, NULL, NULL, '7.15', '135.85', '2025-08-18 03:59:17', '2025-08-18 03:59:17'),
(48, 49, 8, NULL, 1, 341.00, 341.00, NULL, NULL, '17.05', '323.95', '2025-08-18 03:59:17', '2025-08-18 03:59:17'),
(49, 50, 11, NULL, 1, 143.00, 143.00, 'K6NOKT', NULL, '7.15', '135.85', '2025-08-18 04:48:05', '2025-08-18 04:48:05');

-- --------------------------------------------------------

--
-- Table structure for table `restaurant_products`
--

CREATE TABLE `restaurant_products` (
  `id` bigint(20) UNSIGNED NOT NULL,
  `restaurant_id` bigint(20) UNSIGNED NOT NULL DEFAULT 10,
  `name` varchar(255) NOT NULL,
  `slug` varchar(255) DEFAULT NULL,
  `description` text DEFAULT NULL,
  `category_id` bigint(20) UNSIGNED NOT NULL,
  `subcategory_id` bigint(20) DEFAULT NULL,
  `city_id` bigint(20) UNSIGNED NOT NULL,
  `menu_id` bigint(20) UNSIGNED NOT NULL,
  `code` varchar(255) DEFAULT NULL,
  `price` varchar(255) DEFAULT NULL,
  `product_tax` int(255) NOT NULL DEFAULT 0,
  `discount_type` enum('percentage','fixed') DEFAULT 'percentage',
  `discount` varchar(255) DEFAULT NULL,
  `image` varchar(255) DEFAULT NULL,
  `weight` int(255) DEFAULT 0,
  `admin_id` varchar(255) DEFAULT NULL,
  `most_populer` varchar(255) DEFAULT NULL,
  `best_seller` varchar(255) DEFAULT NULL,
  `is_free` varchar(255) NOT NULL DEFAULT '1',
  `delivery_fee` varchar(255) DEFAULT NULL,
  `delivery_time` varchar(255) DEFAULT NULL,
  `is_active` varchar(255) DEFAULT '1',
  `created_at` timestamp NULL DEFAULT NULL,
  `updated_at` timestamp NULL DEFAULT NULL
) ENGINE=InnoDB DEFAULT CHARSET=utf8mb4 COLLATE=utf8mb4_general_ci;

--
-- Dumping data for table `restaurant_products`
--

INSERT INTO `restaurant_products` (`id`, `restaurant_id`, `name`, `slug`, `description`, `category_id`, `subcategory_id`, `city_id`, `menu_id`, `code`, `price`, `product_tax`, `discount_type`, `discount`, `image`, `weight`, `admin_id`, `most_populer`, `best_seller`, `is_free`, `delivery_fee`, `delivery_time`, `is_active`, `created_at`, `updated_at`) VALUES
(6, 10, 'Karina Fuentes', 'karina-fuentes', 'Recusandae Rem susc', 11, 8, 3, 8, NULL, '143', 2, 'percentage', '100', 'product_images/JoLTKYk23fizSRXEX35QBrH9eI8gxIfGoJD8A1Lb.png', 1, '4', '1', NULL, '0', '10', '20', '1', '2025-03-10 12:22:45', '2025-08-02 13:03:59'),
(8, 10, 'Veronica Frazier Updatee', 'veronica-frazier-updatee', 'Debitis dolor illo p', 11, 7, 3, 8, NULL, '341', 2, 'percentage', '20', 'product_images/Ihdaju4uGV7910VbTPnibyFuHVBNSuHDIjr9xE00.png', 10, '4', '1', '1', '1', NULL, '20', NULL, '2025-03-10 12:23:20', '2025-08-13 04:17:27'),
(10, 10, 'Laurel Sanford', 'laurel-sanford', 'Aut veritatis culpa', 12, 9, 3, 8, NULL, '201', 2, 'percentage', '1', 'product_images/1BQ9N3tvhEXSAm0UwjBeL4mMNgpFJk3IiF0rmrRq.png', 3, '4', '1', '1', '1', NULL, '20', '1', '2025-03-10 12:26:12', '2025-08-02 13:02:46'),
(11, 10, 'Updated', 'updated', 'Recusandae Rem susc', 11, 10, 3, 8, NULL, '143', 2, 'percentage', '100', 'product_images/IyB1xc3fM3JhoHopE2mq0OPxtUjejVrQHqluBRh5.png', 1, '4', '1', NULL, '1', NULL, '20', '1', '2025-03-10 12:22:45', '2025-08-02 13:03:47'),
(12, 23, 'Karleigh Sloan', 'karleigh-sloan', 'Dolor est velit do', 13, 7, 3, 8, NULL, '198', 2, 'fixed', '19', 'product_images/b6lGTT7fkvsyNDSIySOR4ZLK4Iv12p4IW0JpV1st.png', 3, '4', '1', '1', '1', NULL, '20', '1', '2025-03-10 12:23:02', '2025-08-02 13:03:22'),
(13, 22, 'Veronica Frazier', 'veronica-frazier', 'Debitis dolor illo p', 11, 10, 3, 8, NULL, '341', 2, 'percentage', '20', 'product_images/thgFVZ0UmatmD2IrnHzeLqV6vBor5teiKhk3KSNJ.png', 2, '4', '1', '1', '1', NULL, '20', '1', '2025-03-10 12:23:20', '2025-08-02 13:01:46'),
(15, 23, 'Laurel Sanford', 'laurel-sanford', 'Aut veritatis culpa', 12, 11, 3, 8, NULL, '201', 2, 'percentage', '2', 'product_images/L0iidIurEnO7elKATQQw78IcW0x48CAGLOy989Yi.png', 2, '4', '1', '1', '1', NULL, '20', '1', '2025-03-10 12:26:12', '2025-08-02 13:03:00'),
(16, 22, 'Karleigh Sloan', 'karleigh-sloan', 'Dolor est velit do', 13, 10, 3, 8, NULL, '198', 2, 'fixed', '19', 'product_images/aAwD8PHomxpa1Dz6hJhMtAyQrp8fq7v2y1QyG7Ca.png', 10, '4', '1', '1', '1', NULL, '20', '1', '2025-03-10 12:23:02', '2025-08-02 13:03:34'),
(17, 10, 'UPdatedv', 'updatedv', 'Debitis dolor illo p\r\nDebitis dolor illo p\r\nDebitis dolor illo p\r\nDebitis dolor illo pDebitis dolor illo p\r\nDebitis dolor illo p\r\nDebitis dolor illo p\r\nDebitis dolor illo pDebitis dolor illo p\r\nDebitis dolor illo p\r\nDebitis dolor illo p\r\nDebitis dolor illo p', 12, 8, 3, 8, NULL, '341', 2, 'percentage', '1.28', 'product_images/snWxVTOlgIs6qra8SO8qz0dSdcSRWMVyI2kducHH.png', 1, '4', '1', '1', '1', NULL, '30', '1', '2025-03-10 12:23:20', '2025-08-02 13:00:44'),
(18, 10, 'Laurel Sanford', 'laurel-sanford', 'Aut veritatis culpa', 12, 10, 3, 8, NULL, '201', 2, 'percentage', '0', 'product_images/fiJ2g9Eu6jTfy5o3YvK170Jkv55tqaoQfaTv8CIQ.png', 2, '4', '1', '1', '1', NULL, '30', '1', '2025-03-10 12:26:12', '2025-08-02 13:02:15'),
(19, 10, 'Ainsley Cross', 'ainsley-cross', 'lakdjflkajfa', 13, 7, 3, 8, NULL, '100', 2, 'fixed', '1', 'product_images/pJCjvAN81aDXSMi9rQ8lVmHh8uPDgtjCkjEUKJHt.jpg', 2, '4', '1', '1', '1', NULL, '1', '1', '2025-04-30 15:54:07', '2025-08-02 13:02:32'),
(20, 10, 'Adminsss', 'adminsss', 'asldjflk f', 11, 7, 3, 8, NULL, '366', 2, 'fixed', '1', 'product_images/GvpxwY2tz50wBvDDgO3AHzBxg9V53BvyRuYWP5xo.png', 2, '4', '1', '1', '1', NULL, '30', NULL, '2025-05-12 11:45:34', '2025-08-13 04:24:30'),
(22, 10, 'lkdsjgl', 'lkdsjgl', 'asldkfj', 11, 11, 3, 8, NULL, '364', 2, 'fixed', '2', 'product_images/VAGHY6Ldz9DbJYIomqt1xgHbX8PwuCoCm3dKeFs7.png', 0, '4', '1', '1', '1', NULL, '10', '1', '2025-07-20 16:09:25', '2025-08-02 13:01:08'),
(23, 23, 'kasjflkd', 'kasjflkd', 'klsadjflks', 12, 10, 3, 8, NULL, '999', 2, 'fixed', '0', 'product_images/vXww33gCOkLBgP7adMH6ys3HyUxMDgYO4jikKuAH.png', 1, '4', NULL, NULL, '1', NULL, '1', NULL, '2025-08-02 12:51:56', '2025-08-07 12:21:00'),
(24, 23, 'alskdfj la', 'alskdfj-la', 'aksdfjasl fkjas', 12, 9, 3, 8, NULL, '1002', 2, 'fixed', '0', 'product_images/bGbrDHhVxMpvVpsTWzs0a5YrdVsIDt0DSYt9nxJQ.jpg', 30, '4', '1', '1', '1', NULL, '20', NULL, '2025-08-07 12:23:42', '2025-08-07 12:25:04');

-- --------------------------------------------------------

--
-- Table structure for table `restaurant_products_ratings`
--

CREATE TABLE `restaurant_products_ratings` (
  `id` bigint(20) UNSIGNED NOT NULL,
  `user_id` bigint(20) UNSIGNED NOT NULL,
  `product_id` bigint(20) UNSIGNED NOT NULL,
  `rating` int(11) NOT NULL,
  `review` longtext DEFAULT NULL,
  `created_at` timestamp NULL DEFAULT NULL,
  `updated_at` timestamp NULL DEFAULT NULL
) ENGINE=InnoDB DEFAULT CHARSET=utf8mb4 COLLATE=utf8mb4_general_ci;

--
-- Dumping data for table `restaurant_products_ratings`
--

INSERT INTO `restaurant_products_ratings` (`id`, `user_id`, `product_id`, `rating`, `review`, `created_at`, `updated_at`) VALUES
(1, 4, 17, 5, 'hi', '2025-03-31 11:02:41', '2025-04-02 11:18:19'),
(2, 5, 17, 5, 'lkdsjl ldkasj fdldas', '2025-03-31 11:02:41', '2025-03-31 11:10:08'),
(4, 7, 17, 5, 'lkdsjl ldkasj fdldas', '2025-03-31 11:02:41', '2025-03-31 11:10:08'),
(5, 4, 13, 4, 'lsajfldska fsal', '2025-03-31 17:29:35', '2025-03-31 17:29:35');

-- --------------------------------------------------------

--
-- Table structure for table `restaurant_product_images`
--

CREATE TABLE `restaurant_product_images` (
  `id` bigint(20) UNSIGNED NOT NULL,
  `product_id` bigint(20) UNSIGNED NOT NULL,
  `image_path` varchar(255) NOT NULL,
  `created_at` timestamp NULL DEFAULT NULL,
  `updated_at` timestamp NULL DEFAULT NULL
) ENGINE=InnoDB DEFAULT CHARSET=utf8mb4 COLLATE=utf8mb4_general_ci;

--
-- Dumping data for table `restaurant_product_images`
--

INSERT INTO `restaurant_product_images` (`id`, `product_id`, `image_path`, `created_at`, `updated_at`) VALUES
(38, 23, 'product_images/80i0fPXMBl2uAYEQB9xlJBMoVSxhhXSHIgHH5ZsH.png', '2025-08-02 12:51:56', '2025-08-02 12:51:56'),
(40, 17, 'product_images/3YP26ZPDdrtJmO8Fwj6vdNVLoDzLEWGTO0ZD18ew.png', '2025-08-02 13:00:44', '2025-08-02 13:00:44'),
(41, 22, 'product_images/BXGyCRYhNhjoDy4m88VV4rtR9rfdAgqkcoPweSgN.png', '2025-08-02 13:01:08', '2025-08-02 13:01:08'),
(42, 20, 'product_images/XcmM9c3w8RJfneBXTIviNyEC9kqynZsvrAKPsSe0.png', '2025-08-02 13:01:25', '2025-08-02 13:01:25'),
(43, 13, 'product_images/ugTwe89wbO5wIy4vfiBP7hHIQ2xEbirbo9hfQm8a.png', '2025-08-02 13:01:46', '2025-08-02 13:01:46'),
(44, 8, 'product_images/KBDBeSHsEgEXqfx8YWjJmqQbxcxdjcZmEqjTBdV6.png', '2025-08-02 13:02:00', '2025-08-02 13:02:00'),
(45, 18, 'product_images/Acq6WnTMDRFILpNrdNFxWsvuuQcc8BfsFk2NTF8c.png', '2025-08-02 13:02:16', '2025-08-02 13:02:16'),
(46, 19, 'product_images/ikLptRm5jFwPS3ZTBIZPfuJYAsHajRcBjIUsmG2x.jpg', '2025-08-02 13:02:32', '2025-08-02 13:02:32'),
(47, 10, 'product_images/N6CwNjMfuopRjMVukUsVxE2DXQcm2E0syPa3pgdG.png', '2025-08-02 13:02:46', '2025-08-02 13:02:46'),
(48, 15, 'product_images/u2bTJ66Bd2ereljH19EA4fNdpWAYIipYg7El3Nkk.png', '2025-08-02 13:03:00', '2025-08-02 13:03:00'),
(49, 12, 'product_images/CdJTdlOOFITq0iZ7dXTDSaFWC1pKJQYBvRnreCRN.png', '2025-08-02 13:03:23', '2025-08-02 13:03:23'),
(50, 16, 'product_images/NrwiX5oLUSgxvPCSVBpndqT0keEGQ5a65TLAEm7Y.png', '2025-08-02 13:03:34', '2025-08-02 13:03:34'),
(51, 11, 'product_images/qZE0qN9Mz18GRVvZgK6vBZZ856NnVddPjPyQqtfH.png', '2025-08-02 13:03:47', '2025-08-02 13:03:47'),
(52, 6, 'product_images/lnnFQKgXUmAZ6Fcu9on3ugHbSty7NTc5ucKrE6bm.png', '2025-08-02 13:03:59', '2025-08-02 13:03:59'),
(53, 24, 'product_images/qNUdy8lW4r15fi5kD8MlN6kt73s3ocue0smR6CCp.png', '2025-08-07 12:23:42', '2025-08-07 12:23:42');

-- --------------------------------------------------------

--
-- Table structure for table `restaurant_product_sizes`
--

CREATE TABLE `restaurant_product_sizes` (
  `id` bigint(20) UNSIGNED NOT NULL,
  `product_id` bigint(20) UNSIGNED NOT NULL,
  `size` enum('small','medium','large') DEFAULT 'medium',
  `price` decimal(8,2) NOT NULL,
  `stock` int(11) DEFAULT 0,
  `created_at` timestamp NULL DEFAULT NULL,
  `updated_at` timestamp NULL DEFAULT NULL
) ENGINE=InnoDB DEFAULT CHARSET=utf8mb4 COLLATE=utf8mb4_general_ci;

--
-- Dumping data for table `restaurant_product_sizes`
--

INSERT INTO `restaurant_product_sizes` (`id`, `product_id`, `size`, `price`, `stock`, `created_at`, `updated_at`) VALUES
(5, 17, 'large', 182.00, 100, '2025-03-11 13:07:07', '2025-03-11 13:07:07'),
(6, 17, 'small', 144.00, 200, '2025-03-11 13:07:18', '2025-03-11 13:07:18'),
(7, 17, 'medium', 170.00, 300, '2025-03-11 13:07:40', '2025-03-11 13:07:40'),
(10, 6, 'small', 871.00, 1, '2025-03-13 16:38:33', '2025-03-13 16:38:33'),
(11, 6, 'large', 47.00, 67, '2025-03-13 16:38:38', '2025-03-13 16:38:38'),
(12, 6, 'medium', 587.00, 66, '2025-03-13 16:38:49', '2025-03-13 16:38:49'),
(13, 19, 'medium', 200.00, 100, '2025-05-07 22:18:30', '2025-05-07 22:18:30');

-- --------------------------------------------------------

--
-- Table structure for table `restaurant_ratings`
--

CREATE TABLE `restaurant_ratings` (
  `id` bigint(20) UNSIGNED NOT NULL,
  `user_id` bigint(20) UNSIGNED NOT NULL,
  `restaurant_id` bigint(20) UNSIGNED NOT NULL,
  `rating` int(11) NOT NULL,
  `review` longtext DEFAULT NULL,
  `created_at` timestamp NULL DEFAULT NULL,
  `updated_at` timestamp NULL DEFAULT NULL
) ENGINE=InnoDB DEFAULT CHARSET=utf8mb4 COLLATE=utf8mb4_general_ci;

--
-- Dumping data for table `restaurant_ratings`
--

INSERT INTO `restaurant_ratings` (`id`, `user_id`, `restaurant_id`, `rating`, `review`, `created_at`, `updated_at`) VALUES
(2, 4, 10, 4, 'hello', '2025-03-27 00:18:00', '2025-04-01 16:21:59');

-- --------------------------------------------------------

--
-- Table structure for table `restaurant_slider_banners`
--

CREATE TABLE `restaurant_slider_banners` (
  `id` bigint(20) UNSIGNED NOT NULL,
  `title` varchar(255) NOT NULL,
  `description` text DEFAULT NULL,
  `link` varchar(255) DEFAULT NULL,
  `image` varchar(255) NOT NULL,
  `is_active` tinyint(1) NOT NULL DEFAULT 1,
  `created_at` timestamp NULL DEFAULT NULL,
  `updated_at` timestamp NULL DEFAULT NULL
) ENGINE=InnoDB DEFAULT CHARSET=utf8mb4 COLLATE=utf8mb4_general_ci;

--
-- Dumping data for table `restaurant_slider_banners`
--

INSERT INTO `restaurant_slider_banners` (`id`, `title`, `description`, `link`, `image`, `is_active`, `created_at`, `updated_at`) VALUES
(4, 'Commodo est ullamco', 'Quia dolor quia dolo', 'https://www.fex.cc', 'banners/uYzPbF3WnRoMe6mqlJJraQ5V99YZXP0G5NoOGl75.png', 1, '2025-03-10 12:16:52', '2025-08-02 12:32:29'),
(5, 'Voluptas non et magn', 'Iusto numquam amet', 'https://www.tiqotinomuto.org', 'banners/RocK6tVrW1CM07PO7nWjinTEU4qqHxU72yujQ2JW.png', 1, '2025-03-10 12:17:01', '2025-08-02 12:32:13'),
(6, 'Atque qui reiciendis', 'Est qui nostrum eli', 'https://www.vyxamire.cm', 'banners/dpO7gjByt9s8CLryXURzObKkD51fBlNYsIu56NrK.png', 1, '2025-03-10 17:28:33', '2025-08-02 12:32:05'),
(8, 'kasldjfla', 'alskdfjlak', 'https://www.kagiqajireg.biz', 'banners/gNwB5I2TzGOJmcGUe0x2PGqPGytV9YWRb9WgdU1P.jpg', 1, '2025-04-30 16:06:44', '2025-08-13 03:26:32');

-- --------------------------------------------------------

--
-- Table structure for table `restaurant_subcategories`
--

CREATE TABLE `restaurant_subcategories` (
  `id` bigint(20) NOT NULL,
  `category_id` bigint(20) UNSIGNED NOT NULL,
  `name` varchar(255) DEFAULT NULL,
  `created_at` timestamp NOT NULL DEFAULT current_timestamp(),
  `updated_at` timestamp NOT NULL DEFAULT current_timestamp()
) ENGINE=InnoDB DEFAULT CHARSET=utf8mb4 COLLATE=utf8mb4_general_ci;

--
-- Dumping data for table `restaurant_subcategories`
--

INSERT INTO `restaurant_subcategories` (`id`, `category_id`, `name`, `created_at`, `updated_at`) VALUES
(7, 13, 'Update', '2025-03-12 13:01:47', '2025-03-12 13:04:46'),
(8, 14, 'Hiram Justice', '2025-03-12 13:01:59', '2025-03-12 13:27:06'),
(9, 12, 'Irma Avery', '2025-03-12 13:26:51', '2025-03-12 13:26:51'),
(10, 12, 'Isabella Duncan', '2025-03-12 13:26:55', '2025-03-12 13:26:55'),
(11, 11, 'Prescott Pierce', '2025-03-12 13:27:00', '2025-03-12 13:27:00');

-- --------------------------------------------------------

--
-- Table structure for table `restaurant_wishlists`
--

CREATE TABLE `restaurant_wishlists` (
  `id` bigint(20) UNSIGNED NOT NULL,
  `user_id` bigint(20) UNSIGNED NOT NULL,
  `product_id` bigint(20) UNSIGNED NOT NULL,
  `created_at` timestamp NULL DEFAULT NULL,
  `updated_at` timestamp NULL DEFAULT NULL
) ENGINE=InnoDB DEFAULT CHARSET=utf8mb4 COLLATE=utf8mb4_general_ci;

--
-- Dumping data for table `restaurant_wishlists`
--

INSERT INTO `restaurant_wishlists` (`id`, `user_id`, `product_id`, `created_at`, `updated_at`) VALUES
(40, 4, 6, '2025-08-16 09:11:55', '2025-08-16 09:11:55'),
(41, 4, 22, '2025-08-16 09:24:28', '2025-08-16 09:24:28'),
(42, 4, 8, '2025-08-16 09:37:39', '2025-08-16 09:37:39'),
(44, 4, 10, '2025-08-16 09:40:16', '2025-08-16 09:40:16');

-- --------------------------------------------------------

--
-- Table structure for table `return_requests`
--

CREATE TABLE `return_requests` (
  `id` bigint(20) UNSIGNED NOT NULL,
  `order_id` bigint(20) UNSIGNED NOT NULL,
  `user_id` bigint(20) UNSIGNED NOT NULL,
  `product_size` varchar(255) DEFAULT NULL,
  `product_code` varchar(255) NOT NULL,
  `return_reason` varchar(255) NOT NULL,
  `return_status` enum('Pending','Approved','Rejected') NOT NULL,
  `comment` varchar(255) NOT NULL,
  `created_at` timestamp NULL DEFAULT NULL,
  `updated_at` timestamp NULL DEFAULT NULL
) ENGINE=InnoDB DEFAULT CHARSET=utf8mb4 COLLATE=utf8mb4_unicode_ci;

--
-- Dumping data for table `return_requests`
--

INSERT INTO `return_requests` (`id`, `order_id`, `user_id`, `product_size`, `product_code`, `return_reason`, `return_status`, `comment`, `created_at`, `updated_at`) VALUES
(1, 92, 4, '', 'NCH1-012', 'Item arrived too late', 'Rejected', 'skdjflask jflaksjflkas f', '2025-06-02 03:28:25', '2025-06-05 10:51:03');

-- --------------------------------------------------------

--
-- Table structure for table `roles`
--

CREATE TABLE `roles` (
  `id` bigint(20) UNSIGNED NOT NULL,
  `name` varchar(255) NOT NULL,
  `group` varchar(255) DEFAULT NULL,
  `created_at` timestamp NULL DEFAULT NULL,
  `updated_at` timestamp NULL DEFAULT NULL
) ENGINE=InnoDB DEFAULT CHARSET=utf8mb4 COLLATE=utf8mb4_unicode_ci;

--
-- Dumping data for table `roles`
--

INSERT INTO `roles` (`id`, `name`, `group`, `created_at`, `updated_at`) VALUES
(1, 'admin', 'general', NULL, NULL),
(2, 'vendor', 'ecommerce', NULL, NULL),
(3, 'delivery_man', NULL, '2023-11-11 21:17:09', '2023-11-11 21:17:09'),
(5, 'Stock Manager', NULL, '2023-12-13 18:48:15', '2024-06-12 13:00:16'),
(7, 'Hotel Manager', 'hotel', '2025-04-15 10:46:15', '2025-04-15 10:46:15'),
(8, 'Restaurant Manager', 'restaurant', '2025-04-15 10:46:26', '2025-04-15 10:46:26'),
(9, 'Super Admin', 'general', '2025-04-15 10:46:42', '2025-04-15 10:46:42'),
(10, 'Ecommerce Manager', 'ecommerce', '2025-06-05 10:08:15', '2025-06-05 10:08:15'),
(11, 'role', NULL, '2025-06-09 10:45:02', '2025-06-09 10:45:02'),
(12, 'sales', 'restaurant', '2025-07-17 09:54:34', '2025-07-17 09:54:34'),
(13, 'good', 'restaurant', '2025-07-24 12:24:13', '2025-07-24 12:24:13');

-- --------------------------------------------------------

--
-- Table structure for table `role__permissions`
--

CREATE TABLE `role__permissions` (
  `id` bigint(20) UNSIGNED NOT NULL,
  `role_id` bigint(20) UNSIGNED NOT NULL,
  `permission_id` bigint(20) UNSIGNED NOT NULL,
  `created_at` timestamp NULL DEFAULT NULL,
  `updated_at` timestamp NULL DEFAULT NULL
) ENGINE=InnoDB DEFAULT CHARSET=utf8mb4 COLLATE=utf8mb4_unicode_ci;

--
-- Dumping data for table `role__permissions`
--

INSERT INTO `role__permissions` (`id`, `role_id`, `permission_id`, `created_at`, `updated_at`) VALUES
(1, 1, 2, NULL, NULL),
(2, 1, 1, NULL, NULL),
(3, 1, 3, NULL, NULL),
(4, 1, 5, NULL, NULL),
(5, 1, 4, NULL, NULL),
(6, 1, 6, NULL, NULL),
(7, 1, 7, NULL, NULL),
(8, 1, 8, NULL, NULL),
(9, 1, 9, NULL, NULL),
(10, 1, 10, NULL, NULL),
(11, 1, 11, NULL, NULL),
(12, 1, 12, NULL, NULL),
(13, 1, 13, NULL, NULL),
(14, 1, 14, NULL, NULL),
(15, 1, 15, NULL, NULL),
(16, 1, 16, NULL, NULL),
(17, 1, 17, NULL, NULL),
(18, 1, 18, NULL, NULL),
(19, 1, 19, NULL, NULL),
(20, 1, 20, NULL, NULL),
(21, 1, 21, NULL, NULL),
(22, 1, 22, NULL, NULL),
(23, 1, 23, NULL, NULL),
(24, 1, 24, NULL, NULL),
(25, 1, 25, NULL, NULL),
(26, 1, 26, NULL, NULL),
(27, 1, 27, NULL, NULL),
(28, 1, 28, NULL, NULL),
(29, 1, 29, NULL, NULL),
(30, 1, 30, NULL, NULL),
(31, 1, 31, NULL, NULL),
(32, 1, 32, NULL, NULL),
(33, 1, 33, NULL, NULL),
(34, 1, 34, NULL, NULL),
(35, 1, 35, NULL, NULL),
(36, 1, 36, NULL, NULL),
(37, 1, 37, NULL, NULL),
(38, 1, 38, NULL, NULL),
(39, 1, 39, NULL, NULL),
(40, 1, 40, NULL, NULL),
(41, 1, 41, NULL, NULL),
(42, 1, 42, NULL, NULL),
(43, 1, 43, NULL, NULL),
(44, 1, 44, NULL, NULL),
(45, 1, 45, NULL, NULL),
(46, 1, 46, NULL, NULL),
(47, 1, 47, NULL, NULL),
(48, 1, 48, NULL, NULL),
(49, 1, 49, NULL, NULL),
(50, 1, 50, NULL, NULL),
(51, 1, 51, NULL, NULL),
(52, 1, 52, NULL, NULL),
(53, 1, 53, NULL, NULL),
(54, 1, 54, NULL, NULL),
(55, 1, 55, NULL, NULL),
(56, 1, 56, NULL, NULL),
(57, 1, 57, NULL, NULL),
(58, 1, 58, NULL, NULL),
(59, 1, 59, NULL, NULL),
(60, 1, 60, NULL, NULL),
(61, 1, 61, NULL, NULL),
(62, 1, 62, NULL, NULL),
(63, 1, 63, NULL, NULL),
(64, 1, 64, NULL, NULL),
(65, 1, 65, NULL, NULL),
(66, 1, 66, NULL, NULL),
(67, 1, 67, NULL, NULL),
(68, 1, 68, NULL, NULL),
(69, 1, 69, NULL, NULL),
(70, 1, 70, NULL, NULL),
(71, 1, 71, NULL, NULL),
(72, 1, 72, NULL, NULL),
(73, 1, 73, NULL, NULL),
(74, 1, 74, NULL, NULL),
(75, 1, 75, NULL, NULL),
(76, 1, 76, NULL, NULL),
(78, 3, 45, NULL, NULL),
(79, 3, 46, NULL, NULL),
(80, 3, 49, NULL, NULL),
(82, 2, 74, NULL, NULL),
(84, 1, 78, NULL, NULL),
(85, 3, 47, NULL, NULL),
(86, 3, 48, NULL, NULL),
(87, 1, 79, NULL, NULL),
(88, 1, 80, NULL, NULL),
(89, 1, 81, NULL, NULL),
(90, 1, 82, NULL, NULL),
(91, 1, 83, NULL, NULL),
(92, 2, 30, NULL, NULL),
(93, 2, 31, NULL, NULL),
(94, 2, 32, NULL, NULL),
(95, 2, 33, NULL, NULL),
(96, 2, 52, NULL, NULL),
(97, 2, 53, NULL, NULL),
(98, 2, 54, NULL, NULL),
(99, 2, 55, NULL, NULL),
(100, 2, 56, NULL, NULL),
(101, 2, 57, NULL, NULL),
(102, 2, 59, NULL, NULL),
(103, 2, 60, NULL, NULL),
(104, 2, 45, NULL, NULL),
(105, 2, 46, NULL, NULL),
(106, 2, 61, NULL, NULL),
(107, 2, 62, NULL, NULL),
(108, 2, 68, NULL, NULL),
(109, 2, 69, NULL, NULL),
(110, 1, 84, NULL, NULL),
(111, 1, 85, NULL, NULL),
(112, 1, 86, NULL, NULL),
(113, 1, 87, NULL, NULL),
(114, 1, 88, NULL, NULL),
(115, 1, 89, NULL, NULL),
(116, 1, 90, NULL, NULL),
(117, 1, 91, NULL, NULL),
(118, 1, 92, NULL, NULL),
(119, 1, 93, NULL, NULL),
(120, 1, 94, NULL, NULL),
(121, 1, 95, NULL, NULL),
(122, 1, 96, NULL, NULL),
(123, 1, 99, NULL, NULL),
(124, 1, 100, NULL, NULL),
(137, 1, 102, NULL, NULL),
(138, 1, 103, NULL, NULL),
(139, 1, 104, NULL, NULL),
(140, 1, 105, NULL, NULL),
(141, 1, 106, NULL, NULL),
(142, 1, 107, NULL, NULL),
(143, 1, 108, NULL, NULL),
(144, 2, 101, NULL, NULL),
(145, 2, 103, NULL, NULL),
(146, 1, 101, NULL, NULL),
(147, 2, 50, NULL, NULL),
(148, 2, 51, NULL, NULL),
(149, 1, 110, NULL, NULL),
(155, 1, 113, NULL, NULL),
(157, 1, 115, NULL, NULL),
(158, 1, 116, NULL, NULL),
(159, 1, 117, NULL, NULL),
(160, 1, 118, NULL, NULL),
(161, 1, 119, NULL, NULL),
(162, 1, 120, NULL, NULL),
(163, 1, 128, NULL, NULL),
(164, 1, 129, NULL, NULL),
(165, 1, 130, NULL, NULL),
(166, 1, 131, NULL, NULL),
(168, 1, 133, NULL, NULL),
(169, 1, 134, NULL, NULL),
(170, 1, 135, NULL, NULL),
(171, 1, 136, NULL, NULL),
(172, 1, 137, NULL, NULL),
(173, 1, 138, NULL, NULL),
(174, 1, 139, NULL, NULL),
(175, 1, 148, NULL, NULL),
(176, 1, 149, NULL, NULL),
(177, 1, 150, NULL, NULL),
(178, 1, 151, NULL, NULL),
(180, 1, 141, NULL, NULL),
(181, 1, 142, NULL, NULL),
(182, 1, 143, NULL, NULL),
(184, 1, 145, NULL, NULL),
(185, 1, 146, NULL, NULL),
(186, 1, 147, NULL, NULL),
(188, 1, 157, NULL, NULL),
(189, 1, 158, NULL, NULL),
(190, 1, 159, NULL, NULL),
(191, 1, 152, NULL, NULL),
(192, 1, 153, NULL, NULL),
(193, 1, 154, NULL, NULL),
(194, 1, 155, NULL, NULL),
(195, 1, 160, NULL, NULL),
(196, 1, 161, NULL, NULL),
(197, 1, 165, NULL, NULL),
(198, 1, 166, NULL, NULL),
(199, 1, 167, NULL, NULL),
(200, 1, 168, NULL, NULL),
(201, 1, 169, NULL, NULL),
(202, 1, 170, NULL, NULL),
(203, 1, 171, NULL, NULL),
(204, 1, 172, NULL, NULL),
(205, 1, 173, NULL, NULL),
(206, 1, 174, NULL, NULL),
(207, 1, 175, NULL, NULL),
(208, 1, 176, NULL, NULL),
(209, 1, 177, NULL, NULL),
(210, 1, 178, NULL, NULL),
(211, 1, 179, NULL, NULL),
(212, 1, 162, NULL, NULL),
(213, 1, 163, NULL, NULL),
(214, 1, 164, NULL, NULL),
(215, 1, 180, NULL, NULL),
(216, 1, 181, NULL, NULL),
(217, 1, 182, NULL, NULL),
(218, 1, 183, NULL, NULL),
(219, 1, 184, NULL, NULL),
(220, 1, 185, NULL, NULL),
(221, 1, 186, NULL, NULL),
(222, 1, 192, NULL, NULL),
(223, 1, 193, NULL, NULL),
(224, 1, 194, NULL, NULL),
(225, 1, 195, NULL, NULL),
(226, 1, 200, NULL, NULL),
(227, 1, 188, NULL, NULL),
(228, 1, 189, NULL, NULL),
(229, 1, 190, NULL, NULL),
(230, 1, 191, NULL, NULL),
(231, 1, 196, NULL, NULL),
(232, 1, 197, NULL, NULL),
(233, 1, 198, NULL, NULL),
(234, 1, 199, NULL, NULL),
(235, 1, 187, NULL, NULL),
(236, 1, 201, NULL, NULL),
(237, 1, 202, NULL, NULL),
(240, 1, 72, NULL, NULL),
(241, 1, 203, NULL, NULL),
(242, 1, 205, NULL, NULL),
(243, 1, 204, NULL, NULL),
(244, 1, 140, NULL, NULL),
(245, 1, 144, NULL, NULL),
(246, 1, 79, NULL, NULL),
(247, 1, 156, NULL, NULL),
(248, 1, 114, NULL, NULL),
(249, 1, 132, NULL, NULL),
(250, 1, 111, NULL, NULL),
(251, 1, 112, NULL, NULL),
(252, 1, 207, NULL, NULL),
(253, 1, 206, NULL, NULL),
(254, 1, 209, NULL, NULL),
(255, 1, 210, NULL, NULL),
(256, 1, 211, NULL, NULL),
(257, 1, 212, NULL, NULL),
(258, 3, 181, NULL, NULL),
(259, 3, 186, NULL, NULL),
(260, 3, 202, NULL, NULL),
(261, 3, 203, NULL, NULL),
(262, 3, 184, NULL, NULL),
(263, 1, 208, NULL, NULL),
(264, 3, 156, NULL, NULL),
(265, 3, 157, NULL, NULL),
(266, 3, 160, NULL, NULL),
(267, 3, 201, NULL, NULL),
(268, 1, 213, NULL, NULL),
(269, 1, 215, NULL, NULL),
(270, 1, 216, NULL, NULL),
(271, 1, 214, NULL, NULL),
(272, 1, 217, NULL, NULL),
(277, 5, 52, NULL, NULL),
(278, 5, 53, NULL, NULL),
(279, 5, 54, NULL, NULL),
(280, 5, 55, NULL, NULL),
(281, 5, 56, NULL, NULL),
(282, 5, 57, NULL, NULL),
(283, 5, 58, NULL, NULL),
(284, 5, 59, NULL, NULL),
(285, 5, 60, NULL, NULL),
(288, 5, 187, NULL, NULL),
(289, 5, 176, NULL, NULL),
(290, 5, 177, NULL, NULL),
(291, 5, 178, NULL, NULL),
(292, 5, 179, NULL, NULL),
(293, 5, 181, NULL, NULL),
(294, 5, 182, NULL, NULL),
(295, 5, 184, NULL, NULL),
(296, 5, 185, NULL, NULL),
(297, 5, 186, NULL, NULL),
(298, 5, 202, NULL, NULL),
(299, 5, 203, NULL, NULL),
(300, 1, 218, NULL, NULL),
(301, 1, 219, NULL, NULL),
(302, 1, 220, NULL, NULL),
(303, 1, 221, NULL, NULL),
(306, 1, 223, NULL, NULL),
(308, 1, 224, NULL, NULL),
(309, 1, 225, NULL, NULL),
(313, 1, 226, NULL, NULL),
(314, 1, 227, NULL, NULL),
(315, 1, 228, NULL, NULL),
(317, 2, 230, NULL, NULL),
(318, 2, 231, NULL, NULL),
(319, 2, 232, NULL, NULL),
(321, 1, 230, NULL, NULL),
(322, 1, 231, NULL, NULL),
(323, 1, 232, NULL, NULL),
(324, 1, 229, NULL, NULL),
(325, 2, 229, NULL, NULL),
(326, 7, 261, NULL, NULL),
(327, 7, 262, NULL, NULL),
(328, 7, 263, NULL, NULL),
(329, 7, 264, NULL, NULL),
(330, 7, 265, NULL, NULL),
(331, 7, 266, NULL, NULL),
(332, 7, 267, NULL, NULL),
(333, 7, 268, NULL, NULL),
(334, 7, 269, NULL, NULL),
(335, 7, 270, NULL, NULL),
(336, 7, 271, NULL, NULL),
(337, 7, 272, NULL, NULL),
(338, 7, 273, NULL, NULL),
(339, 7, 274, NULL, NULL),
(340, 7, 275, NULL, NULL),
(341, 7, 276, NULL, NULL),
(342, 7, 277, NULL, NULL),
(343, 7, 278, NULL, NULL),
(344, 7, 279, NULL, NULL),
(345, 7, 280, NULL, NULL),
(346, 7, 281, NULL, NULL),
(347, 7, 282, NULL, NULL),
(348, 7, 283, NULL, NULL),
(349, 7, 284, NULL, NULL),
(350, 7, 285, NULL, NULL),
(351, 7, 286, NULL, NULL),
(352, 7, 287, NULL, NULL),
(353, 7, 288, NULL, NULL),
(354, 7, 289, NULL, NULL),
(355, 7, 290, NULL, NULL),
(356, 7, 291, NULL, NULL),
(357, 7, 292, NULL, NULL),
(358, 8, 233, NULL, NULL),
(359, 8, 234, NULL, NULL),
(360, 8, 235, NULL, NULL),
(361, 8, 236, NULL, NULL),
(362, 8, 237, NULL, NULL),
(363, 8, 238, NULL, NULL),
(364, 8, 239, NULL, NULL),
(365, 8, 240, NULL, NULL),
(366, 8, 241, NULL, NULL),
(367, 8, 242, NULL, NULL),
(368, 8, 243, NULL, NULL),
(369, 8, 244, NULL, NULL),
(370, 8, 245, NULL, NULL),
(371, 8, 246, NULL, NULL),
(372, 8, 247, NULL, NULL),
(373, 8, 248, NULL, NULL),
(374, 8, 249, NULL, NULL),
(375, 8, 250, NULL, NULL),
(376, 8, 251, NULL, NULL),
(377, 8, 252, NULL, NULL),
(378, 8, 253, NULL, NULL),
(379, 8, 254, NULL, NULL),
(380, 8, 255, NULL, NULL),
(381, 8, 256, NULL, NULL),
(382, 8, 257, NULL, NULL),
(383, 8, 258, NULL, NULL),
(384, 8, 259, NULL, NULL),
(385, 8, 260, NULL, NULL),
(386, 9, 261, NULL, NULL),
(387, 9, 262, NULL, NULL),
(388, 9, 263, NULL, NULL),
(389, 9, 264, NULL, NULL),
(390, 1, 233, NULL, NULL),
(391, 1, 234, NULL, NULL),
(392, 1, 235, NULL, NULL),
(393, 1, 236, NULL, NULL),
(394, 1, 237, NULL, NULL),
(395, 1, 238, NULL, NULL),
(396, 1, 239, NULL, NULL),
(397, 1, 240, NULL, NULL),
(398, 1, 241, NULL, NULL),
(399, 1, 242, NULL, NULL),
(400, 1, 243, NULL, NULL),
(401, 1, 244, NULL, NULL),
(402, 1, 245, NULL, NULL),
(403, 1, 246, NULL, NULL),
(404, 1, 247, NULL, NULL),
(405, 1, 248, NULL, NULL),
(406, 1, 249, NULL, NULL),
(407, 1, 250, NULL, NULL),
(408, 1, 251, NULL, NULL),
(409, 1, 252, NULL, NULL),
(410, 1, 253, NULL, NULL),
(411, 1, 254, NULL, NULL),
(412, 1, 255, NULL, NULL),
(413, 1, 256, NULL, NULL),
(414, 1, 257, NULL, NULL),
(415, 1, 258, NULL, NULL),
(416, 1, 259, NULL, NULL),
(417, 1, 260, NULL, NULL),
(418, 1, 261, NULL, NULL),
(419, 1, 262, NULL, NULL),
(420, 1, 263, NULL, NULL),
(421, 1, 264, NULL, NULL),
(422, 1, 265, NULL, NULL),
(423, 1, 266, NULL, NULL),
(424, 1, 267, NULL, NULL),
(425, 1, 268, NULL, NULL),
(426, 1, 269, NULL, NULL),
(427, 1, 270, NULL, NULL),
(428, 1, 271, NULL, NULL),
(429, 1, 272, NULL, NULL),
(430, 1, 273, NULL, NULL),
(431, 1, 274, NULL, NULL),
(432, 1, 275, NULL, NULL),
(433, 1, 276, NULL, NULL),
(434, 1, 277, NULL, NULL),
(435, 1, 278, NULL, NULL),
(436, 1, 279, NULL, NULL),
(437, 1, 280, NULL, NULL),
(438, 1, 281, NULL, NULL),
(439, 1, 282, NULL, NULL),
(440, 1, 283, NULL, NULL),
(441, 1, 284, NULL, NULL),
(442, 1, 285, NULL, NULL),
(443, 1, 286, NULL, NULL),
(444, 1, 287, NULL, NULL),
(445, 1, 288, NULL, NULL),
(446, 1, 289, NULL, NULL),
(447, 1, 290, NULL, NULL),
(448, 1, 291, NULL, NULL),
(449, 1, 292, NULL, NULL),
(450, 1, 293, NULL, NULL),
(451, 9, 41, NULL, NULL),
(452, 9, 42, NULL, NULL),
(453, 9, 43, NULL, NULL),
(454, 9, 44, NULL, NULL),
(455, 9, 233, NULL, NULL),
(456, 9, 234, NULL, NULL),
(457, 9, 235, NULL, NULL),
(458, 9, 236, NULL, NULL),
(459, 9, 237, NULL, NULL),
(460, 9, 238, NULL, NULL),
(461, 9, 239, NULL, NULL),
(462, 9, 240, NULL, NULL),
(463, 9, 241, NULL, NULL),
(464, 9, 242, NULL, NULL),
(465, 9, 243, NULL, NULL),
(466, 9, 244, NULL, NULL),
(467, 9, 245, NULL, NULL),
(468, 9, 246, NULL, NULL),
(469, 9, 247, NULL, NULL),
(470, 9, 248, NULL, NULL),
(471, 9, 249, NULL, NULL),
(472, 9, 250, NULL, NULL),
(473, 9, 251, NULL, NULL),
(474, 9, 252, NULL, NULL),
(475, 9, 253, NULL, NULL),
(476, 9, 254, NULL, NULL),
(477, 9, 255, NULL, NULL),
(478, 9, 256, NULL, NULL),
(479, 9, 257, NULL, NULL),
(480, 9, 258, NULL, NULL),
(481, 9, 259, NULL, NULL),
(482, 9, 260, NULL, NULL),
(483, 9, 293, NULL, NULL),
(484, 9, 14, NULL, NULL),
(485, 9, 15, NULL, NULL),
(486, 9, 16, NULL, NULL),
(487, 9, 17, NULL, NULL),
(488, 9, 265, NULL, NULL),
(489, 9, 266, NULL, NULL),
(490, 9, 267, NULL, NULL),
(491, 9, 268, NULL, NULL),
(492, 9, 269, NULL, NULL),
(493, 9, 270, NULL, NULL),
(494, 9, 271, NULL, NULL),
(495, 9, 272, NULL, NULL),
(496, 9, 273, NULL, NULL),
(497, 9, 274, NULL, NULL),
(498, 9, 275, NULL, NULL),
(499, 9, 276, NULL, NULL),
(500, 9, 277, NULL, NULL),
(501, 9, 278, NULL, NULL),
(502, 9, 279, NULL, NULL),
(503, 9, 280, NULL, NULL),
(504, 9, 281, NULL, NULL),
(505, 9, 282, NULL, NULL),
(506, 9, 283, NULL, NULL),
(507, 9, 284, NULL, NULL),
(508, 9, 285, NULL, NULL),
(509, 9, 286, NULL, NULL),
(510, 9, 287, NULL, NULL),
(511, 9, 288, NULL, NULL),
(512, 9, 289, NULL, NULL),
(513, 9, 290, NULL, NULL),
(514, 9, 291, NULL, NULL),
(515, 9, 292, NULL, NULL),
(516, 9, 22, NULL, NULL),
(517, 9, 23, NULL, NULL),
(518, 9, 24, NULL, NULL),
(519, 9, 25, NULL, NULL),
(520, 9, 3, NULL, NULL),
(521, 9, 5, NULL, NULL),
(522, 9, 192, NULL, NULL),
(523, 9, 193, NULL, NULL),
(524, 9, 194, NULL, NULL),
(525, 9, 195, NULL, NULL),
(526, 9, 200, NULL, NULL),
(527, 9, 4, NULL, NULL),
(528, 9, 188, NULL, NULL),
(529, 9, 189, NULL, NULL),
(530, 9, 190, NULL, NULL),
(531, 9, 191, NULL, NULL),
(532, 9, 196, NULL, NULL),
(533, 9, 197, NULL, NULL),
(534, 9, 198, NULL, NULL),
(535, 9, 199, NULL, NULL),
(536, 9, 1, NULL, NULL),
(537, 9, 2, NULL, NULL),
(538, 9, 6, NULL, NULL),
(539, 9, 8, NULL, NULL),
(540, 9, 73, NULL, NULL),
(541, 9, 75, NULL, NULL),
(542, 9, 207, NULL, NULL),
(543, 9, 63, NULL, NULL),
(544, 9, 64, NULL, NULL),
(545, 9, 65, NULL, NULL),
(546, 9, 66, NULL, NULL),
(547, 9, 74, NULL, NULL),
(548, 9, 92, NULL, NULL),
(549, 9, 93, NULL, NULL),
(550, 9, 216, NULL, NULL),
(551, 9, 99, NULL, NULL),
(552, 9, 110, NULL, NULL),
(553, 9, 111, NULL, NULL),
(554, 9, 112, NULL, NULL),
(555, 9, 113, NULL, NULL),
(556, 9, 114, NULL, NULL),
(557, 9, 115, NULL, NULL),
(558, 9, 116, NULL, NULL),
(559, 9, 117, NULL, NULL),
(560, 9, 118, NULL, NULL),
(561, 9, 119, NULL, NULL),
(562, 9, 120, NULL, NULL),
(563, 9, 176, NULL, NULL),
(564, 9, 177, NULL, NULL),
(565, 9, 178, NULL, NULL),
(566, 9, 179, NULL, NULL),
(567, 9, 76, NULL, NULL),
(568, 9, 162, NULL, NULL),
(569, 9, 163, NULL, NULL),
(570, 9, 164, NULL, NULL),
(571, 9, 18, NULL, NULL),
(572, 9, 19, NULL, NULL),
(573, 9, 20, NULL, NULL),
(574, 9, 21, NULL, NULL),
(575, 9, 84, NULL, NULL),
(576, 9, 85, NULL, NULL),
(577, 9, 86, NULL, NULL),
(578, 9, 87, NULL, NULL),
(579, 9, 100, NULL, NULL),
(580, 9, 37, NULL, NULL),
(581, 9, 38, NULL, NULL),
(582, 9, 39, NULL, NULL),
(583, 9, 40, NULL, NULL),
(584, 9, 94, NULL, NULL),
(585, 9, 95, NULL, NULL),
(586, 9, 96, NULL, NULL),
(587, 9, 206, NULL, NULL),
(588, 9, 30, NULL, NULL),
(589, 9, 31, NULL, NULL),
(590, 9, 32, NULL, NULL),
(591, 9, 33, NULL, NULL),
(592, 9, 52, NULL, NULL),
(593, 9, 53, NULL, NULL),
(594, 9, 54, NULL, NULL),
(595, 9, 55, NULL, NULL),
(596, 9, 56, NULL, NULL),
(597, 9, 57, NULL, NULL),
(598, 9, 58, NULL, NULL),
(599, 9, 59, NULL, NULL),
(600, 9, 60, NULL, NULL),
(601, 9, 61, NULL, NULL),
(602, 9, 62, NULL, NULL),
(603, 9, 187, NULL, NULL),
(604, 9, 222, NULL, NULL),
(605, 9, 45, NULL, NULL),
(606, 9, 46, NULL, NULL),
(607, 9, 47, NULL, NULL),
(608, 9, 48, NULL, NULL),
(609, 9, 49, NULL, NULL),
(610, 9, 78, NULL, NULL),
(611, 9, 208, NULL, NULL),
(612, 9, 50, NULL, NULL),
(613, 9, 51, NULL, NULL),
(614, 9, 7, NULL, NULL),
(615, 9, 34, NULL, NULL),
(616, 9, 35, NULL, NULL),
(617, 9, 36, NULL, NULL),
(618, 9, 128, NULL, NULL),
(619, 9, 129, NULL, NULL),
(620, 9, 130, NULL, NULL),
(621, 9, 131, NULL, NULL),
(622, 9, 132, NULL, NULL),
(623, 9, 133, NULL, NULL),
(624, 9, 134, NULL, NULL),
(625, 9, 135, NULL, NULL),
(626, 9, 136, NULL, NULL),
(627, 9, 137, NULL, NULL),
(628, 9, 138, NULL, NULL),
(629, 9, 139, NULL, NULL),
(630, 9, 9, NULL, NULL),
(631, 9, 10, NULL, NULL),
(632, 9, 11, NULL, NULL),
(633, 9, 12, NULL, NULL),
(634, 9, 67, NULL, NULL),
(635, 9, 68, NULL, NULL),
(636, 9, 69, NULL, NULL),
(637, 9, 70, NULL, NULL),
(638, 9, 26, NULL, NULL),
(639, 9, 27, NULL, NULL),
(640, 9, 28, NULL, NULL),
(641, 9, 29, NULL, NULL),
(642, 9, 71, NULL, NULL),
(643, 9, 72, NULL, NULL),
(644, 9, 204, NULL, NULL),
(645, 9, 205, NULL, NULL),
(646, 9, 88, NULL, NULL),
(647, 9, 89, NULL, NULL),
(648, 9, 90, NULL, NULL),
(649, 9, 91, NULL, NULL),
(650, 9, 180, NULL, NULL),
(651, 9, 101, NULL, NULL),
(652, 9, 102, NULL, NULL),
(653, 9, 103, NULL, NULL),
(654, 9, 104, NULL, NULL),
(655, 9, 105, NULL, NULL),
(656, 9, 106, NULL, NULL),
(657, 9, 107, NULL, NULL),
(658, 9, 108, NULL, NULL),
(659, 9, 13, NULL, NULL),
(660, 9, 148, NULL, NULL),
(661, 9, 149, NULL, NULL),
(662, 9, 150, NULL, NULL),
(663, 9, 151, NULL, NULL),
(664, 9, 140, NULL, NULL),
(665, 9, 141, NULL, NULL),
(666, 9, 142, NULL, NULL),
(667, 9, 143, NULL, NULL),
(668, 9, 144, NULL, NULL),
(669, 9, 145, NULL, NULL),
(670, 9, 146, NULL, NULL),
(671, 9, 147, NULL, NULL),
(672, 9, 80, NULL, NULL),
(673, 9, 81, NULL, NULL),
(674, 9, 82, NULL, NULL),
(675, 9, 83, NULL, NULL),
(676, 9, 217, NULL, NULL),
(677, 9, 156, NULL, NULL),
(678, 9, 157, NULL, NULL),
(679, 9, 158, NULL, NULL),
(680, 9, 159, NULL, NULL),
(681, 9, 160, NULL, NULL),
(682, 9, 161, NULL, NULL),
(683, 9, 201, NULL, NULL),
(684, 9, 79, NULL, NULL),
(685, 9, 152, NULL, NULL),
(686, 9, 153, NULL, NULL),
(687, 9, 154, NULL, NULL),
(688, 9, 155, NULL, NULL),
(689, 9, 165, NULL, NULL),
(690, 9, 166, NULL, NULL),
(691, 9, 167, NULL, NULL),
(692, 9, 168, NULL, NULL),
(693, 9, 169, NULL, NULL),
(694, 9, 170, NULL, NULL),
(695, 9, 171, NULL, NULL),
(696, 9, 172, NULL, NULL),
(697, 9, 173, NULL, NULL),
(698, 9, 174, NULL, NULL),
(699, 9, 175, NULL, NULL),
(700, 9, 181, NULL, NULL),
(701, 9, 182, NULL, NULL),
(702, 9, 183, NULL, NULL),
(703, 9, 184, NULL, NULL),
(704, 9, 185, NULL, NULL),
(705, 9, 186, NULL, NULL),
(706, 9, 202, NULL, NULL),
(707, 9, 203, NULL, NULL),
(708, 9, 209, NULL, NULL),
(709, 9, 210, NULL, NULL),
(710, 9, 211, NULL, NULL),
(711, 9, 212, NULL, NULL),
(712, 9, 213, NULL, NULL),
(713, 9, 214, NULL, NULL),
(714, 9, 215, NULL, NULL),
(715, 9, 218, NULL, NULL),
(716, 9, 219, NULL, NULL),
(717, 9, 220, NULL, NULL),
(718, 9, 221, NULL, NULL),
(719, 9, 223, NULL, NULL),
(720, 9, 224, NULL, NULL),
(721, 9, 225, NULL, NULL),
(722, 9, 226, NULL, NULL),
(723, 9, 227, NULL, NULL),
(724, 9, 228, NULL, NULL),
(725, 9, 229, NULL, NULL),
(726, 9, 230, NULL, NULL),
(727, 9, 231, NULL, NULL),
(728, 9, 232, NULL, NULL),
(729, 13, 233, NULL, NULL),
(730, 13, 234, NULL, NULL),
(731, 13, 235, NULL, NULL),
(732, 13, 236, NULL, NULL),
(733, 13, 237, NULL, NULL),
(734, 13, 238, NULL, NULL),
(735, 13, 239, NULL, NULL),
(736, 13, 240, NULL, NULL),
(737, 13, 241, NULL, NULL),
(738, 13, 242, NULL, NULL),
(739, 13, 243, NULL, NULL),
(740, 13, 244, NULL, NULL),
(741, 1, 297, NULL, NULL),
(742, 9, 297, NULL, NULL),
(743, 1, 298, NULL, NULL),
(744, 9, 298, NULL, NULL);

-- --------------------------------------------------------

--
-- Table structure for table `rooms`
--

CREATE TABLE `rooms` (
  `id` bigint(20) UNSIGNED NOT NULL,
  `hotel_id` bigint(20) UNSIGNED NOT NULL,
  `room_type` varchar(255) DEFAULT NULL,
  `total_adult` int(20) DEFAULT NULL,
  `total_child` int(20) DEFAULT NULL,
  `total_infant` int(20) DEFAULT NULL,
  `room_number` int(255) DEFAULT NULL,
  `floor` int(255) DEFAULT NULL,
  `image` varchar(255) DEFAULT NULL,
  `capacity` int(11) NOT NULL,
  `price` decimal(8,2) NOT NULL,
  `is_available` tinyint(1) DEFAULT 1,
  `description` longtext DEFAULT NULL,
  `created_at` timestamp NOT NULL DEFAULT current_timestamp(),
  `updated_at` timestamp NOT NULL DEFAULT current_timestamp() ON UPDATE current_timestamp()
) ENGINE=InnoDB DEFAULT CHARSET=utf8mb4 COLLATE=utf8mb4_general_ci;

--
-- Dumping data for table `rooms`
--

INSERT INTO `rooms` (`id`, `hotel_id`, `room_type`, `total_adult`, `total_child`, `total_infant`, `room_number`, `floor`, `image`, `capacity`, `price`, `is_available`, `description`, `created_at`, `updated_at`) VALUES
(29, 15, 'Shana Gilmore', 10, 2, 1, 407, 69, 'room_images/LPgBFD9RFlFEgWwMxrnz5DgFfJ9UT5s4a1jKepPb.jpg', 4, 1200.00, 1, ' Standard Room\r\nExperience comfort and simplicity in our Standard Room, featuring a plush queen-sized bed, a work desk, a modern en-suite bathroom, and complimentary high-speed Wi-Fi. Ideal for solo travelers or couples looking for affordable luxury.\r\n\r\n Deluxe Room\r\nOur Deluxe Room offers a spacious retreat with elegant furnishings, a king-size bed, a private balcony with city or garden views, and a 43 smart TV. Enjoy premium bath amenities and complimentary coffee & tea station.\r\n\r\n Executive Suite\r\nPerfect for business travelers and extended stays, the Executive Suite includes a separate living area, a work station, and a luxurious king-size bed. You\'ll also enjoy access to the Executive Lounge with complimentary breakfast and evening cocktails.\r\n\r\n Family Room\r\nDesigned for families, this room includes a queen bed and two single beds, ample storage space, and child-friendly amenities. Enjoy movie nights with a flat-screen TV and unwind after a long day of adventure.\r\n\r\n Honeymoon Suite\r\nRomance awaits in our Honeymoon Suite, featuring a canopy king-size bed, mood lighting, an in-room jacuzzi, and champagne on arrival. The private terrace offers breathtaking sunset views  perfect for newlyweds.\r\n\r\n Ocean View Room\r\nWake up to the soothing sound of waves in our Ocean View Room. Enjoy floor-to-ceiling windows, a private balcony with panoramic sea views, and coastal-inspired decor that brings the beach to your doorstep.', '2025-04-09 11:22:12', '2025-08-02 12:14:02'),
(30, 18, 'Shana Gilmore', 1, 2, 3, 305, 32, 'room_images/AOYE5auN19Fv9DNWPInQa1PdjewjIaVPbcOWjHeG.jpg', 63, 493.00, 1, ' Standard Room\r\nExperience comfort and simplicity in our Standard Room, featuring a plush queen-sized bed, a work desk, a modern en-suite bathroom, and complimentary high-speed Wi-Fi. Ideal for solo travelers or couples looking for affordable luxury.\r\n\r\n Deluxe Room\r\nOur Deluxe Room offers a spacious retreat with elegant furnishings, a king-size bed, a private balcony with city or garden views, and a 43 smart TV. Enjoy premium bath amenities and complimentary coffee & tea station.\r\n\r\n Executive Suite\r\nPerfect for business travelers and extended stays, the Executive Suite includes a separate living area, a work station, and a luxurious king-size bed. You\'ll also enjoy access to the Executive Lounge with complimentary breakfast and evening cocktails.\r\n\r\n Family Room\r\nDesigned for families, this room includes a queen bed and two single beds, ample storage space, and child-friendly amenities. Enjoy movie nights with a flat-screen TV and unwind after a long day of adventure.\r\n\r\n Honeymoon Suite\r\nRomance awaits in our Honeymoon Suite, featuring a canopy king-size bed, mood lighting, an in-room jacuzzi, and champagne on arrival. The private terrace offers breathtaking sunset views  perfect for newlyweds.\r\n\r\n Ocean View Room\r\nWake up to the soothing sound of waves in our Ocean View Room. Enjoy floor-to-ceiling windows, a private balcony with panoramic sea views, and coastal-inspired decor that brings the beach to your doorstep.', '2025-04-09 11:22:34', '2025-08-02 12:14:36'),
(31, 15, 'Shana Gilmore', 2, 4, 6, 53, 18, 'room_images/PvRJZHlyiphlfeU8RugB2Jnj7k66nVN2ZjuXGXzg.jpg', 42, 657.00, 1, ' Standard Room\r\nExperience comfort and simplicity in our Standard Room, featuring a plush queen-sized bed, a work desk, a modern en-suite bathroom, and complimentary high-speed Wi-Fi. Ideal for solo travelers or couples looking for affordable luxury.\r\n\r\n Deluxe Room\r\nOur Deluxe Room offers a spacious retreat with elegant furnishings, a king-size bed, a private balcony with city or garden views, and a 43 smart TV. Enjoy premium bath amenities and complimentary coffee & tea station.\r\n\r\n Executive Suite\r\nPerfect for business travelers and extended stays, the Executive Suite includes a separate living area, a work station, and a luxurious king-size bed. You\'ll also enjoy access to the Executive Lounge with complimentary breakfast and evening cocktails.\r\n\r\n Family Room\r\nDesigned for families, this room includes a queen bed and two single beds, ample storage space, and child-friendly amenities. Enjoy movie nights with a flat-screen TV and unwind after a long day of adventure.\r\n\r\n Honeymoon Suite\r\nRomance awaits in our Honeymoon Suite, featuring a canopy king-size bed, mood lighting, an in-room jacuzzi, and champagne on arrival. The private terrace offers breathtaking sunset views  perfect for newlyweds.\r\n\r\n Ocean View Room\r\nWake up to the soothing sound of waves in our Ocean View Room. Enjoy floor-to-ceiling windows, a private balcony with panoramic sea views, and coastal-inspired decor that brings the beach to your doorstep.', '2025-04-09 11:23:10', '2025-08-02 12:14:20'),
(32, 18, 'Shana Gilmore', 2, 2, 1, 366999, 33, 'room_images/hQ2d9ogRTJgpZlwGsVk0TPga2gwDTErMAfrK6lW1.png', 39, 727.00, 1, ' Standard Room\r\nExperience comfort and simplicity in our Standard Room, featuring a plush queen-sized bed, a work desk, a modern en-suite bathroom, and complimentary high-speed Wi-Fi. Ideal for solo travelers or couples looking for affordable luxury.\r\n\r\n Deluxe Room\r\nOur Deluxe Room offers a spacious retreat with elegant furnishings, a king-size bed, a private balcony with city or garden views, and a 43 smart TV. Enjoy premium bath amenities and complimentary coffee & tea station.\r\n\r\n Executive Suite\r\nPerfect for business travelers and extended stays, the Executive Suite includes a separate living area, a work station, and a luxurious king-size bed. You\'ll also enjoy access to the Executive Lounge with complimentary breakfast and evening cocktails.\r\n\r\n Family Room\r\nDesigned for families, this room includes a queen bed and two single beds, ample storage space, and child-friendly amenities. Enjoy movie nights with a flat-screen TV and unwind after a long day of adventure.\r\n\r\n Honeymoon Suite\r\nRomance awaits in our Honeymoon Suite, featuring a canopy king-size bed, mood lighting, an in-room jacuzzi, and champagne on arrival. The private terrace offers breathtaking sunset views  perfect for newlyweds.\r\n\r\n Ocean View Room\r\nWake up to the soothing sound of waves in our Ocean View Room. Enjoy floor-to-ceiling windows, a private balcony with panoramic sea views, and coastal-inspired decor that brings the beach to your doorstep.', '2025-04-09 11:23:32', '2025-08-13 03:20:48');

-- --------------------------------------------------------

--
-- Table structure for table `room_amenities`
--

CREATE TABLE `room_amenities` (
  `id` bigint(20) UNSIGNED NOT NULL,
  `rooms_id` bigint(20) UNSIGNED NOT NULL,
  `amenity_id` bigint(20) UNSIGNED NOT NULL,
  `created_at` timestamp NOT NULL DEFAULT current_timestamp(),
  `updated_at` timestamp NOT NULL DEFAULT current_timestamp()
) ENGINE=InnoDB DEFAULT CHARSET=utf8mb4 COLLATE=utf8mb4_general_ci;

--
-- Dumping data for table `room_amenities`
--

INSERT INTO `room_amenities` (`id`, `rooms_id`, `amenity_id`, `created_at`, `updated_at`) VALUES
(11, 29, 1, '2025-04-09 11:22:12', '2025-04-09 11:22:12'),
(12, 29, 2, '2025-04-09 11:22:12', '2025-04-09 11:22:12'),
(15, 29, 8, '2025-04-09 11:22:12', '2025-04-09 11:22:12'),
(17, 30, 1, '2025-04-09 11:22:34', '2025-04-09 11:22:34'),
(18, 30, 2, '2025-04-09 11:22:34', '2025-04-09 11:22:34'),
(19, 30, 3, '2025-04-09 11:22:34', '2025-04-09 11:22:34'),
(23, 31, 1, '2025-04-09 11:23:10', '2025-04-09 11:23:10'),
(26, 31, 8, '2025-04-09 11:23:10', '2025-04-09 11:23:10'),
(27, 32, 2, '2025-04-09 11:23:32', '2025-04-09 11:23:32'),
(30, 32, 8, '2025-04-09 11:23:32', '2025-04-09 11:23:32');

-- --------------------------------------------------------

--
-- Table structure for table `room_photos`
--

CREATE TABLE `room_photos` (
  `id` bigint(20) UNSIGNED NOT NULL,
  `room_id` bigint(20) UNSIGNED NOT NULL,
  `photo_url` varchar(255) DEFAULT NULL,
  `caption` varchar(255) DEFAULT NULL,
  `created_at` timestamp NULL DEFAULT NULL,
  `updated_at` timestamp NULL DEFAULT NULL
) ENGINE=InnoDB DEFAULT CHARSET=utf8mb4 COLLATE=utf8mb4_general_ci;

--
-- Dumping data for table `room_photos`
--

INSERT INTO `room_photos` (`id`, `room_id`, `photo_url`, `caption`, `created_at`, `updated_at`) VALUES
(32, 32, 'http://127.0.0.1:8000/storage/room_images/SRHP63rwjkuzvNTesIkjv76eIKP2Iv6UuaPXkits.jpg', NULL, '2025-05-01 10:58:21', '2025-05-01 10:58:21'),
(38, 29, 'room_images/QPMnTiHUCvH92rwCKg3nBYqe6AnG3p2evanJ6Rhi.jpg', NULL, '2025-08-02 12:14:02', '2025-08-02 12:14:02'),
(39, 31, 'room_images/Sy4KDWnKVENfUf6Ojp1ktAnB7L5EgVG7mLlkl70c.jpg', NULL, '2025-08-02 12:14:20', '2025-08-02 12:14:20'),
(40, 31, 'room_images/WX9MWPTSdukmwO2TtjUdZkojrLhuY8xPpcknMlVY.jpg', NULL, '2025-08-02 12:14:20', '2025-08-02 12:14:20'),
(41, 30, 'room_images/nRdFFVCVSGOsaIY3i7Uz6wOXXNOR7yAOTF0uUDtx.jpg', NULL, '2025-08-02 12:14:36', '2025-08-02 12:14:36');

-- --------------------------------------------------------

--
-- Table structure for table `room_types`
--

CREATE TABLE `room_types` (
  `id` bigint(20) UNSIGNED NOT NULL,
  `name` varchar(255) NOT NULL,
  `description` text DEFAULT NULL,
  `created_at` timestamp NULL DEFAULT NULL,
  `updated_at` timestamp NULL DEFAULT NULL
) ENGINE=InnoDB DEFAULT CHARSET=utf8mb4 COLLATE=utf8mb4_general_ci;

--
-- Dumping data for table `room_types`
--

INSERT INTO `room_types` (`id`, `name`, `description`, `created_at`, `updated_at`) VALUES
(2, 'Shana Gilmore', 'Voluptas voluptatem Update', '2025-07-23 18:48:43', '2025-07-23 18:50:14'),
(3, 'lksgjl', 'sdlfajal ksdf', '2025-07-24 11:11:16', '2025-07-24 11:11:16');

-- --------------------------------------------------------

--
-- Table structure for table `sales_commissions`
--

CREATE TABLE `sales_commissions` (
  `id` bigint(20) UNSIGNED NOT NULL,
  `salesperson_id` bigint(20) UNSIGNED NOT NULL,
  `order_id` bigint(20) UNSIGNED NOT NULL,
  `product_id` bigint(20) UNSIGNED NOT NULL,
  `amount` decimal(8,2) NOT NULL,
  `created_at` timestamp NULL DEFAULT NULL,
  `updated_at` timestamp NULL DEFAULT NULL
) ENGINE=InnoDB DEFAULT CHARSET=utf8mb4 COLLATE=utf8mb4_unicode_ci;

-- --------------------------------------------------------

--
-- Table structure for table `sales_main_commissions`
--

CREATE TABLE `sales_main_commissions` (
  `id` bigint(20) UNSIGNED NOT NULL,
  `commission_amount` varchar(255) NOT NULL,
  `created_at` timestamp NULL DEFAULT NULL,
  `updated_at` timestamp NULL DEFAULT NULL
) ENGINE=InnoDB DEFAULT CHARSET=utf8mb4 COLLATE=utf8mb4_unicode_ci;

--
-- Dumping data for table `sales_main_commissions`
--

INSERT INTO `sales_main_commissions` (`id`, `commission_amount`, `created_at`, `updated_at`) VALUES
(2, '10', '2024-06-18 12:18:37', '2024-06-18 12:18:37');

-- --------------------------------------------------------

--
-- Table structure for table `sales_users`
--

CREATE TABLE `sales_users` (
  `id` bigint(20) UNSIGNED NOT NULL,
  `name` varchar(255) DEFAULT NULL,
  `image` varchar(255) DEFAULT NULL,
  `phone` varchar(255) DEFAULT NULL,
  `address` varchar(255) DEFAULT NULL,
  `referral_token` longtext DEFAULT NULL,
  `email` varchar(255) NOT NULL,
  `email_verified_at` timestamp NULL DEFAULT NULL,
  `password` varchar(255) DEFAULT NULL,
  `status` varchar(255) NOT NULL DEFAULT '0',
  `remember_token` varchar(100) DEFAULT NULL,
  `created_at` timestamp NULL DEFAULT NULL,
  `updated_at` timestamp NULL DEFAULT NULL
) ENGINE=InnoDB DEFAULT CHARSET=utf8mb4 COLLATE=utf8mb4_unicode_ci;

--
-- Dumping data for table `sales_users`
--

INSERT INTO `sales_users` (`id`, `name`, `image`, `phone`, `address`, `referral_token`, `email`, `email_verified_at`, `password`, `status`, `remember_token`, `created_at`, `updated_at`) VALUES
(4, 'Myra Norris', 'photos/8aMnlrXPHAnNPrwlmW2VabUYzsJS5sFL1kj0JN3N.jpg', '+1 (104) 922-9085', 'Tenetur culpa quia ', 'Bmg0VZrCPv33iVeWwXWWbGqb0UJ3pivNMINOuUOw', 'hamiqedum@mailinator.com', NULL, '$2y$12$/5pimWkqom3cKqjgEiDb4.JjzeNsIxzdJMIor6xKESjW67D6BCSP.', '1', NULL, '2024-06-15 16:01:06', '2025-06-02 17:28:05'),
(6, 'Ignatius Landry', '', '+1 (527) 131-725', 'Et sequi reprehender', 'gEkN9hMGXqZ5hXy5tnAJddBByRHW4uS3zdD0L7JD', 'lyhojo@mailinator.com', NULL, '$2y$12$CfZSasZhaT/Z1iHAZPGMJuPt9xeUfqy1ydFShVvUtEj916xFwOLIe', '1', NULL, '2024-06-15 16:07:44', '2024-06-18 11:27:15'),
(7, 'alsaldj', 'http://127.0.0.1:8000/storage/photos/FHmDpVdeoH0QHmj0zs7ioX7cHv7W0b3miwtjJkoQ.png', '0912651113', 'Addisu gebeya, Addis ababa', NULL, 'yared.debela.ayele@gmail.com', NULL, '$2y$12$2uvpekvERoZw.KJCoXn2y.gbrX4HC/I8jJwJu0dTTCXkbuuiIWfza', '0', NULL, '2025-05-01 12:15:31', '2025-05-01 12:15:31'),
(8, 'lkasdjflk', 'http://127.0.0.1:9000/storage/photos/gfQKOy5gSaLdHFVZCOopWzhHkd49pJIYiYloPBh1.png', '0912651113', 'Addisu gebya, Addis ababa', NULL, 'yared.debela@gmail.com', NULL, '$2y$12$XZt26W/Ra4z3jvkCyGRf4uz.rFfou9L3ShMvsnWbSVHyAy.14HywK', '0', NULL, '2025-06-10 18:30:25', '2025-06-10 18:30:25');

-- --------------------------------------------------------

--
-- Table structure for table `sessions`
--

CREATE TABLE `sessions` (
  `id` varchar(255) NOT NULL,
  `user_id` bigint(20) UNSIGNED DEFAULT NULL,
  `ip_address` varchar(45) DEFAULT NULL,
  `user_agent` text DEFAULT NULL,
  `payload` text NOT NULL,
  `last_activity` int(11) NOT NULL
) ENGINE=InnoDB DEFAULT CHARSET=utf8mb4 COLLATE=utf8mb4_unicode_ci;

--
-- Dumping data for table `sessions`
--

INSERT INTO `sessions` (`id`, `user_id`, `ip_address`, `user_agent`, `payload`, `last_activity`) VALUES
('TQp9122KEJ1RYThxHgwYcE1K3GA0PoNG7krsCssD', 4, '127.0.0.1', 'Mozilla/5.0 (Windows NT 10.0; Win64; x64) AppleWebKit/537.36 (KHTML, like Gecko) Chrome/125.0.0.0 Safari/537.36', 'YToxMzp7czo2OiJfdG9rZW4iO3M6NDA6InpCYWZyNGpGR3FIdjRISlc5Q2F5N29IMTJpY1RiMG1oMVlFYjlqdTAiO3M6Mjg6InN5c3RlbV9kZWZhdWx0X2N1cnJlbmN5X2luZm8iO086MjE6IkFwcFxNb2RlbHNcQ3VycmVuY2llcyI6MzA6e3M6MTM6IgAqAGNvbm5lY3Rpb24iO3M6NToibXlzcWwiO3M6ODoiACoAdGFibGUiO3M6MTA6ImN1cnJlbmNpZXMiO3M6MTM6IgAqAHByaW1hcnlLZXkiO3M6MjoiaWQiO3M6MTA6IgAqAGtleVR5cGUiO3M6MzoiaW50IjtzOjEyOiJpbmNyZW1lbnRpbmciO2I6MTtzOjc6IgAqAHdpdGgiO2E6MDp7fXM6MTI6IgAqAHdpdGhDb3VudCI7YTowOnt9czoxOToicHJldmVudHNMYXp5TG9hZGluZyI7YjowO3M6MTA6IgAqAHBlclBhZ2UiO2k6MTU7czo2OiJleGlzdHMiO2I6MTtzOjE4OiJ3YXNSZWNlbnRseUNyZWF0ZWQiO2I6MDtzOjI4OiIAKgBlc2NhcGVXaGVuQ2FzdGluZ1RvU3RyaW5nIjtiOjA7czoxMzoiACoAYXR0cmlidXRlcyI7YTo3OntzOjI6ImlkIjtpOjE7czo0OiJuYW1lIjtzOjQ6IkJpcnIiO3M6Njoic3ltYm9sIjtzOjQ6IkJJUlIiO3M6MTM6ImV4Y2hhbmdlX3JhdGUiO2Q6MTtzOjQ6ImNvZGUiO3M6MzoiRVRCIjtzOjEwOiJjcmVhdGVkX2F0IjtzOjE5OiIyMDI0LTAxLTIxIDAyOjExOjA2IjtzOjEwOiJ1cGRhdGVkX2F0IjtzOjE5OiIyMDI0LTAyLTAxIDA1OjMxOjExIjt9czoxMToiACoAb3JpZ2luYWwiO2E6Nzp7czoyOiJpZCI7aToxO3M6NDoibmFtZSI7czo0OiJCaXJyIjtzOjY6InN5bWJvbCI7czo0OiJCSVJSIjtzOjEzOiJleGNoYW5nZV9yYXRlIjtkOjE7czo0OiJjb2RlIjtzOjM6IkVUQiI7czoxMDoiY3JlYXRlZF9hdCI7czoxOToiMjAyNC0wMS0yMSAwMjoxMTowNiI7czoxMDoidXBkYXRlZF9hdCI7czoxOToiMjAyNC0wMi0wMSAwNTozMToxMSI7fXM6MTA6IgAqAGNoYW5nZXMiO2E6MDp7fXM6ODoiACoAY2FzdHMiO2E6MDp7fXM6MTc6IgAqAGNsYXNzQ2FzdENhY2hlIjthOjA6e31zOjIxOiIAKgBhdHRyaWJ1dGVDYXN0Q2FjaGUiO2E6MDp7fXM6ODoiACoAZGF0ZXMiO2E6MDp7fXM6MTM6IgAqAGRhdGVGb3JtYXQiO047czoxMDoiACoAYXBwZW5kcyI7YTowOnt9czoxOToiACoAZGlzcGF0Y2hlc0V2ZW50cyI7YTowOnt9czoxNDoiACoAb2JzZXJ2YWJsZXMiO2E6MDp7fXM6MTI6IgAqAHJlbGF0aW9ucyI7YTowOnt9czoxMDoiACoAdG91Y2hlcyI7YTowOnt9czoxMDoidGltZXN0YW1wcyI7YjoxO3M6OToiACoAaGlkZGVuIjthOjA6e31zOjEwOiIAKgB2aXNpYmxlIjthOjA6e31zOjExOiIAKgBmaWxsYWJsZSI7YTo0OntpOjA7czo0OiJuYW1lIjtpOjE7czo2OiJzeW1ib2wiO2k6MjtzOjEzOiJleGNoYW5nZV9yYXRlIjtpOjM7czo0OiJjb2RlIjt9czoxMDoiACoAZ3VhcmRlZCI7YToxOntpOjA7czoxOiIqIjt9fXM6OToiX3ByZXZpb3VzIjthOjE6e3M6MzoidXJsIjtzOjM4OiJodHRwOi8vMTI3LjAuMC4xOjgwMDAvdHJhY2steW91ci1vcmRlciI7fXM6NjoiX2ZsYXNoIjthOjI6e3M6Mzoib2xkIjthOjA6e31zOjM6Im5ldyI7YTowOnt9fXM6MzoidXJsIjthOjE6e3M6ODoiaW50ZW5kZWQiO3M6MzA6Imh0dHA6Ly8xMjcuMC4wLjE6ODAwMC93aXNobGlzdCI7fXM6NToiYWxlcnQiO2E6MDp7fXM6NTI6ImxvZ2luX2FkbWluXzU5YmEzNmFkZGMyYjJmOTQwMTU4MGYwMTRjN2Y1OGVhNGUzMDk4OWQiO2k6NDtzOjEwOiJzZXNzaW9uX2lkIjtzOjMyOiI2YWUwNzcyZTM1NDY3MzJkZjIzY2RlZDRjYTVhZDM5OCI7czoxMzoiY3VycmVuY3lfY29kZSI7czozOiJFVEIiO3M6MTU6ImN1cnJlbmN5X3N5bWJvbCI7czo0OiJCSVJSIjtzOjIyOiJjdXJyZW5jeV9leGNoYW5nZV9yYXRlIjtkOjE7czo0OiJwYWdlIjtzOjY6Im9yZGVycyI7czo1MDoibG9naW5fd2ViXzU5YmEzNmFkZGMyYjJmOTQwMTU4MGYwMTRjN2Y1OGVhNGUzMDk4OWQiO2k6NDt9', 1716533544),
('rwODejeU4yeywNUiQEXRJoHn7cJbGprgCwwbIwdn', NULL, '127.0.0.1', 'Mozilla/5.0 (Windows NT 10.0; Win64; x64) AppleWebKit/537.36 (KHTML, like Gecko) Chrome/125.0.0.0 Safari/537.36', 'YTo0OntzOjY6Il90b2tlbiI7czo0MDoiaEtPZzFHcVQyOTZwdHQ5c1NhQ0hiZTJ5dlRQZGlhZ1VhTmdKcXZwMCI7czoyODoic3lzdGVtX2RlZmF1bHRfY3VycmVuY3lfaW5mbyI7TzoyMToiQXBwXE1vZGVsc1xDdXJyZW5jaWVzIjozMDp7czoxMzoiACoAY29ubmVjdGlvbiI7czo1OiJteXNxbCI7czo4OiIAKgB0YWJsZSI7czoxMDoiY3VycmVuY2llcyI7czoxMzoiACoAcHJpbWFyeUtleSI7czoyOiJpZCI7czoxMDoiACoAa2V5VHlwZSI7czozOiJpbnQiO3M6MTI6ImluY3JlbWVudGluZyI7YjoxO3M6NzoiACoAd2l0aCI7YTowOnt9czoxMjoiACoAd2l0aENvdW50IjthOjA6e31zOjE5OiJwcmV2ZW50c0xhenlMb2FkaW5nIjtiOjA7czoxMDoiACoAcGVyUGFnZSI7aToxNTtzOjY6ImV4aXN0cyI7YjoxO3M6MTg6Indhc1JlY2VudGx5Q3JlYXRlZCI7YjowO3M6Mjg6IgAqAGVzY2FwZVdoZW5DYXN0aW5nVG9TdHJpbmciO2I6MDtzOjEzOiIAKgBhdHRyaWJ1dGVzIjthOjc6e3M6MjoiaWQiO2k6MTtzOjQ6Im5hbWUiO3M6NDoiQmlyciI7czo2OiJzeW1ib2wiO3M6NDoiQklSUiI7czoxMzoiZXhjaGFuZ2VfcmF0ZSI7ZDoxO3M6NDoiY29kZSI7czozOiJFVEIiO3M6MTA6ImNyZWF0ZWRfYXQiO3M6MTk6IjIwMjQtMDEtMjEgMDI6MTE6MDYiO3M6MTA6InVwZGF0ZWRfYXQiO3M6MTk6IjIwMjQtMDItMDEgMDU6MzE6MTEiO31zOjExOiIAKgBvcmlnaW5hbCI7YTo3OntzOjI6ImlkIjtpOjE7czo0OiJuYW1lIjtzOjQ6IkJpcnIiO3M6Njoic3ltYm9sIjtzOjQ6IkJJUlIiO3M6MTM6ImV4Y2hhbmdlX3JhdGUiO2Q6MTtzOjQ6ImNvZGUiO3M6MzoiRVRCIjtzOjEwOiJjcmVhdGVkX2F0IjtzOjE5OiIyMDI0LTAxLTIxIDAyOjExOjA2IjtzOjEwOiJ1cGRhdGVkX2F0IjtzOjE5OiIyMDI0LTAyLTAxIDA1OjMxOjExIjt9czoxMDoiACoAY2hhbmdlcyI7YTowOnt9czo4OiIAKgBjYXN0cyI7YTowOnt9czoxNzoiACoAY2xhc3NDYXN0Q2FjaGUiO2E6MDp7fXM6MjE6IgAqAGF0dHJpYnV0ZUNhc3RDYWNoZSI7YTowOnt9czo4OiIAKgBkYXRlcyI7YTowOnt9czoxMzoiACoAZGF0ZUZvcm1hdCI7TjtzOjEwOiIAKgBhcHBlbmRzIjthOjA6e31zOjE5OiIAKgBkaXNwYXRjaGVzRXZlbnRzIjthOjA6e31zOjE0OiIAKgBvYnNlcnZhYmxlcyI7YTowOnt9czoxMjoiACoAcmVsYXRpb25zIjthOjA6e31zOjEwOiIAKgB0b3VjaGVzIjthOjA6e31zOjEwOiJ0aW1lc3RhbXBzIjtiOjE7czo5OiIAKgBoaWRkZW4iO2E6MDp7fXM6MTA6IgAqAHZpc2libGUiO2E6MDp7fXM6MTE6IgAqAGZpbGxhYmxlIjthOjQ6e2k6MDtzOjQ6Im5hbWUiO2k6MTtzOjY6InN5bWJvbCI7aToyO3M6MTM6ImV4Y2hhbmdlX3JhdGUiO2k6MztzOjQ6ImNvZGUiO31zOjEwOiIAKgBndWFyZGVkIjthOjE6e2k6MDtzOjE6IioiO319czo5OiJfcHJldmlvdXMiO2E6MTp7czozOiJ1cmwiO3M6MjE6Imh0dHA6Ly8xMjcuMC4wLjE6ODAwMCI7fXM6NjoiX2ZsYXNoIjthOjI6e3M6Mzoib2xkIjthOjA6e31zOjM6Im5ldyI7YTowOnt9fX0=', 1718123067);

-- --------------------------------------------------------

--
-- Table structure for table `shipping_charges`
--

CREATE TABLE `shipping_charges` (
  `id` bigint(20) UNSIGNED NOT NULL,
  `zone` varchar(255) NOT NULL,
  `0_500g` double(8,2) NOT NULL,
  `501_1000g` double(8,2) NOT NULL,
  `1001_2000g` double(8,2) NOT NULL,
  `2001_5000g` double(8,2) NOT NULL,
  `above_5000g` double(8,2) NOT NULL,
  `status` tinyint(4) NOT NULL DEFAULT 1,
  `created_at` timestamp NULL DEFAULT NULL,
  `updated_at` timestamp NULL DEFAULT NULL
) ENGINE=InnoDB DEFAULT CHARSET=utf8mb4 COLLATE=utf8mb4_unicode_ci;

--
-- Dumping data for table `shipping_charges`
--

INSERT INTO `shipping_charges` (`id`, `zone`, `0_500g`, `501_1000g`, `1001_2000g`, `2001_5000g`, `above_5000g`, `status`, `created_at`, `updated_at`) VALUES
(1, 'harar', 50.00, 4.00, 8.00, 10.00, 12.00, 1, NULL, '2023-07-22 00:02:36'),
(2, 'Oromia', 8.00, 0.00, 0.00, 0.00, 0.00, 1, '2023-04-26 12:00:00', '2023-07-22 00:52:01'),
(3, 'Adama', 10.00, 1.00, 1.00, 10.00, 10.00, 1, '2023-04-26 12:00:00', '2023-04-28 12:00:00'),
(4, 'Amahra', 2.00, 4.00, 8.00, 16.00, 32.00, 1, '2023-04-26 12:00:00', '2023-07-22 00:52:12'),
(5, 'Afar', 0.00, 0.00, 0.00, 0.00, 0.00, 1, '2023-04-26 12:00:00', '2023-07-22 00:55:52'),
(247, 'Tigray', 15.00, 78.00, 73.00, 61.00, 15.00, 1, '2023-07-22 01:37:16', '2023-07-22 01:38:13'),
(248, 'Addis Ababa', 1.00, 2.00, 5.00, 9.00, 20.00, 1, '2023-12-18 17:07:10', '2023-12-18 17:07:16'),
(249, 'Gondar', 6.00, 8.00, 8.00, 9.00, 10.00, 1, '2023-12-18 17:07:49', '2023-12-18 17:10:13'),
(250, 'Jijiga', -1.00, 2.00, 3.00, 8.00, 2.00, 1, '2023-12-18 17:08:09', '2023-12-18 17:10:26'),
(251, 'Bahir Dar', 78.00, 62.00, 18.00, 73.00, 57.00, 1, '2023-12-18 17:08:24', '2023-12-18 17:10:22'),
(252, 'Desse', 70.00, 28.00, 71.00, 6.00, 11.00, 1, '2023-12-18 17:08:41', '2023-12-18 17:10:36'),
(253, 'Hawassa', 18.00, 32.00, 46.00, 35.00, 88.00, 1, '2023-12-18 17:08:54', '2023-12-18 17:10:31'),
(254, 'Mekele', 62.00, 36.00, 82.00, 23.00, 15.00, 1, '2023-12-18 17:09:10', '2023-12-18 17:10:39'),
(255, 'Jimma', 14.00, 6.00, 98.00, 73.00, 89.00, 1, '2023-12-18 17:09:21', '2023-12-18 17:10:45'),
(256, 'Jijiga', 22.00, 100.00, 71.00, 31.00, 49.00, 1, '2023-12-18 17:09:38', '2023-12-18 17:10:49'),
(257, 'Kombolcha', 27.00, 10.00, 72.00, 69.00, 24.00, 1, '2023-12-18 17:09:51', '2023-12-18 17:10:17'),
(258, 'Adama,14', 14.00, 12.00, 14.00, 16.00, 18.00, 1, '2025-05-12 14:48:02', '2025-05-12 14:57:38'),
(259, 'Adama,04', 2.00, 3.00, 4.00, 3.00, 33.00, 1, '2025-05-12 14:59:06', '2025-05-13 11:06:51'),
(260, 'kezira', 1.00, 2.00, 3.00, 4.00, 5.00, 1, '2025-07-25 11:30:18', '2025-07-25 11:30:18');

-- --------------------------------------------------------

--
-- Table structure for table `shipping_methods`
--

CREATE TABLE `shipping_methods` (
  `id` bigint(20) UNSIGNED NOT NULL,
  `name` varchar(255) NOT NULL,
  `description` text DEFAULT NULL,
  `base_cost` decimal(10,2) NOT NULL,
  `per_kg_rate` decimal(10,2) DEFAULT NULL,
  `status` int(2) NOT NULL DEFAULT 0,
  `created_at` timestamp NULL DEFAULT NULL,
  `updated_at` timestamp NULL DEFAULT NULL
) ENGINE=InnoDB DEFAULT CHARSET=utf8mb4 COLLATE=utf8mb4_unicode_ci;

--
-- Dumping data for table `shipping_methods`
--

INSERT INTO `shipping_methods` (`id`, `name`, `description`, `base_cost`, `per_kg_rate`, `status`, `created_at`, `updated_at`) VALUES
(6, 'Express Shipping', 'Delivers in 2-3 business days', 15.00, 1.00, 1, '2024-06-05 11:00:45', '2024-06-09 12:00:10'),
(7, 'Anthony Owens', 'Perspiciatis consec', 68.00, 49.00, 1, '2024-06-05 11:00:45', '2024-06-09 11:56:36'),
(8, 'International Economy', 'Delivers in 10-14 business days', 20.00, 5.00, 1, '2024-06-05 11:00:45', '2024-06-05 11:02:32'),
(11, 'Courier Service', 'Same-day delivery within city', 30.00, 3.00, 1, '2024-06-05 11:00:45', '2024-06-05 11:02:34'),
(12, 'Drone Delivery', 'Fast and secure delivery by drone', 40.00, 5.00, 1, '2024-06-05 11:00:45', '2024-06-05 11:02:35'),
(27, 'Britanney Bell', 'Et et cumque volupta', 16.00, 99.00, 1, '2024-06-05 15:52:56', '2024-06-05 15:53:41'),
(29, 'Amir Morse', 'Quo officia veniam ', 59.00, 33.00, 1, '2024-06-09 11:56:42', '2024-06-09 12:00:08'),
(30, 'Rachel Herrera', 'Mollit voluptatem I', 68.00, 22.00, 1, '2024-06-09 11:57:55', '2024-06-09 11:57:58');

-- --------------------------------------------------------

--
-- Table structure for table `shipping_method_prices`
--

CREATE TABLE `shipping_method_prices` (
  `id` bigint(20) UNSIGNED NOT NULL,
  `shipping_method_id` bigint(20) UNSIGNED NOT NULL,
  `zone_id` bigint(20) UNSIGNED NOT NULL,
  `price` decimal(8,2) NOT NULL,
  `created_at` timestamp NULL DEFAULT NULL,
  `updated_at` timestamp NULL DEFAULT NULL
) ENGINE=InnoDB DEFAULT CHARSET=utf8mb4 COLLATE=utf8mb4_unicode_ci;

--
-- Dumping data for table `shipping_method_prices`
--

INSERT INTO `shipping_method_prices` (`id`, `shipping_method_id`, `zone_id`, `price`, `created_at`, `updated_at`) VALUES
(39, 6, 1, 99.00, '2024-06-05 16:06:25', '2024-06-05 16:06:25'),
(40, 6, 2, 99.00, '2024-06-05 16:06:25', '2024-06-05 16:06:25'),
(43, 29, 7, 51.00, '2024-06-09 11:56:42', '2024-06-09 11:56:42'),
(44, 30, 2, 13.00, '2024-06-09 11:57:55', '2024-06-09 11:57:55'),
(45, 30, 5, 74.00, '2024-06-09 11:57:55', '2024-06-09 11:57:55'),
(46, 30, 7, 15.00, '2024-06-09 11:57:55', '2024-06-09 11:57:55');

-- --------------------------------------------------------

--
-- Table structure for table `shipping_method_zone`
--

CREATE TABLE `shipping_method_zone` (
  `id` bigint(20) UNSIGNED NOT NULL,
  `shipping_method_id` bigint(20) UNSIGNED NOT NULL,
  `shipping_zone_id` bigint(20) UNSIGNED NOT NULL,
  `created_at` timestamp NULL DEFAULT NULL,
  `updated_at` timestamp NULL DEFAULT NULL
) ENGINE=InnoDB DEFAULT CHARSET=utf8mb4 COLLATE=utf8mb4_unicode_ci;

--
-- Dumping data for table `shipping_method_zone`
--

INSERT INTO `shipping_method_zone` (`id`, `shipping_method_id`, `shipping_zone_id`, `created_at`, `updated_at`) VALUES
(27, 6, 1, NULL, NULL),
(28, 6, 2, NULL, NULL),
(31, 29, 7, NULL, NULL),
(32, 30, 2, NULL, NULL),
(33, 30, 5, NULL, NULL),
(34, 30, 7, NULL, NULL);

-- --------------------------------------------------------

--
-- Table structure for table `shipping_zones`
--

CREATE TABLE `shipping_zones` (
  `id` bigint(20) UNSIGNED NOT NULL,
  `name` varchar(255) NOT NULL,
  `regions` text NOT NULL,
  `status` varchar(2) DEFAULT '0',
  `created_at` timestamp NULL DEFAULT NULL,
  `updated_at` timestamp NULL DEFAULT NULL
) ENGINE=InnoDB DEFAULT CHARSET=utf8mb4 COLLATE=utf8mb4_unicode_ci;

--
-- Dumping data for table `shipping_zones`
--

INSERT INTO `shipping_zones` (`id`, `name`, `regions`, `status`, `created_at`, `updated_at`) VALUES
(1, 'Arada', '2', '1', '2024-06-04 15:41:32', '2024-06-04 15:46:54'),
(2, '04', '1', '1', '2024-06-04 15:42:12', '2024-06-04 15:48:11'),
(5, 'vendor', '8', '1', '2024-06-04 15:48:23', '2024-06-04 15:48:25'),
(6, 'Yared', '1', '1', '2024-06-04 15:51:07', '2024-06-04 15:51:08'),
(7, 'pissa', '2', '1', '2024-06-05 13:56:28', '2024-06-05 15:06:17');

-- --------------------------------------------------------

--
-- Table structure for table `states`
--

CREATE TABLE `states` (
  `id` bigint(20) UNSIGNED NOT NULL,
  `name` varchar(255) NOT NULL,
  `country_id` int(11) DEFAULT NULL,
  `status` varchar(255) DEFAULT NULL,
  `created_at` timestamp NULL DEFAULT NULL,
  `updated_at` timestamp NULL DEFAULT NULL
) ENGINE=InnoDB DEFAULT CHARSET=utf8mb4 COLLATE=utf8mb4_unicode_ci;

--
-- Dumping data for table `states`
--

INSERT INTO `states` (`id`, `name`, `country_id`, `status`, `created_at`, `updated_at`) VALUES
(1, 'Oromia', 2, '1', '2023-11-25 23:01:18', '2023-11-25 23:01:18'),
(2, 'Amahra', 2, '1', '2023-11-25 23:01:28', '2023-11-25 23:01:28'),
(3, 'Tigray', 2, '1', '2023-11-25 23:01:36', '2023-11-25 23:01:36'),
(4, 'Somail', 2, '1', '2023-11-25 23:02:55', '2023-11-25 23:02:55'),
(5, 'Afar', 2, '1', '2023-11-25 23:03:03', '2023-11-25 23:05:00'),
(6, 'Gambela', NULL, '1', '2023-11-25 23:03:16', '2023-11-25 23:12:20'),
(7, 'Dire Dawa', NULL, '1', '2023-11-25 23:03:25', '2023-11-25 23:03:25'),
(8, 'Harari', NULL, '1', '2023-11-25 23:03:34', '2023-11-25 23:05:04'),
(9, 'Sidama', 2, '1', '2023-11-25 23:03:44', '2025-03-12 18:06:38'),
(10, 'Benishangul-Gumuz', NULL, '1', '2023-11-25 23:03:59', '2023-11-25 23:03:59'),
(11, 'Beau Durham', 2, '1', '2025-03-12 18:05:52', '2025-03-12 18:05:52');

-- --------------------------------------------------------

--
-- Table structure for table `streets`
--

CREATE TABLE `streets` (
  `id` bigint(20) UNSIGNED NOT NULL,
  `sub_city_id` bigint(20) UNSIGNED NOT NULL,
  `name` varchar(255) NOT NULL,
  `created_at` timestamp NULL DEFAULT NULL,
  `updated_at` timestamp NULL DEFAULT NULL
) ENGINE=InnoDB DEFAULT CHARSET=utf8mb4 COLLATE=utf8mb4_general_ci;

--
-- Dumping data for table `streets`
--

INSERT INTO `streets` (`id`, `sub_city_id`, `name`, `created_at`, `updated_at`) VALUES
(1, 1, 'Jackson Bowman', '2025-03-12 18:39:50', '2025-03-12 18:39:50'),
(2, 3, 'Noelani Vaughan', '2025-03-12 18:39:57', '2025-03-12 18:40:24');

-- --------------------------------------------------------

--
-- Table structure for table `sub_cities`
--

CREATE TABLE `sub_cities` (
  `id` bigint(20) UNSIGNED NOT NULL,
  `city_id` bigint(20) UNSIGNED NOT NULL,
  `name` varchar(255) NOT NULL,
  `created_at` timestamp NULL DEFAULT NULL,
  `updated_at` timestamp NULL DEFAULT NULL
) ENGINE=InnoDB DEFAULT CHARSET=utf8mb4 COLLATE=utf8mb4_general_ci;

--
-- Dumping data for table `sub_cities`
--

INSERT INTO `sub_cities` (`id`, `city_id`, `name`, `created_at`, `updated_at`) VALUES
(1, 8, 'sidama', '2025-03-12 18:25:27', '2025-03-12 18:25:41'),
(3, 8, 'Quinn Mcgee', '2025-03-12 18:40:14', '2025-03-12 18:40:14');

-- --------------------------------------------------------

--
-- Table structure for table `taxes`
--

CREATE TABLE `taxes` (
  `id` bigint(20) UNSIGNED NOT NULL,
  `taxname` varchar(255) NOT NULL,
  `percentage` decimal(5,2) NOT NULL,
  `status` tinyint(1) NOT NULL DEFAULT 0,
  `created_at` timestamp NULL DEFAULT NULL,
  `updated_at` timestamp NULL DEFAULT NULL
) ENGINE=InnoDB DEFAULT CHARSET=utf8mb4 COLLATE=utf8mb4_unicode_ci;

--
-- Dumping data for table `taxes`
--

INSERT INTO `taxes` (`id`, `taxname`, `percentage`, `status`, `created_at`, `updated_at`) VALUES
(2, 'TOT', 2.00, 1, '2024-06-20 15:38:36', '2024-06-21 13:54:01'),
(4, 'TAX', 15.00, 1, '2024-06-20 15:56:31', '2024-06-20 16:13:17');

-- --------------------------------------------------------

--
-- Table structure for table `temp_users`
--

CREATE TABLE `temp_users` (
  `id` bigint(20) UNSIGNED NOT NULL,
  `name` varchar(255) NOT NULL,
  `mobile` varchar(255) NOT NULL,
  `email` varchar(255) DEFAULT NULL,
  `password` varchar(255) NOT NULL,
  `created_at` timestamp NULL DEFAULT NULL,
  `updated_at` timestamp NULL DEFAULT NULL
) ENGINE=InnoDB DEFAULT CHARSET=utf8mb4 COLLATE=utf8mb4_general_ci;

--
-- Dumping data for table `temp_users`
--

INSERT INTO `temp_users` (`id`, `name`, `mobile`, `email`, `password`, `created_at`, `updated_at`) VALUES
(2, 'Yared Ayele', '0912651113', 'yared.debela.ayele@gmail.com', '$2y$12$HOMFBosUu525xpjdXZcPieoUrz8YZw7loBtKNWfQucRRTWNw87d3m', '2025-08-17 04:28:41', '2025-08-17 04:28:41');

-- --------------------------------------------------------

--
-- Table structure for table `tip`
--

CREATE TABLE `tip` (
  `id` int(11) NOT NULL,
  `amount` varchar(255) DEFAULT NULL,
  `created_at` timestamp NOT NULL DEFAULT current_timestamp(),
  `updated_at` timestamp NOT NULL DEFAULT current_timestamp()
) ENGINE=InnoDB DEFAULT CHARSET=utf8mb4 COLLATE=utf8mb4_general_ci;

--
-- Dumping data for table `tip`
--

INSERT INTO `tip` (`id`, `amount`, `created_at`, `updated_at`) VALUES
(1, '10', '2025-05-10 17:57:20', '2025-05-10 17:57:20'),
(2, '20', '2025-05-10 17:57:24', '2025-05-10 17:57:24'),
(4, '999', '2025-06-09 18:16:26', '2025-06-09 18:16:26'),
(5, '999', '2025-06-09 18:18:04', '2025-06-09 18:18:04');

-- --------------------------------------------------------

--
-- Table structure for table `transfer_requests`
--

CREATE TABLE `transfer_requests` (
  `id` bigint(20) UNSIGNED NOT NULL,
  `from_warehouse_id` bigint(20) UNSIGNED NOT NULL,
  `to_warehouse_id` bigint(20) UNSIGNED NOT NULL,
  `product_id` bigint(20) UNSIGNED NOT NULL,
  `price` double(8,2) DEFAULT NULL,
  `size` varchar(255) DEFAULT NULL,
  `quantity` int(11) NOT NULL,
  `notes` text DEFAULT NULL,
  `transfer_date` date NOT NULL,
  `assign_to_deliveryman` varchar(20) NOT NULL DEFAULT '0',
  `delivery_status` varchar(255) DEFAULT NULL,
  `is_final_destination` varchar(255) NOT NULL DEFAULT 'no',
  `shipped_confirmation_number` varchar(20) DEFAULT NULL,
  `delivered_confirmation_number` varchar(20) DEFAULT NULL,
  `status` varchar(255) NOT NULL DEFAULT 'pending',
  `created_at` timestamp NULL DEFAULT NULL,
  `updated_at` timestamp NULL DEFAULT NULL
) ENGINE=InnoDB DEFAULT CHARSET=utf8mb4 COLLATE=utf8mb4_unicode_ci;

-- --------------------------------------------------------

--
-- Table structure for table `transfer_stock_products`
--

CREATE TABLE `transfer_stock_products` (
  `id` bigint(20) UNSIGNED NOT NULL,
  `from_warehouse_id` bigint(20) UNSIGNED NOT NULL,
  `to_warehouse_id` bigint(20) UNSIGNED NOT NULL,
  `product_id` bigint(20) UNSIGNED NOT NULL,
  `price` double(8,2) DEFAULT NULL,
  `size` varchar(255) DEFAULT NULL,
  `quantity` int(11) NOT NULL,
  `notes` text DEFAULT NULL,
  `transfer_date` date NOT NULL,
  `assign_to_deliveryman` varchar(20) NOT NULL DEFAULT '0',
  `delivery_status` varchar(255) DEFAULT NULL,
  `is_final_destination` varchar(255) NOT NULL DEFAULT 'no',
  `shipped_confirmation_number` varchar(20) DEFAULT NULL,
  `delivered_confirmation_number` varchar(20) DEFAULT NULL,
  `status` varchar(255) NOT NULL DEFAULT 'pending',
  `created_at` timestamp NULL DEFAULT NULL,
  `updated_at` timestamp NULL DEFAULT NULL
) ENGINE=InnoDB DEFAULT CHARSET=utf8mb4 COLLATE=utf8mb4_unicode_ci;

-- --------------------------------------------------------

--
-- Table structure for table `users`
--

CREATE TABLE `users` (
  `id` bigint(20) UNSIGNED NOT NULL,
  `provider_id` varchar(255) DEFAULT NULL,
  `name` varchar(255) DEFAULT NULL,
  `address` varchar(255) DEFAULT NULL,
  `city` varchar(255) DEFAULT NULL,
  `state` varchar(255) DEFAULT NULL,
  `country` varchar(255) DEFAULT NULL,
  `pincode` varchar(255) DEFAULT NULL,
  `mobile` varchar(255) DEFAULT NULL,
  `email` varchar(255) DEFAULT NULL,
  `email_verified_at` timestamp NULL DEFAULT NULL,
  `password` varchar(255) DEFAULT NULL,
  `status` tinyint(4) DEFAULT 0,
  `latitude` longtext DEFAULT NULL,
  `longitude` longtext DEFAULT NULL,
  `two_factor_secret` text DEFAULT NULL,
  `two_factor_recovery_codes` text DEFAULT NULL,
  `two_factor_confirmed_at` timestamp NULL DEFAULT NULL,
  `remember_token` varchar(100) DEFAULT NULL,
  `current_team_id` bigint(20) UNSIGNED DEFAULT NULL,
  `profile_photo_path` varchar(2048) DEFAULT NULL,
  `created_at` timestamp NULL DEFAULT NULL,
  `updated_at` timestamp NULL DEFAULT NULL
) ENGINE=InnoDB DEFAULT CHARSET=utf8mb4 COLLATE=utf8mb4_unicode_ci;

--
-- Dumping data for table `users`
--

INSERT INTO `users` (`id`, `provider_id`, `name`, `address`, `city`, `state`, `country`, `pincode`, `mobile`, `email`, `email_verified_at`, `password`, `status`, `latitude`, `longitude`, `two_factor_secret`, `two_factor_recovery_codes`, `two_factor_confirmed_at`, `remember_token`, `current_team_id`, `profile_photo_path`, `created_at`, `updated_at`) VALUES
(4, NULL, 'Yared Ayele', NULL, NULL, NULL, NULL, NULL, '0912651114', 'yared@gmail.com', NULL, '$2y$12$2LdHVKgoDZK2vDVujrghuOz5YkpmFjMiiqaFSxwYAQfRngXwYppMi', 1, '8.992358', '38.779112', NULL, NULL, NULL, 'iHX3ke3PzDJ9yOPwAsTn1aPjehNBaFwZzKLXTz58cCg31g8DlOPYTxPVHE0C', NULL, 'http://127.0.0.1:8000/storage/profile_images/1755082058.jpg', '2024-05-06 14:45:01', '2025-08-18 02:18:44'),
(5, NULL, 'Ella Mccarty', 'Placeat enim omnis', 'Bahir Dar', 'Oromia', 'Ethiopia', 'VELIT QUI MAGNAM AT', '0912651454', 'tehepa@mailinator.com', NULL, '$2y$12$HGwlXgOnDfjOVbZ24JgrGuRqYgOlJ1FIdLQbrN1im/LYQYs4S43Jq', 1, NULL, NULL, NULL, NULL, NULL, NULL, NULL, NULL, '2024-06-13 10:51:32', '2025-06-07 16:29:16'),
(7, NULL, 'hello', NULL, NULL, NULL, NULL, NULL, NULL, 'hello@gmail.com', NULL, '$2y$12$DgzztyGPcFLayD5xgS2BreOZondHKuh16IhzUd2jl2OEONjHOnsaO', 1, NULL, NULL, NULL, NULL, NULL, NULL, NULL, NULL, '2024-06-13 10:51:32', '2025-05-24 13:50:24'),
(28, '100258729812521548972', 'Yared Ayele', NULL, NULL, NULL, NULL, NULL, NULL, 'yared.debela.ayele@gmail.com', NULL, '$2y$12$v4DZ2KoTQ0M5.CTTsqXQVuhCYiKC6QL3zMdhGQHgAjdUuefkh52Ey', 1, NULL, NULL, NULL, NULL, NULL, 'jp7omiAKOb3G67WdSwUn7wVMEYA721zwICd9o7jPw6r9tfCus4zGjus4eBRR', NULL, NULL, '2025-05-15 13:30:31', '2025-05-24 14:06:34'),
(29, '105905301625105661365', 'Yared Ayele', NULL, NULL, NULL, NULL, NULL, NULL, 'yared.ayele.debela.me@gmail.com', NULL, '$2y$12$soZ32p9IDI2qOqPe45Vi1eph34oRz2NtXwbmW/s3M7bF/hjrd4R96', 1, NULL, NULL, NULL, NULL, NULL, 'HtxzbXdNZl8PdKIvgXzYTh730mOwUTaQxSHHUW2ipwclPo6I1JVaIBZ7RiWn', NULL, NULL, '2025-05-15 13:50:42', '2025-05-15 13:50:42'),
(30, NULL, 'chucha', NULL, NULL, NULL, NULL, NULL, '0932201760', NULL, NULL, '$2y$12$CHDydLLYDVUN6ifgOieRt.Y2TUEQmhPfFdVi.1Hj6zeaaC0Qu9WsW', 1, NULL, NULL, NULL, NULL, NULL, NULL, NULL, NULL, '2025-07-25 23:20:13', '2025-07-25 23:20:54'),
(31, '109736085305202909210', 'Yared Ayele', NULL, NULL, NULL, NULL, NULL, NULL, 'yared.ayele.debela.tulu@gmail.com', NULL, '$2y$12$8.Ulp80YoGwD5DFqVQe9MeEIeJFU4254tiQSUHwRtnPpJj0JF7BOa', 1, NULL, NULL, NULL, NULL, NULL, NULL, NULL, NULL, '2025-07-25 23:28:53', '2025-07-25 23:28:53'),
(32, NULL, 'Ella Mccarty', NULL, NULL, NULL, NULL, NULL, '0919816033', NULL, NULL, '$2y$12$lCR6c2inTGsfb3Ym9F7hv.QguuGxCc1nAhI6PtO9m/PXGXEu7ZD1i', 0, NULL, NULL, NULL, NULL, NULL, NULL, NULL, NULL, '2025-08-09 13:09:34', '2025-08-09 13:09:34');

-- --------------------------------------------------------

--
-- Table structure for table `vehicle__types`
--

CREATE TABLE `vehicle__types` (
  `id` bigint(20) UNSIGNED NOT NULL,
  `name` varchar(255) NOT NULL,
  `status` varchar(255) NOT NULL DEFAULT '0',
  `created_at` timestamp NULL DEFAULT NULL,
  `updated_at` timestamp NULL DEFAULT NULL
) ENGINE=InnoDB DEFAULT CHARSET=utf8mb4 COLLATE=utf8mb4_unicode_ci;

--
-- Dumping data for table `vehicle__types`
--

INSERT INTO `vehicle__types` (`id`, `name`, `status`, `created_at`, `updated_at`) VALUES
(1, 'car', '1\r\n', NULL, NULL),
(2, 'trucker', '1', NULL, NULL);

-- --------------------------------------------------------

--
-- Table structure for table `vendor`
--

CREATE TABLE `vendor` (
  `id` bigint(20) UNSIGNED NOT NULL,
  `vendor_type` varchar(255) DEFAULT NULL,
  `name` varchar(255) NOT NULL,
  `address` varchar(255) DEFAULT NULL,
  `city` varchar(255) DEFAULT NULL,
  `state` varchar(255) DEFAULT NULL,
  `country` varchar(255) DEFAULT NULL,
  `pincode` varchar(255) DEFAULT NULL,
  `zone` varchar(255) DEFAULT NULL,
  `mobile` varchar(255) NOT NULL,
  `email` varchar(255) NOT NULL,
  `confirm` enum('Yes','No') NOT NULL DEFAULT 'Yes',
  `commission` float DEFAULT 10,
  `status` tinyint(4) DEFAULT 1,
  `latitude` longtext DEFAULT NULL,
  `longitude` longtext DEFAULT NULL,
  `created_at` timestamp NULL DEFAULT NULL,
  `updated_at` timestamp NULL DEFAULT NULL
) ENGINE=InnoDB DEFAULT CHARSET=utf8mb4 COLLATE=utf8mb4_unicode_ci;

--
-- Dumping data for table `vendor`
--

INSERT INTO `vendor` (`id`, `vendor_type`, `name`, `address`, `city`, `state`, `country`, `pincode`, `zone`, `mobile`, `email`, `confirm`, `commission`, `status`, `latitude`, `longitude`, `created_at`, `updated_at`) VALUES
(0, NULL, 'admin', 'adama', 'harar', 'oromia', 'ethiopia', '444', 'Adama,04	', '0912651113', 'admin@gmail.com', 'Yes', 10, 1, '3.191265', '44.883344', '2024-05-29 00:19:16', NULL),
(1, 'ecommerce', 'Vendordasfasfda ', 'Address 3', 'City 3', 'State 3', 'Ethiopia', '34567', 'Adama,14', '3456789012', 'vendor3@email.com', '', 12.5, 1, '14.738743', '39.608256', '2024-05-29 00:19:16', '2025-06-06 10:47:00'),
(59, 'ecommerce', 'Vendor 4', 'Address 4', 'City 4', 'State 4', 'Country 4', '45678', NULL, '4567890123', 'vendor4@email.com', '', 13.5, 1, '8.314732', '44.606777', '2024-05-29 00:19:16', NULL),
(60, 'ecommerce', 'Vendor 5', 'Address 5', 'City 5', 'State 5', 'Country 5', '56789', NULL, '5678901234', 'vendor5@email.com', '', 14.5, 1, '10.331218', '43.054457', '2024-05-29 00:19:16', NULL),
(61, 'ecommerce', 'Vendor 6', 'Address 6', 'City 6', 'State 6', 'Country 6', '67890', NULL, '6789012345', 'vendor6@email.com', '', 15.5, 1, '10.460559', '32.573688', '2024-06-21 20:13:06', NULL),
(62, 'ecommerce', 'Vendor 7', 'Address 7', 'City 7', 'State 7', 'Country 7', '78901', NULL, '7890123456', 'vendor7@email.com', '', 16.5, 1, '6.769655', '39.409971', '2024-05-29 00:19:16', NULL),
(63, 'ecommerce', 'Vendor 8', 'Address 8', 'City 8', 'State 8', 'Country 8', '89012', NULL, '8901234567', 'vendor8@email.com', '', 17.5, 1, '7.478426', '39.626259', '2024-05-21 20:13:06', NULL),
(64, 'ecommerce', 'Abel Boyer', NULL, NULL, NULL, NULL, NULL, NULL, '0914651113', 'yaredayele67@gmail.com', 'No', 10, 1, '6.163194', '46.209185', '2024-06-21 20:13:06', '2024-06-10 18:41:52'),
(65, 'ecommerce', 'Yared Ayele', NULL, NULL, NULL, NULL, NULL, NULL, '0911651112', 'aayele@gmail.com', 'No', 10, 0, '10.794863', '41.338195', '2025-03-31 18:03:25', '2025-03-31 18:03:25'),
(68, 'ecommerce', 'yohannes Girma', NULL, NULL, NULL, NULL, NULL, NULL, '0919816033', 'kaquwel@mailinator.com', 'Yes', 10, 1, '14.633645', '33.54305', '2025-05-21 17:53:14', '2025-05-21 17:53:14'),
(69, 'ecommerce', 'Tana Rivers', NULL, NULL, NULL, NULL, NULL, NULL, '+1 (202) 607-9022', 'xyleb@mailinator.com', 'Yes', 10, 1, '9.885502', '41.274196', '2025-05-21 17:54:25', '2025-05-21 17:54:25'),
(70, 'ecommerce', 'Yared Ayele Debela', NULL, NULL, NULL, NULL, NULL, NULL, '0002651113', 'h.ayele@gmail.com', 'No', 10, 1, '5.12173', '34.322279', '2025-05-21 17:57:02', '2025-05-21 17:57:02'),
(71, 'ecommerce', 'vendor_', NULL, NULL, NULL, NULL, NULL, NULL, '0912600113', 'vendor_@gmail.com', 'Yes', 10, 1, '5.343358', '40.655548', '2025-06-05 10:18:57', '2025-06-05 10:18:57'),
(72, 'ecommerce', 'aslkfjalk', NULL, NULL, NULL, NULL, NULL, NULL, '0912699113', 'adminn@gmail.com', 'Yes', 10, 1, '4.428231', '47.554898', '2025-06-05 10:32:56', '2025-06-05 10:32:56'),
(73, 'ecommerce', 'alkdfjkjklfafl a', NULL, NULL, NULL, NULL, NULL, NULL, '0910001113', 'asdfa@gmail.com', 'Yes', 10, 1, '9.046174', '41.643134', '2025-06-05 10:43:03', '2025-06-05 10:43:03'),
(75, 'hotel', 'sample', NULL, NULL, NULL, NULL, NULL, NULL, '0911651113', 'yaredo@gmail.com', 'Yes', 10, 1, '9.023231', '43.225471', '2025-07-26 01:45:09', '2025-07-26 01:45:43');

-- --------------------------------------------------------

--
-- Table structure for table `vendors_bank_details`
--

CREATE TABLE `vendors_bank_details` (
  `id` bigint(20) UNSIGNED NOT NULL,
  `vendor_id` bigint(20) UNSIGNED NOT NULL,
  `account_holder_name` varchar(255) DEFAULT NULL,
  `bank_name` varchar(255) DEFAULT NULL,
  `account_number` varchar(255) DEFAULT NULL,
  `created_at` timestamp NULL DEFAULT NULL,
  `updated_at` timestamp NULL DEFAULT NULL
) ENGINE=InnoDB DEFAULT CHARSET=utf8mb4 COLLATE=utf8mb4_unicode_ci;

--
-- Dumping data for table `vendors_bank_details`
--

INSERT INTO `vendors_bank_details` (`id`, `vendor_id`, `account_holder_name`, `bank_name`, `account_number`, `created_at`, `updated_at`) VALUES
(1, 1, 'Vendor', 'Awash', '100001101010293', NULL, NULL);

-- --------------------------------------------------------

--
-- Table structure for table `vendors_business_details`
--

CREATE TABLE `vendors_business_details` (
  `id` bigint(20) UNSIGNED NOT NULL,
  `vendor_id` bigint(20) UNSIGNED NOT NULL,
  `shop_name` varchar(255) DEFAULT NULL,
  `shop_image` varchar(255) DEFAULT NULL,
  `shop_address` varchar(255) DEFAULT NULL,
  `shop_city` varchar(255) DEFAULT NULL,
  `shop_state` varchar(255) DEFAULT NULL,
  `shop_country` varchar(255) DEFAULT NULL,
  `shop_pincode` varchar(255) DEFAULT NULL,
  `shop_mobile` varchar(255) DEFAULT NULL,
  `shop_website` varchar(255) DEFAULT NULL,
  `shop_email` varchar(255) DEFAULT NULL,
  `address_proof` varchar(255) DEFAULT NULL,
  `address_proof_image` varchar(255) DEFAULT NULL,
  `business_license_number` varchar(255) DEFAULT NULL,
  `created_at` timestamp NULL DEFAULT NULL,
  `updated_at` timestamp NULL DEFAULT NULL
) ENGINE=InnoDB DEFAULT CHARSET=utf8mb4 COLLATE=utf8mb4_unicode_ci;

-- --------------------------------------------------------

--
-- Table structure for table `vendor_wallets`
--

CREATE TABLE `vendor_wallets` (
  `id` bigint(20) UNSIGNED NOT NULL,
  `vendor_id` bigint(20) UNSIGNED NOT NULL,
  `available_balance` decimal(10,2) DEFAULT 0.00,
  `pending_balance` decimal(10,2) DEFAULT 0.00,
  `total_withdrawn` decimal(10,2) DEFAULT 0.00,
  `created_at` timestamp NULL DEFAULT NULL,
  `updated_at` timestamp NULL DEFAULT NULL
) ENGINE=InnoDB DEFAULT CHARSET=utf8mb4 COLLATE=utf8mb4_general_ci;

--
-- Dumping data for table `vendor_wallets`
--

INSERT INTO `vendor_wallets` (`id`, `vendor_id`, `available_balance`, `pending_balance`, `total_withdrawn`, `created_at`, `updated_at`) VALUES
(1, 0, 613.44, 0.00, 201.00, '2025-05-29 10:35:33', '2025-08-06 12:35:55');

-- --------------------------------------------------------

--
-- Table structure for table `vendor_wallet_transactions`
--

CREATE TABLE `vendor_wallet_transactions` (
  `id` bigint(20) UNSIGNED NOT NULL,
  `vendor_id` bigint(20) UNSIGNED NOT NULL,
  `type` enum('credit','debit') NOT NULL,
  `amount` decimal(10,2) NOT NULL,
  `description` text DEFAULT NULL,
  `created_at` timestamp NULL DEFAULT NULL,
  `updated_at` timestamp NULL DEFAULT NULL
) ENGINE=InnoDB DEFAULT CHARSET=utf8mb4 COLLATE=utf8mb4_general_ci;

--
-- Dumping data for table `vendor_wallet_transactions`
--

INSERT INTO `vendor_wallet_transactions` (`id`, `vendor_id`, `type`, `amount`, `description`, `created_at`, `updated_at`) VALUES
(1, 0, 'credit', 101.24, 'Earning from order #92', '2025-05-29 10:35:33', '2025-05-29 10:35:33'),
(2, 0, 'debit', 100.00, 'Withdrawal approved', '2025-05-29 14:09:49', '2025-05-29 14:09:49'),
(3, 0, 'credit', 152.99, 'Earning from order #94', '2025-06-09 12:56:23', '2025-06-09 12:56:23'),
(4, 1, 'credit', 3451.00, 'Earning from reservation #48', '2025-06-11 14:54:50', '2025-06-11 14:54:50'),
(5, 1, 'credit', 3451.00, 'Earning from reservation #49', '2025-06-11 14:59:44', '2025-06-11 14:59:44'),
(6, 0, 'debit', 100.00, 'Withdrawal approved', '2025-06-12 11:20:46', '2025-06-12 11:20:46'),
(7, 0, 'debit', 1.00, 'Withdrawal approved', '2025-06-12 11:20:50', '2025-06-12 11:20:50'),
(8, 0, 'credit', 0.00, 'Earning from order #96', '2025-06-16 09:56:08', '2025-06-16 09:56:08'),
(9, 0, 'credit', 0.00, 'Earning from order #97', '2025-06-16 09:58:05', '2025-06-16 09:58:05'),
(10, 0, 'credit', 0.00, 'Earning from order #98', '2025-06-16 09:58:25', '2025-06-16 09:58:25'),
(11, 0, 'credit', 0.00, 'Earning from order #99', '2025-06-16 10:02:12', '2025-06-16 10:02:12'),
(12, 0, 'credit', 152.99, 'Earning from order #100', '2025-06-16 10:06:50', '2025-06-16 10:06:50'),
(13, 0, 'credit', 0.00, 'Earning from order #101', '2025-06-18 09:37:34', '2025-06-18 09:37:34'),
(14, 0, 'credit', 0.00, 'Earning from order #102', '2025-06-18 09:38:17', '2025-06-18 09:38:17'),
(15, 0, 'credit', 101.24, 'Earning from order #103', '2025-06-18 09:45:28', '2025-06-18 09:45:28'),
(23, 0, 'credit', 152.99, 'Earning from order #105', '2025-08-06 12:35:28', '2025-08-06 12:35:28'),
(24, 0, 'credit', 152.99, 'Earning from order #106', '2025-08-06 12:35:55', '2025-08-06 12:35:55');

-- --------------------------------------------------------

--
-- Table structure for table `vendor_withdraw_requests`
--

CREATE TABLE `vendor_withdraw_requests` (
  `id` bigint(20) UNSIGNED NOT NULL,
  `vendor_id` bigint(20) UNSIGNED NOT NULL,
  `amount` decimal(10,2) NOT NULL,
  `status` enum('pending','approved','rejected') DEFAULT 'pending',
  `note` text DEFAULT NULL,
  `created_at` timestamp NULL DEFAULT NULL,
  `updated_at` timestamp NULL DEFAULT NULL
) ENGINE=InnoDB DEFAULT CHARSET=utf8mb4 COLLATE=utf8mb4_general_ci;

--
-- Dumping data for table `vendor_withdraw_requests`
--

INSERT INTO `vendor_withdraw_requests` (`id`, `vendor_id`, `amount`, `status`, `note`, `created_at`, `updated_at`) VALUES
(1, 0, 100.00, 'approved', 'sakdfjla fjlkas', '2025-05-29 13:44:37', '2025-05-29 14:09:49'),
(2, 0, 1.00, 'approved', NULL, '2025-05-29 14:26:57', '2025-06-12 11:20:50'),
(3, 0, 100.00, 'approved', NULL, '2025-06-12 11:20:10', '2025-06-12 11:20:46'),
(4, 1, 2000.00, 'pending', NULL, '2025-06-12 11:22:09', '2025-06-12 11:22:09'),
(5, 1, 200.00, 'pending', NULL, '2025-06-12 11:23:17', '2025-06-12 11:23:17');

-- --------------------------------------------------------

--
-- Table structure for table `were_houses`
--

CREATE TABLE `were_houses` (
  `id` bigint(20) UNSIGNED NOT NULL,
  `name` varchar(255) NOT NULL,
  `code` varchar(255) NOT NULL,
  `address` varchar(255) NOT NULL,
  `phone` varchar(255) NOT NULL,
  `email` varchar(255) NOT NULL,
  `country` varchar(255) NOT NULL,
  `state` varchar(255) NOT NULL,
  `status` varchar(255) NOT NULL,
  `created_at` timestamp NULL DEFAULT NULL,
  `updated_at` timestamp NULL DEFAULT NULL
) ENGINE=InnoDB DEFAULT CHARSET=utf8mb4 COLLATE=utf8mb4_unicode_ci;

--
-- Dumping data for table `were_houses`
--

INSERT INTO `were_houses` (`id`, `name`, `code`, `address`, `phone`, `email`, `country`, `state`, `status`, `created_at`, `updated_at`) VALUES
(1, 'default', '4404', 'Adama', '0912651113', 'default@gmail.com', 'Ethiopia', 'oromia', '1', '2023-11-16 19:15:29', '2024-06-12 13:35:12'),
(3, 'Bole', '10001', 'Quis sed tempor temp', '+1 (698) 531-9442', 'poletaxodo@mailinator.com', 'Ethiopia', 'oromia', '1', '2023-11-21 00:06:43', '2023-12-23 03:46:11'),
(4, 'Adama', '10010', 'Est debitis blandit', '+1 (202) 819-1141', 'qohoho@mailinator.com', 'Ethiopia', 'amahra', '1', '2023-11-25 02:35:37', '2023-11-25 02:35:37'),
(6, 'kolfe', '11100010', 'Addis Ababa', '0911555692', 'default@gmail.com', 'Ethiopia', 'Oromia', '1', '2023-12-07 22:54:25', NULL),
(7, 'DireWarehouse', '000002', 'Alias assumenda non', '+1 (362) 117-1586', 'dire@mailinator.com', 'Ethiopia', 'oromia', '1', '2024-01-03 07:34:11', '2024-01-03 07:34:16');

-- --------------------------------------------------------

--
-- Table structure for table `wishlists`
--

CREATE TABLE `wishlists` (
  `id` bigint(20) UNSIGNED NOT NULL,
  `user_id` bigint(20) UNSIGNED NOT NULL,
  `product_id` bigint(20) UNSIGNED NOT NULL,
  `created_at` timestamp NULL DEFAULT NULL,
  `updated_at` timestamp NULL DEFAULT NULL
) ENGINE=InnoDB DEFAULT CHARSET=utf8mb4 COLLATE=utf8mb4_unicode_ci;

--
-- Dumping data for table `wishlists`
--

INSERT INTO `wishlists` (`id`, `user_id`, `product_id`, `created_at`, `updated_at`) VALUES
(11, 4, 4, '2025-04-24 16:45:30', '2025-04-24 16:45:30'),
(15, 4, 8, '2025-08-16 09:14:01', '2025-08-16 09:14:01'),
(17, 4, 13, '2025-08-16 09:14:16', '2025-08-16 09:14:16'),
(21, 4, 11, '2025-08-16 09:14:43', '2025-08-16 09:14:43'),
(25, 4, 15, '2025-08-16 09:38:04', '2025-08-16 09:38:04');

-- --------------------------------------------------------

--
-- Table structure for table `withdrawal_requests`
--

CREATE TABLE `withdrawal_requests` (
  `id` bigint(20) UNSIGNED NOT NULL,
  `vendor_id` bigint(20) UNSIGNED NOT NULL,
  `amount` decimal(10,2) NOT NULL,
  `status` varchar(255) NOT NULL DEFAULT 'pending',
  `receipt` varchar(255) DEFAULT NULL,
  `description` varchar(255) DEFAULT NULL,
  `created_at` timestamp NULL DEFAULT NULL,
  `updated_at` timestamp NULL DEFAULT NULL
) ENGINE=InnoDB DEFAULT CHARSET=utf8mb4 COLLATE=utf8mb4_unicode_ci;

-- --------------------------------------------------------

--
-- Table structure for table `withdraw_settings`
--

CREATE TABLE `withdraw_settings` (
  `id` bigint(20) UNSIGNED NOT NULL,
  `amount` varchar(255) NOT NULL,
  `status` tinyint(2) NOT NULL DEFAULT 1,
  `created_at` timestamp NULL DEFAULT NULL,
  `updated_at` timestamp NULL DEFAULT NULL
) ENGINE=InnoDB DEFAULT CHARSET=utf8mb4 COLLATE=utf8mb4_unicode_ci;

--
-- Dumping data for table `withdraw_settings`
--

INSERT INTO `withdraw_settings` (`id`, `amount`, `status`, `created_at`, `updated_at`) VALUES
(2, '1000', 1, '2024-06-20 16:50:29', '2025-06-12 11:17:38');

--
-- Indexes for dumped tables
--

--
-- Indexes for table `account_deletion_requests`
--
ALTER TABLE `account_deletion_requests`
  ADD PRIMARY KEY (`id`);

--
-- Indexes for table `activity_logs`
--
ALTER TABLE `activity_logs`
  ADD PRIMARY KEY (`id`),
  ADD KEY `activity_logs_user_id_foreign` (`user_id`);

--
-- Indexes for table `admins`
--
ALTER TABLE `admins`
  ADD PRIMARY KEY (`id`);

--
-- Indexes for table `admin__user__roles`
--
ALTER TABLE `admin__user__roles`
  ADD PRIMARY KEY (`id`),
  ADD KEY `admin_id` (`admin_id`),
  ADD KEY `role_id` (`role_id`);

--
-- Indexes for table `advertisements`
--
ALTER TABLE `advertisements`
  ADD PRIMARY KEY (`id`);

--
-- Indexes for table `amenities`
--
ALTER TABLE `amenities`
  ADD PRIMARY KEY (`id`),
  ADD UNIQUE KEY `name` (`name`);

--
-- Indexes for table `appsettings`
--
ALTER TABLE `appsettings`
  ADD PRIMARY KEY (`id`);

--
-- Indexes for table `apps_countries`
--
ALTER TABLE `apps_countries`
  ADD PRIMARY KEY (`id`);

--
-- Indexes for table `assign_stock_product_to_delivery`
--
ALTER TABLE `assign_stock_product_to_delivery`
  ADD PRIMARY KEY (`id`),
  ADD KEY `delivery_man_id` (`delivery_man_id`),
  ADD KEY `transfer_stock_product_id` (`transfer_stock_product_id`);

--
-- Indexes for table `banks`
--
ALTER TABLE `banks`
  ADD PRIMARY KEY (`id`);

--
-- Indexes for table `banner`
--
ALTER TABLE `banner`
  ADD PRIMARY KEY (`id`);

--
-- Indexes for table `blogs`
--
ALTER TABLE `blogs`
  ADD PRIMARY KEY (`id`),
  ADD KEY `category_id` (`category_id`);

--
-- Indexes for table `blog_categories`
--
ALTER TABLE `blog_categories`
  ADD PRIMARY KEY (`id`);

--
-- Indexes for table `blog_comments`
--
ALTER TABLE `blog_comments`
  ADD PRIMARY KEY (`id`),
  ADD KEY `blog_id` (`blog_id`);

--
-- Indexes for table `brands`
--
ALTER TABLE `brands`
  ADD PRIMARY KEY (`id`);

--
-- Indexes for table `carts`
--
ALTER TABLE `carts`
  ADD PRIMARY KEY (`id`),
  ADD KEY `user_id` (`user_id`),
  ADD KEY `product_id` (`product_id`);

--
-- Indexes for table `categories`
--
ALTER TABLE `categories`
  ADD PRIMARY KEY (`id`),
  ADD KEY `group_id` (`group_id`);

--
-- Indexes for table `cities`
--
ALTER TABLE `cities`
  ADD PRIMARY KEY (`id`),
  ADD KEY `states_id` (`states_id`);

--
-- Indexes for table `cms_pages`
--
ALTER TABLE `cms_pages`
  ADD PRIMARY KEY (`id`);

--
-- Indexes for table `colors`
--
ALTER TABLE `colors`
  ADD PRIMARY KEY (`id`);

--
-- Indexes for table `coupons`
--
ALTER TABLE `coupons`
  ADD PRIMARY KEY (`id`),
  ADD KEY `vendor_id` (`vendor_id`);

--
-- Indexes for table `currencies`
--
ALTER TABLE `currencies`
  ADD PRIMARY KEY (`id`);

--
-- Indexes for table `custom_order`
--
ALTER TABLE `custom_order`
  ADD PRIMARY KEY (`id`);

--
-- Indexes for table `custom_order_products`
--
ALTER TABLE `custom_order_products`
  ADD PRIMARY KEY (`id`),
  ADD KEY `order_id` (`order_id`);

--
-- Indexes for table `deliverymen`
--
ALTER TABLE `deliverymen`
  ADD PRIMARY KEY (`id`);

--
-- Indexes for table `delivery_address`
--
ALTER TABLE `delivery_address`
  ADD PRIMARY KEY (`id`),
  ADD KEY `user_id` (`user_id`);

--
-- Indexes for table `delivery_man_tips`
--
ALTER TABLE `delivery_man_tips`
  ADD PRIMARY KEY (`id`),
  ADD KEY `fk_commission_delivery_man` (`delivery_man_id`);

--
-- Indexes for table `delivery_man_withdraw_requests`
--
ALTER TABLE `delivery_man_withdraw_requests`
  ADD PRIMARY KEY (`id`),
  ADD KEY `delivery_man_id` (`delivery_man_id`);

--
-- Indexes for table `delivery_notifications`
--
ALTER TABLE `delivery_notifications`
  ADD PRIMARY KEY (`id`),
  ADD KEY `order_id` (`order_id`);

--
-- Indexes for table `delivery_settings_ecommerce`
--
ALTER TABLE `delivery_settings_ecommerce`
  ADD PRIMARY KEY (`id`);

--
-- Indexes for table `delivery__boy__roles`
--
ALTER TABLE `delivery__boy__roles`
  ADD PRIMARY KEY (`id`),
  ADD KEY `delivery_boy_id` (`delivery_boy_id`),
  ADD KEY `role_id` (`role_id`);

--
-- Indexes for table `delivery__man__types`
--
ALTER TABLE `delivery__man__types`
  ADD PRIMARY KEY (`id`);

--
-- Indexes for table `delivery__zones`
--
ALTER TABLE `delivery__zones`
  ADD PRIMARY KEY (`id`);

--
-- Indexes for table `discounts`
--
ALTER TABLE `discounts`
  ADD PRIMARY KEY (`id`),
  ADD KEY `product_id` (`product_id`);

--
-- Indexes for table `ecommerce_orders_payment_info`
--
ALTER TABLE `ecommerce_orders_payment_info`
  ADD PRIMARY KEY (`id`),
  ADD KEY `orders_id` (`orders_id`),
  ADD KEY `user_id` (`user_id`);

--
-- Indexes for table `email_templates`
--
ALTER TABLE `email_templates`
  ADD PRIMARY KEY (`id`);

--
-- Indexes for table `failed_jobs`
--
ALTER TABLE `failed_jobs`
  ADD PRIMARY KEY (`id`);

--
-- Indexes for table `faq`
--
ALTER TABLE `faq`
  ADD PRIMARY KEY (`id`);

--
-- Indexes for table `flash_deals`
--
ALTER TABLE `flash_deals`
  ADD PRIMARY KEY (`id`);

--
-- Indexes for table `flash_deal_products`
--
ALTER TABLE `flash_deal_products`
  ADD PRIMARY KEY (`id`),
  ADD KEY `flash_deal_id` (`flash_deal_id`),
  ADD KEY `product_id` (`product_id`);

--
-- Indexes for table `groups`
--
ALTER TABLE `groups`
  ADD PRIMARY KEY (`id`);

--
-- Indexes for table `hotels`
--
ALTER TABLE `hotels`
  ADD PRIMARY KEY (`id`),
  ADD KEY `admin_id` (`admin_id`);

--
-- Indexes for table `hotel_amenities`
--
ALTER TABLE `hotel_amenities`
  ADD PRIMARY KEY (`id`),
  ADD KEY `hotel_id` (`hotel_id`),
  ADD KEY `amenity_id` (`amenity_id`);

--
-- Indexes for table `hotel_categories`
--
ALTER TABLE `hotel_categories`
  ADD PRIMARY KEY (`id`),
  ADD UNIQUE KEY `name` (`name`);

--
-- Indexes for table `hotel_coupons`
--
ALTER TABLE `hotel_coupons`
  ADD PRIMARY KEY (`id`),
  ADD UNIQUE KEY `code` (`code`),
  ADD KEY `admin_id` (`admin_id`);

--
-- Indexes for table `hotel_photos`
--
ALTER TABLE `hotel_photos`
  ADD PRIMARY KEY (`id`),
  ADD KEY `hotel_id` (`hotel_id`);

--
-- Indexes for table `hotel_reservation_payment_info`
--
ALTER TABLE `hotel_reservation_payment_info`
  ADD PRIMARY KEY (`id`),
  ADD KEY `user_id` (`user_id`),
  ADD KEY `reservation_id` (`reservation_id`);

--
-- Indexes for table `hotel_reviews`
--
ALTER TABLE `hotel_reviews`
  ADD PRIMARY KEY (`id`),
  ADD KEY `user_id` (`user_id`),
  ADD KEY `hotel_id` (`hotel_id`),
  ADD KEY `room_id` (`room_id`);

--
-- Indexes for table `hotel_slider_banners`
--
ALTER TABLE `hotel_slider_banners`
  ADD PRIMARY KEY (`id`);

--
-- Indexes for table `invoice_settings`
--
ALTER TABLE `invoice_settings`
  ADD PRIMARY KEY (`id`);

--
-- Indexes for table `jobs`
--
ALTER TABLE `jobs`
  ADD PRIMARY KEY (`id`),
  ADD KEY `jobs_queue_index` (`queue`);

--
-- Indexes for table `manager_warehouse`
--
ALTER TABLE `manager_warehouse`
  ADD PRIMARY KEY (`id`),
  ADD KEY `manager_id` (`manager_id`),
  ADD KEY `warehouse_id` (`warehouse_id`);

--
-- Indexes for table `migrations`
--
ALTER TABLE `migrations`
  ADD PRIMARY KEY (`id`);

--
-- Indexes for table `months`
--
ALTER TABLE `months`
  ADD PRIMARY KEY (`id`);

--
-- Indexes for table `newsletter_subscribers`
--
ALTER TABLE `newsletter_subscribers`
  ADD PRIMARY KEY (`id`);

--
-- Indexes for table `notifications`
--
ALTER TABLE `notifications`
  ADD PRIMARY KEY (`id`),
  ADD KEY `notifications_user_id_foreign` (`user_id`);

--
-- Indexes for table `offers`
--
ALTER TABLE `offers`
  ADD PRIMARY KEY (`id`),
  ADD KEY `offers_product_id_foreign` (`product_id`),
  ADD KEY `user_id` (`user_id`);

--
-- Indexes for table `orders`
--
ALTER TABLE `orders`
  ADD PRIMARY KEY (`id`),
  ADD KEY `user_id` (`user_id`);

--
-- Indexes for table `orders_logs`
--
ALTER TABLE `orders_logs`
  ADD PRIMARY KEY (`id`),
  ADD KEY `order_id` (`order_id`);

--
-- Indexes for table `orders_products`
--
ALTER TABLE `orders_products`
  ADD PRIMARY KEY (`id`),
  ADD KEY `order_id` (`order_id`),
  ADD KEY `user_id` (`user_id`),
  ADD KEY `product_id` (`product_id`);

--
-- Indexes for table `order_item_status`
--
ALTER TABLE `order_item_status`
  ADD PRIMARY KEY (`id`);

--
-- Indexes for table `order_status`
--
ALTER TABLE `order_status`
  ADD PRIMARY KEY (`id`);

--
-- Indexes for table `out_of_stock_requests`
--
ALTER TABLE `out_of_stock_requests`
  ADD PRIMARY KEY (`id`),
  ADD KEY `fk_product` (`product_id`),
  ADD KEY `fk_customer` (`customer_id`),
  ADD KEY `fk_vendor` (`vendor_id`);

--
-- Indexes for table `payments`
--
ALTER TABLE `payments`
  ADD PRIMARY KEY (`id`),
  ADD KEY `user_id` (`user_id`),
  ADD KEY `order_id` (`order_id`);

--
-- Indexes for table `permissions`
--
ALTER TABLE `permissions`
  ADD PRIMARY KEY (`id`),
  ADD KEY `category_id` (`category_id`);

--
-- Indexes for table `permission_categories`
--
ALTER TABLE `permission_categories`
  ADD PRIMARY KEY (`id`);

--
-- Indexes for table `price_plans`
--
ALTER TABLE `price_plans`
  ADD PRIMARY KEY (`id`);

--
-- Indexes for table `products`
--
ALTER TABLE `products`
  ADD PRIMARY KEY (`id`),
  ADD KEY `category_id` (`category_id`),
  ADD KEY `brand_id` (`brand_id`),
  ADD KEY `group_id` (`group_id`),
  ADD KEY `admin_id` (`admin_id`);

--
-- Indexes for table `products_attributes`
--
ALTER TABLE `products_attributes`
  ADD PRIMARY KEY (`id`),
  ADD KEY `product_id` (`product_id`),
  ADD KEY `warehouse_id` (`warehouse_id`);

--
-- Indexes for table `products_filters`
--
ALTER TABLE `products_filters`
  ADD PRIMARY KEY (`id`),
  ADD KEY `cat_ids` (`cat_ids`);

--
-- Indexes for table `products_filters_values`
--
ALTER TABLE `products_filters_values`
  ADD PRIMARY KEY (`id`),
  ADD KEY `filter_id` (`filter_id`);

--
-- Indexes for table `products_images`
--
ALTER TABLE `products_images`
  ADD PRIMARY KEY (`id`),
  ADD KEY `product_id` (`product_id`);

--
-- Indexes for table `product_month`
--
ALTER TABLE `product_month`
  ADD PRIMARY KEY (`id`),
  ADD KEY `product_month_product_id_foreign` (`product_id`),
  ADD KEY `product_month_month_id_foreign` (`month_id`);

--
-- Indexes for table `ratings`
--
ALTER TABLE `ratings`
  ADD PRIMARY KEY (`id`),
  ADD KEY `user_id` (`user_id`),
  ADD KEY `product_id` (`product_id`);

--
-- Indexes for table `recently_viewed_products`
--
ALTER TABLE `recently_viewed_products`
  ADD PRIMARY KEY (`id`),
  ADD KEY `product_id` (`product_id`);

--
-- Indexes for table `reservations`
--
ALTER TABLE `reservations`
  ADD PRIMARY KEY (`id`),
  ADD KEY `user_id` (`user_id`),
  ADD KEY `hotel_id` (`hotel_id`),
  ADD KEY `room_id` (`room_id`);

--
-- Indexes for table `restaurants`
--
ALTER TABLE `restaurants`
  ADD PRIMARY KEY (`id`),
  ADD UNIQUE KEY `email` (`email`),
  ADD KEY `fk_restaurants_admin` (`admin_id`);

--
-- Indexes for table `restaurant_cart_items`
--
ALTER TABLE `restaurant_cart_items`
  ADD PRIMARY KEY (`id`),
  ADD KEY `cart_items_user_id_foreign` (`user_id`);

--
-- Indexes for table `restaurant_categories`
--
ALTER TABLE `restaurant_categories`
  ADD PRIMARY KEY (`id`),
  ADD UNIQUE KEY `slug` (`slug`);

--
-- Indexes for table `restaurant_cities`
--
ALTER TABLE `restaurant_cities`
  ADD PRIMARY KEY (`id`);

--
-- Indexes for table `restaurant_coupons`
--
ALTER TABLE `restaurant_coupons`
  ADD PRIMARY KEY (`id`),
  ADD UNIQUE KEY `code` (`code`),
  ADD KEY `admin_id` (`admin_id`);

--
-- Indexes for table `restaurant_images`
--
ALTER TABLE `restaurant_images`
  ADD PRIMARY KEY (`id`),
  ADD KEY `fk_restaurant_images_restaurant` (`restaurant_id`);

--
-- Indexes for table `restaurant_menus`
--
ALTER TABLE `restaurant_menus`
  ADD PRIMARY KEY (`id`),
  ADD UNIQUE KEY `slug` (`slug`);

--
-- Indexes for table `restaurant_orders`
--
ALTER TABLE `restaurant_orders`
  ADD PRIMARY KEY (`id`),
  ADD KEY `fk_orders_user` (`user_id`);

--
-- Indexes for table `restaurant_orders_payment_info`
--
ALTER TABLE `restaurant_orders_payment_info`
  ADD PRIMARY KEY (`id`),
  ADD KEY `restaurant_orders_id` (`restaurant_orders_id`),
  ADD KEY `user_id` (`user_id`);

--
-- Indexes for table `restaurant_order_items`
--
ALTER TABLE `restaurant_order_items`
  ADD PRIMARY KEY (`id`),
  ADD KEY `fk_order_items_order` (`order_id`),
  ADD KEY `fk_order_items_product` (`product_id`);

--
-- Indexes for table `restaurant_products`
--
ALTER TABLE `restaurant_products`
  ADD PRIMARY KEY (`id`),
  ADD KEY `city_id` (`city_id`),
  ADD KEY `category_id` (`category_id`),
  ADD KEY `menu_id` (`menu_id`),
  ADD KEY `subcategory_id` (`subcategory_id`);

--
-- Indexes for table `restaurant_products_ratings`
--
ALTER TABLE `restaurant_products_ratings`
  ADD PRIMARY KEY (`id`),
  ADD KEY `product_id` (`product_id`),
  ADD KEY `user_id` (`user_id`);

--
-- Indexes for table `restaurant_product_images`
--
ALTER TABLE `restaurant_product_images`
  ADD PRIMARY KEY (`id`),
  ADD KEY `product_id` (`product_id`);

--
-- Indexes for table `restaurant_product_sizes`
--
ALTER TABLE `restaurant_product_sizes`
  ADD PRIMARY KEY (`id`),
  ADD KEY `product_id` (`product_id`);

--
-- Indexes for table `restaurant_ratings`
--
ALTER TABLE `restaurant_ratings`
  ADD PRIMARY KEY (`id`),
  ADD KEY `user_id` (`user_id`),
  ADD KEY `restaurant_id` (`restaurant_id`);

--
-- Indexes for table `restaurant_slider_banners`
--
ALTER TABLE `restaurant_slider_banners`
  ADD PRIMARY KEY (`id`);

--
-- Indexes for table `restaurant_subcategories`
--
ALTER TABLE `restaurant_subcategories`
  ADD PRIMARY KEY (`id`),
  ADD KEY `category_id` (`category_id`);

--
-- Indexes for table `restaurant_wishlists`
--
ALTER TABLE `restaurant_wishlists`
  ADD PRIMARY KEY (`id`),
  ADD KEY `user_id` (`user_id`),
  ADD KEY `restaurant_wishlists_ibfk_2` (`product_id`);

--
-- Indexes for table `return_requests`
--
ALTER TABLE `return_requests`
  ADD PRIMARY KEY (`id`),
  ADD KEY `order_id` (`order_id`),
  ADD KEY `user_id` (`user_id`);

--
-- Indexes for table `roles`
--
ALTER TABLE `roles`
  ADD PRIMARY KEY (`id`);

--
-- Indexes for table `role__permissions`
--
ALTER TABLE `role__permissions`
  ADD PRIMARY KEY (`id`),
  ADD KEY `role_id` (`role_id`),
  ADD KEY `permission_id` (`permission_id`);

--
-- Indexes for table `rooms`
--
ALTER TABLE `rooms`
  ADD PRIMARY KEY (`id`),
  ADD KEY `hotel_id` (`hotel_id`);

--
-- Indexes for table `room_amenities`
--
ALTER TABLE `room_amenities`
  ADD PRIMARY KEY (`id`),
  ADD KEY `amenity_id` (`amenity_id`),
  ADD KEY `rooms_id` (`rooms_id`);

--
-- Indexes for table `room_photos`
--
ALTER TABLE `room_photos`
  ADD PRIMARY KEY (`id`),
  ADD KEY `fk_room_images_room` (`room_id`);

--
-- Indexes for table `room_types`
--
ALTER TABLE `room_types`
  ADD PRIMARY KEY (`id`);

--
-- Indexes for table `sales_commissions`
--
ALTER TABLE `sales_commissions`
  ADD PRIMARY KEY (`id`),
  ADD KEY `sales_commissions_salesperson_id_foreign` (`salesperson_id`),
  ADD KEY `sales_commissions_order_id_foreign` (`order_id`),
  ADD KEY `sales_commissions_product_id_foreign` (`product_id`);

--
-- Indexes for table `sales_main_commissions`
--
ALTER TABLE `sales_main_commissions`
  ADD PRIMARY KEY (`id`);

--
-- Indexes for table `sales_users`
--
ALTER TABLE `sales_users`
  ADD PRIMARY KEY (`id`),
  ADD UNIQUE KEY `sales_users_email_unique` (`email`);

--
-- Indexes for table `sessions`
--
ALTER TABLE `sessions`
  ADD KEY `user_id` (`user_id`);

--
-- Indexes for table `shipping_charges`
--
ALTER TABLE `shipping_charges`
  ADD PRIMARY KEY (`id`);

--
-- Indexes for table `shipping_methods`
--
ALTER TABLE `shipping_methods`
  ADD PRIMARY KEY (`id`);

--
-- Indexes for table `shipping_method_prices`
--
ALTER TABLE `shipping_method_prices`
  ADD PRIMARY KEY (`id`),
  ADD KEY `zone_id` (`zone_id`),
  ADD KEY `shipping_method_id` (`shipping_method_id`);

--
-- Indexes for table `shipping_method_zone`
--
ALTER TABLE `shipping_method_zone`
  ADD PRIMARY KEY (`id`),
  ADD KEY `shipping_method_zone_shipping_method_id_foreign` (`shipping_method_id`),
  ADD KEY `shipping_method_zone_shipping_zone_id_foreign` (`shipping_zone_id`);

--
-- Indexes for table `shipping_zones`
--
ALTER TABLE `shipping_zones`
  ADD PRIMARY KEY (`id`);

--
-- Indexes for table `states`
--
ALTER TABLE `states`
  ADD PRIMARY KEY (`id`),
  ADD KEY `country_id` (`country_id`);

--
-- Indexes for table `streets`
--
ALTER TABLE `streets`
  ADD PRIMARY KEY (`id`),
  ADD KEY `streets_sub_city_id_foreign` (`sub_city_id`);

--
-- Indexes for table `sub_cities`
--
ALTER TABLE `sub_cities`
  ADD PRIMARY KEY (`id`),
  ADD KEY `sub_cities_city_id_foreign` (`city_id`);

--
-- Indexes for table `taxes`
--
ALTER TABLE `taxes`
  ADD PRIMARY KEY (`id`);

--
-- Indexes for table `temp_users`
--
ALTER TABLE `temp_users`
  ADD PRIMARY KEY (`id`),
  ADD UNIQUE KEY `mobile` (`mobile`);

--
-- Indexes for table `tip`
--
ALTER TABLE `tip`
  ADD PRIMARY KEY (`id`);

--
-- Indexes for table `transfer_requests`
--
ALTER TABLE `transfer_requests`
  ADD PRIMARY KEY (`id`),
  ADD KEY `from_warehouse_id` (`from_warehouse_id`),
  ADD KEY `to_warehouse_id` (`to_warehouse_id`),
  ADD KEY `product_id` (`product_id`);

--
-- Indexes for table `transfer_stock_products`
--
ALTER TABLE `transfer_stock_products`
  ADD PRIMARY KEY (`id`),
  ADD KEY `from_warehouse_id` (`from_warehouse_id`),
  ADD KEY `to_warehouse_id` (`to_warehouse_id`),
  ADD KEY `product_id` (`product_id`);

--
-- Indexes for table `users`
--
ALTER TABLE `users`
  ADD PRIMARY KEY (`id`);

--
-- Indexes for table `vehicle__types`
--
ALTER TABLE `vehicle__types`
  ADD PRIMARY KEY (`id`);

--
-- Indexes for table `vendor`
--
ALTER TABLE `vendor`
  ADD PRIMARY KEY (`id`);

--
-- Indexes for table `vendors_bank_details`
--
ALTER TABLE `vendors_bank_details`
  ADD PRIMARY KEY (`id`),
  ADD KEY `vendor_id` (`vendor_id`);

--
-- Indexes for table `vendors_business_details`
--
ALTER TABLE `vendors_business_details`
  ADD PRIMARY KEY (`id`),
  ADD KEY `vendor_id` (`vendor_id`);

--
-- Indexes for table `vendor_wallets`
--
ALTER TABLE `vendor_wallets`
  ADD PRIMARY KEY (`id`),
  ADD KEY `vendor_id` (`vendor_id`);

--
-- Indexes for table `vendor_wallet_transactions`
--
ALTER TABLE `vendor_wallet_transactions`
  ADD PRIMARY KEY (`id`),
  ADD KEY `vendor_id` (`vendor_id`);

--
-- Indexes for table `vendor_withdraw_requests`
--
ALTER TABLE `vendor_withdraw_requests`
  ADD PRIMARY KEY (`id`),
  ADD KEY `vendor_id` (`vendor_id`);

--
-- Indexes for table `were_houses`
--
ALTER TABLE `were_houses`
  ADD PRIMARY KEY (`id`);

--
-- Indexes for table `wishlists`
--
ALTER TABLE `wishlists`
  ADD PRIMARY KEY (`id`),
  ADD KEY `user_id` (`user_id`),
  ADD KEY `product_id` (`product_id`);

--
-- Indexes for table `withdrawal_requests`
--
ALTER TABLE `withdrawal_requests`
  ADD PRIMARY KEY (`id`),
  ADD KEY `withdrawal_requests_vendor_id_foreign` (`vendor_id`);

--
-- Indexes for table `withdraw_settings`
--
ALTER TABLE `withdraw_settings`
  ADD PRIMARY KEY (`id`);

--
-- AUTO_INCREMENT for dumped tables
--

--
-- AUTO_INCREMENT for table `account_deletion_requests`
--
ALTER TABLE `account_deletion_requests`
  MODIFY `id` bigint(20) UNSIGNED NOT NULL AUTO_INCREMENT, AUTO_INCREMENT=4;

--
-- AUTO_INCREMENT for table `activity_logs`
--
ALTER TABLE `activity_logs`
  MODIFY `id` bigint(20) UNSIGNED NOT NULL AUTO_INCREMENT, AUTO_INCREMENT=565;

--
-- AUTO_INCREMENT for table `admins`
--
ALTER TABLE `admins`
  MODIFY `id` bigint(20) UNSIGNED NOT NULL AUTO_INCREMENT, AUTO_INCREMENT=30;

--
-- AUTO_INCREMENT for table `admin__user__roles`
--
ALTER TABLE `admin__user__roles`
  MODIFY `id` bigint(20) UNSIGNED NOT NULL AUTO_INCREMENT, AUTO_INCREMENT=22;

--
-- AUTO_INCREMENT for table `advertisements`
--
ALTER TABLE `advertisements`
  MODIFY `id` bigint(20) UNSIGNED NOT NULL AUTO_INCREMENT, AUTO_INCREMENT=12;

--
-- AUTO_INCREMENT for table `amenities`
--
ALTER TABLE `amenities`
  MODIFY `id` bigint(20) UNSIGNED NOT NULL AUTO_INCREMENT, AUTO_INCREMENT=13;

--
-- AUTO_INCREMENT for table `appsettings`
--
ALTER TABLE `appsettings`
  MODIFY `id` bigint(20) UNSIGNED NOT NULL AUTO_INCREMENT, AUTO_INCREMENT=2;

--
-- AUTO_INCREMENT for table `apps_countries`
--
ALTER TABLE `apps_countries`
  MODIFY `id` int(11) NOT NULL AUTO_INCREMENT, AUTO_INCREMENT=3;

--
-- AUTO_INCREMENT for table `assign_stock_product_to_delivery`
--
ALTER TABLE `assign_stock_product_to_delivery`
  MODIFY `id` bigint(20) UNSIGNED NOT NULL AUTO_INCREMENT, AUTO_INCREMENT=5;

--
-- AUTO_INCREMENT for table `banks`
--
ALTER TABLE `banks`
  MODIFY `id` int(11) NOT NULL AUTO_INCREMENT, AUTO_INCREMENT=4;

--
-- AUTO_INCREMENT for table `banner`
--
ALTER TABLE `banner`
  MODIFY `id` bigint(20) UNSIGNED NOT NULL AUTO_INCREMENT, AUTO_INCREMENT=11;

--
-- AUTO_INCREMENT for table `blogs`
--
ALTER TABLE `blogs`
  MODIFY `id` bigint(20) UNSIGNED NOT NULL AUTO_INCREMENT, AUTO_INCREMENT=5;

--
-- AUTO_INCREMENT for table `blog_categories`
--
ALTER TABLE `blog_categories`
  MODIFY `id` bigint(20) UNSIGNED NOT NULL AUTO_INCREMENT, AUTO_INCREMENT=6;

--
-- AUTO_INCREMENT for table `blog_comments`
--
ALTER TABLE `blog_comments`
  MODIFY `id` bigint(20) UNSIGNED NOT NULL AUTO_INCREMENT, AUTO_INCREMENT=3;

--
-- AUTO_INCREMENT for table `brands`
--
ALTER TABLE `brands`
  MODIFY `id` bigint(20) UNSIGNED NOT NULL AUTO_INCREMENT, AUTO_INCREMENT=21;

--
-- AUTO_INCREMENT for table `carts`
--
ALTER TABLE `carts`
  MODIFY `id` bigint(20) UNSIGNED NOT NULL AUTO_INCREMENT, AUTO_INCREMENT=72;

--
-- AUTO_INCREMENT for table `categories`
--
ALTER TABLE `categories`
  MODIFY `id` bigint(20) UNSIGNED NOT NULL AUTO_INCREMENT, AUTO_INCREMENT=34;

--
-- AUTO_INCREMENT for table `cities`
--
ALTER TABLE `cities`
  MODIFY `id` bigint(20) UNSIGNED NOT NULL AUTO_INCREMENT, AUTO_INCREMENT=15;

--
-- AUTO_INCREMENT for table `cms_pages`
--
ALTER TABLE `cms_pages`
  MODIFY `id` bigint(20) UNSIGNED NOT NULL AUTO_INCREMENT, AUTO_INCREMENT=11;

--
-- AUTO_INCREMENT for table `colors`
--
ALTER TABLE `colors`
  MODIFY `id` bigint(20) UNSIGNED NOT NULL AUTO_INCREMENT, AUTO_INCREMENT=15;

--
-- AUTO_INCREMENT for table `coupons`
--
ALTER TABLE `coupons`
  MODIFY `id` bigint(20) UNSIGNED NOT NULL AUTO_INCREMENT, AUTO_INCREMENT=4;

--
-- AUTO_INCREMENT for table `currencies`
--
ALTER TABLE `currencies`
  MODIFY `id` int(255) NOT NULL AUTO_INCREMENT, AUTO_INCREMENT=3;

--
-- AUTO_INCREMENT for table `custom_order`
--
ALTER TABLE `custom_order`
  MODIFY `id` int(11) NOT NULL AUTO_INCREMENT, AUTO_INCREMENT=16;

--
-- AUTO_INCREMENT for table `custom_order_products`
--
ALTER TABLE `custom_order_products`
  MODIFY `id` int(11) NOT NULL AUTO_INCREMENT, AUTO_INCREMENT=20;

--
-- AUTO_INCREMENT for table `deliverymen`
--
ALTER TABLE `deliverymen`
  MODIFY `id` bigint(20) UNSIGNED NOT NULL AUTO_INCREMENT, AUTO_INCREMENT=16;

--
-- AUTO_INCREMENT for table `delivery_address`
--
ALTER TABLE `delivery_address`
  MODIFY `id` bigint(20) UNSIGNED NOT NULL AUTO_INCREMENT, AUTO_INCREMENT=19;

--
-- AUTO_INCREMENT for table `delivery_man_tips`
--
ALTER TABLE `delivery_man_tips`
  MODIFY `id` bigint(20) UNSIGNED NOT NULL AUTO_INCREMENT, AUTO_INCREMENT=9;

--
-- AUTO_INCREMENT for table `delivery_man_withdraw_requests`
--
ALTER TABLE `delivery_man_withdraw_requests`
  MODIFY `id` bigint(20) UNSIGNED NOT NULL AUTO_INCREMENT, AUTO_INCREMENT=8;

--
-- AUTO_INCREMENT for table `delivery_notifications`
--
ALTER TABLE `delivery_notifications`
  MODIFY `id` int(11) NOT NULL AUTO_INCREMENT, AUTO_INCREMENT=4;

--
-- AUTO_INCREMENT for table `delivery_settings_ecommerce`
--
ALTER TABLE `delivery_settings_ecommerce`
  MODIFY `id` int(20) NOT NULL AUTO_INCREMENT, AUTO_INCREMENT=2;

--
-- AUTO_INCREMENT for table `delivery__boy__roles`
--
ALTER TABLE `delivery__boy__roles`
  MODIFY `id` bigint(20) UNSIGNED NOT NULL AUTO_INCREMENT, AUTO_INCREMENT=2;

--
-- AUTO_INCREMENT for table `delivery__man__types`
--
ALTER TABLE `delivery__man__types`
  MODIFY `id` bigint(20) UNSIGNED NOT NULL AUTO_INCREMENT, AUTO_INCREMENT=4;

--
-- AUTO_INCREMENT for table `delivery__zones`
--
ALTER TABLE `delivery__zones`
  MODIFY `id` bigint(20) UNSIGNED NOT NULL AUTO_INCREMENT, AUTO_INCREMENT=7;

--
-- AUTO_INCREMENT for table `discounts`
--
ALTER TABLE `discounts`
  MODIFY `id` bigint(20) UNSIGNED NOT NULL AUTO_INCREMENT, AUTO_INCREMENT=16;

--
-- AUTO_INCREMENT for table `ecommerce_orders_payment_info`
--
ALTER TABLE `ecommerce_orders_payment_info`
  MODIFY `id` int(11) NOT NULL AUTO_INCREMENT, AUTO_INCREMENT=3;

--
-- AUTO_INCREMENT for table `email_templates`
--
ALTER TABLE `email_templates`
  MODIFY `id` bigint(20) UNSIGNED NOT NULL AUTO_INCREMENT, AUTO_INCREMENT=5;

--
-- AUTO_INCREMENT for table `failed_jobs`
--
ALTER TABLE `failed_jobs`
  MODIFY `id` bigint(20) UNSIGNED NOT NULL AUTO_INCREMENT;

--
-- AUTO_INCREMENT for table `faq`
--
ALTER TABLE `faq`
  MODIFY `id` bigint(20) NOT NULL AUTO_INCREMENT, AUTO_INCREMENT=10;

--
-- AUTO_INCREMENT for table `flash_deals`
--
ALTER TABLE `flash_deals`
  MODIFY `id` bigint(20) UNSIGNED NOT NULL AUTO_INCREMENT, AUTO_INCREMENT=5;

--
-- AUTO_INCREMENT for table `flash_deal_products`
--
ALTER TABLE `flash_deal_products`
  MODIFY `id` bigint(20) UNSIGNED NOT NULL AUTO_INCREMENT, AUTO_INCREMENT=20;

--
-- AUTO_INCREMENT for table `groups`
--
ALTER TABLE `groups`
  MODIFY `id` bigint(20) UNSIGNED NOT NULL AUTO_INCREMENT, AUTO_INCREMENT=15;

--
-- AUTO_INCREMENT for table `hotels`
--
ALTER TABLE `hotels`
  MODIFY `id` bigint(20) UNSIGNED NOT NULL AUTO_INCREMENT, AUTO_INCREMENT=21;

--
-- AUTO_INCREMENT for table `hotel_amenities`
--
ALTER TABLE `hotel_amenities`
  MODIFY `id` bigint(20) UNSIGNED NOT NULL AUTO_INCREMENT, AUTO_INCREMENT=18;

--
-- AUTO_INCREMENT for table `hotel_categories`
--
ALTER TABLE `hotel_categories`
  MODIFY `id` bigint(20) UNSIGNED NOT NULL AUTO_INCREMENT, AUTO_INCREMENT=14;

--
-- AUTO_INCREMENT for table `hotel_coupons`
--
ALTER TABLE `hotel_coupons`
  MODIFY `id` bigint(20) UNSIGNED NOT NULL AUTO_INCREMENT, AUTO_INCREMENT=6;

--
-- AUTO_INCREMENT for table `hotel_photos`
--
ALTER TABLE `hotel_photos`
  MODIFY `id` bigint(20) UNSIGNED NOT NULL AUTO_INCREMENT, AUTO_INCREMENT=30;

--
-- AUTO_INCREMENT for table `hotel_reservation_payment_info`
--
ALTER TABLE `hotel_reservation_payment_info`
  MODIFY `id` int(11) NOT NULL AUTO_INCREMENT, AUTO_INCREMENT=13;

--
-- AUTO_INCREMENT for table `hotel_reviews`
--
ALTER TABLE `hotel_reviews`
  MODIFY `id` bigint(20) UNSIGNED NOT NULL AUTO_INCREMENT, AUTO_INCREMENT=29;

--
-- AUTO_INCREMENT for table `hotel_slider_banners`
--
ALTER TABLE `hotel_slider_banners`
  MODIFY `id` bigint(20) UNSIGNED NOT NULL AUTO_INCREMENT, AUTO_INCREMENT=14;

--
-- AUTO_INCREMENT for table `invoice_settings`
--
ALTER TABLE `invoice_settings`
  MODIFY `id` bigint(20) UNSIGNED NOT NULL AUTO_INCREMENT, AUTO_INCREMENT=3;

--
-- AUTO_INCREMENT for table `jobs`
--
ALTER TABLE `jobs`
  MODIFY `id` bigint(20) UNSIGNED NOT NULL AUTO_INCREMENT;

--
-- AUTO_INCREMENT for table `manager_warehouse`
--
ALTER TABLE `manager_warehouse`
  MODIFY `id` int(11) NOT NULL AUTO_INCREMENT, AUTO_INCREMENT=11;

--
-- AUTO_INCREMENT for table `migrations`
--
ALTER TABLE `migrations`
  MODIFY `id` int(10) UNSIGNED NOT NULL AUTO_INCREMENT, AUTO_INCREMENT=16;

--
-- AUTO_INCREMENT for table `months`
--
ALTER TABLE `months`
  MODIFY `id` bigint(20) UNSIGNED NOT NULL AUTO_INCREMENT, AUTO_INCREMENT=13;

--
-- AUTO_INCREMENT for table `newsletter_subscribers`
--
ALTER TABLE `newsletter_subscribers`
  MODIFY `id` bigint(20) UNSIGNED NOT NULL AUTO_INCREMENT, AUTO_INCREMENT=7;

--
-- AUTO_INCREMENT for table `notifications`
--
ALTER TABLE `notifications`
  MODIFY `id` bigint(20) UNSIGNED NOT NULL AUTO_INCREMENT, AUTO_INCREMENT=70;

--
-- AUTO_INCREMENT for table `offers`
--
ALTER TABLE `offers`
  MODIFY `id` bigint(20) UNSIGNED NOT NULL AUTO_INCREMENT, AUTO_INCREMENT=4;

--
-- AUTO_INCREMENT for table `orders`
--
ALTER TABLE `orders`
  MODIFY `id` bigint(20) UNSIGNED NOT NULL AUTO_INCREMENT, AUTO_INCREMENT=107;

--
-- AUTO_INCREMENT for table `orders_logs`
--
ALTER TABLE `orders_logs`
  MODIFY `id` bigint(20) UNSIGNED NOT NULL AUTO_INCREMENT, AUTO_INCREMENT=28;

--
-- AUTO_INCREMENT for table `orders_products`
--
ALTER TABLE `orders_products`
  MODIFY `id` bigint(20) UNSIGNED NOT NULL AUTO_INCREMENT, AUTO_INCREMENT=91;

--
-- AUTO_INCREMENT for table `order_item_status`
--
ALTER TABLE `order_item_status`
  MODIFY `id` bigint(20) UNSIGNED NOT NULL AUTO_INCREMENT, AUTO_INCREMENT=9;

--
-- AUTO_INCREMENT for table `order_status`
--
ALTER TABLE `order_status`
  MODIFY `id` bigint(20) UNSIGNED NOT NULL AUTO_INCREMENT, AUTO_INCREMENT=20;

--
-- AUTO_INCREMENT for table `out_of_stock_requests`
--
ALTER TABLE `out_of_stock_requests`
  MODIFY `id` bigint(20) UNSIGNED NOT NULL AUTO_INCREMENT, AUTO_INCREMENT=15;

--
-- AUTO_INCREMENT for table `payments`
--
ALTER TABLE `payments`
  MODIFY `id` bigint(20) UNSIGNED NOT NULL AUTO_INCREMENT, AUTO_INCREMENT=7;

--
-- AUTO_INCREMENT for table `permissions`
--
ALTER TABLE `permissions`
  MODIFY `id` bigint(20) UNSIGNED NOT NULL AUTO_INCREMENT, AUTO_INCREMENT=299;

--
-- AUTO_INCREMENT for table `permission_categories`
--
ALTER TABLE `permission_categories`
  MODIFY `id` bigint(20) UNSIGNED NOT NULL AUTO_INCREMENT, AUTO_INCREMENT=47;

--
-- AUTO_INCREMENT for table `price_plans`
--
ALTER TABLE `price_plans`
  MODIFY `id` bigint(20) UNSIGNED NOT NULL AUTO_INCREMENT, AUTO_INCREMENT=5;

--
-- AUTO_INCREMENT for table `products`
--
ALTER TABLE `products`
  MODIFY `id` bigint(20) UNSIGNED NOT NULL AUTO_INCREMENT, AUTO_INCREMENT=71;

--
-- AUTO_INCREMENT for table `products_attributes`
--
ALTER TABLE `products_attributes`
  MODIFY `id` bigint(20) UNSIGNED NOT NULL AUTO_INCREMENT, AUTO_INCREMENT=28;

--
-- AUTO_INCREMENT for table `products_filters`
--
ALTER TABLE `products_filters`
  MODIFY `id` bigint(20) UNSIGNED NOT NULL AUTO_INCREMENT, AUTO_INCREMENT=7;

--
-- AUTO_INCREMENT for table `products_filters_values`
--
ALTER TABLE `products_filters_values`
  MODIFY `id` bigint(20) UNSIGNED NOT NULL AUTO_INCREMENT, AUTO_INCREMENT=8;

--
-- AUTO_INCREMENT for table `products_images`
--
ALTER TABLE `products_images`
  MODIFY `id` bigint(20) UNSIGNED NOT NULL AUTO_INCREMENT, AUTO_INCREMENT=39;

--
-- AUTO_INCREMENT for table `product_month`
--
ALTER TABLE `product_month`
  MODIFY `id` bigint(20) UNSIGNED NOT NULL AUTO_INCREMENT, AUTO_INCREMENT=29;

--
-- AUTO_INCREMENT for table `ratings`
--
ALTER TABLE `ratings`
  MODIFY `id` bigint(20) UNSIGNED NOT NULL AUTO_INCREMENT, AUTO_INCREMENT=5;

--
-- AUTO_INCREMENT for table `recently_viewed_products`
--
ALTER TABLE `recently_viewed_products`
  MODIFY `id` bigint(20) UNSIGNED NOT NULL AUTO_INCREMENT, AUTO_INCREMENT=135;

--
-- AUTO_INCREMENT for table `reservations`
--
ALTER TABLE `reservations`
  MODIFY `id` bigint(20) UNSIGNED NOT NULL AUTO_INCREMENT, AUTO_INCREMENT=56;

--
-- AUTO_INCREMENT for table `restaurants`
--
ALTER TABLE `restaurants`
  MODIFY `id` bigint(20) UNSIGNED NOT NULL AUTO_INCREMENT, AUTO_INCREMENT=24;

--
-- AUTO_INCREMENT for table `restaurant_cart_items`
--
ALTER TABLE `restaurant_cart_items`
  MODIFY `id` bigint(20) UNSIGNED NOT NULL AUTO_INCREMENT, AUTO_INCREMENT=41;

--
-- AUTO_INCREMENT for table `restaurant_categories`
--
ALTER TABLE `restaurant_categories`
  MODIFY `id` bigint(20) UNSIGNED NOT NULL AUTO_INCREMENT, AUTO_INCREMENT=39;

--
-- AUTO_INCREMENT for table `restaurant_cities`
--
ALTER TABLE `restaurant_cities`
  MODIFY `id` bigint(20) UNSIGNED NOT NULL AUTO_INCREMENT, AUTO_INCREMENT=4;

--
-- AUTO_INCREMENT for table `restaurant_coupons`
--
ALTER TABLE `restaurant_coupons`
  MODIFY `id` bigint(20) UNSIGNED NOT NULL AUTO_INCREMENT, AUTO_INCREMENT=6;

--
-- AUTO_INCREMENT for table `restaurant_images`
--
ALTER TABLE `restaurant_images`
  MODIFY `id` bigint(20) UNSIGNED NOT NULL AUTO_INCREMENT, AUTO_INCREMENT=32;

--
-- AUTO_INCREMENT for table `restaurant_menus`
--
ALTER TABLE `restaurant_menus`
  MODIFY `id` bigint(20) UNSIGNED NOT NULL AUTO_INCREMENT, AUTO_INCREMENT=9;

--
-- AUTO_INCREMENT for table `restaurant_orders`
--
ALTER TABLE `restaurant_orders`
  MODIFY `id` bigint(20) UNSIGNED NOT NULL AUTO_INCREMENT, AUTO_INCREMENT=51;

--
-- AUTO_INCREMENT for table `restaurant_orders_payment_info`
--
ALTER TABLE `restaurant_orders_payment_info`
  MODIFY `id` int(11) NOT NULL AUTO_INCREMENT, AUTO_INCREMENT=4;

--
-- AUTO_INCREMENT for table `restaurant_order_items`
--
ALTER TABLE `restaurant_order_items`
  MODIFY `id` bigint(20) UNSIGNED NOT NULL AUTO_INCREMENT, AUTO_INCREMENT=50;

--
-- AUTO_INCREMENT for table `restaurant_products`
--
ALTER TABLE `restaurant_products`
  MODIFY `id` bigint(20) UNSIGNED NOT NULL AUTO_INCREMENT, AUTO_INCREMENT=25;

--
-- AUTO_INCREMENT for table `restaurant_products_ratings`
--
ALTER TABLE `restaurant_products_ratings`
  MODIFY `id` bigint(20) UNSIGNED NOT NULL AUTO_INCREMENT, AUTO_INCREMENT=6;

--
-- AUTO_INCREMENT for table `restaurant_product_images`
--
ALTER TABLE `restaurant_product_images`
  MODIFY `id` bigint(20) UNSIGNED NOT NULL AUTO_INCREMENT, AUTO_INCREMENT=54;

--
-- AUTO_INCREMENT for table `restaurant_product_sizes`
--
ALTER TABLE `restaurant_product_sizes`
  MODIFY `id` bigint(20) UNSIGNED NOT NULL AUTO_INCREMENT, AUTO_INCREMENT=14;

--
-- AUTO_INCREMENT for table `restaurant_ratings`
--
ALTER TABLE `restaurant_ratings`
  MODIFY `id` bigint(20) UNSIGNED NOT NULL AUTO_INCREMENT, AUTO_INCREMENT=3;

--
-- AUTO_INCREMENT for table `restaurant_slider_banners`
--
ALTER TABLE `restaurant_slider_banners`
  MODIFY `id` bigint(20) UNSIGNED NOT NULL AUTO_INCREMENT, AUTO_INCREMENT=9;

--
-- AUTO_INCREMENT for table `restaurant_subcategories`
--
ALTER TABLE `restaurant_subcategories`
  MODIFY `id` bigint(20) NOT NULL AUTO_INCREMENT, AUTO_INCREMENT=13;

--
-- AUTO_INCREMENT for table `restaurant_wishlists`
--
ALTER TABLE `restaurant_wishlists`
  MODIFY `id` bigint(20) UNSIGNED NOT NULL AUTO_INCREMENT, AUTO_INCREMENT=45;

--
-- AUTO_INCREMENT for table `return_requests`
--
ALTER TABLE `return_requests`
  MODIFY `id` bigint(20) UNSIGNED NOT NULL AUTO_INCREMENT, AUTO_INCREMENT=2;

--
-- AUTO_INCREMENT for table `roles`
--
ALTER TABLE `roles`
  MODIFY `id` bigint(20) UNSIGNED NOT NULL AUTO_INCREMENT, AUTO_INCREMENT=14;

--
-- AUTO_INCREMENT for table `role__permissions`
--
ALTER TABLE `role__permissions`
  MODIFY `id` bigint(20) UNSIGNED NOT NULL AUTO_INCREMENT, AUTO_INCREMENT=745;

--
-- AUTO_INCREMENT for table `rooms`
--
ALTER TABLE `rooms`
  MODIFY `id` bigint(20) UNSIGNED NOT NULL AUTO_INCREMENT, AUTO_INCREMENT=35;

--
-- AUTO_INCREMENT for table `room_amenities`
--
ALTER TABLE `room_amenities`
  MODIFY `id` bigint(20) UNSIGNED NOT NULL AUTO_INCREMENT, AUTO_INCREMENT=42;

--
-- AUTO_INCREMENT for table `room_photos`
--
ALTER TABLE `room_photos`
  MODIFY `id` bigint(20) UNSIGNED NOT NULL AUTO_INCREMENT, AUTO_INCREMENT=42;

--
-- AUTO_INCREMENT for table `room_types`
--
ALTER TABLE `room_types`
  MODIFY `id` bigint(20) UNSIGNED NOT NULL AUTO_INCREMENT, AUTO_INCREMENT=4;

--
-- AUTO_INCREMENT for table `sales_commissions`
--
ALTER TABLE `sales_commissions`
  MODIFY `id` bigint(20) UNSIGNED NOT NULL AUTO_INCREMENT, AUTO_INCREMENT=4;

--
-- AUTO_INCREMENT for table `sales_main_commissions`
--
ALTER TABLE `sales_main_commissions`
  MODIFY `id` bigint(20) UNSIGNED NOT NULL AUTO_INCREMENT, AUTO_INCREMENT=3;

--
-- AUTO_INCREMENT for table `sales_users`
--
ALTER TABLE `sales_users`
  MODIFY `id` bigint(20) UNSIGNED NOT NULL AUTO_INCREMENT, AUTO_INCREMENT=9;

--
-- AUTO_INCREMENT for table `shipping_charges`
--
ALTER TABLE `shipping_charges`
  MODIFY `id` bigint(20) UNSIGNED NOT NULL AUTO_INCREMENT, AUTO_INCREMENT=261;

--
-- AUTO_INCREMENT for table `shipping_methods`
--
ALTER TABLE `shipping_methods`
  MODIFY `id` bigint(20) UNSIGNED NOT NULL AUTO_INCREMENT, AUTO_INCREMENT=31;

--
-- AUTO_INCREMENT for table `shipping_method_prices`
--
ALTER TABLE `shipping_method_prices`
  MODIFY `id` bigint(20) UNSIGNED NOT NULL AUTO_INCREMENT, AUTO_INCREMENT=47;

--
-- AUTO_INCREMENT for table `shipping_method_zone`
--
ALTER TABLE `shipping_method_zone`
  MODIFY `id` bigint(20) UNSIGNED NOT NULL AUTO_INCREMENT, AUTO_INCREMENT=35;

--
-- AUTO_INCREMENT for table `shipping_zones`
--
ALTER TABLE `shipping_zones`
  MODIFY `id` bigint(20) UNSIGNED NOT NULL AUTO_INCREMENT, AUTO_INCREMENT=11;

--
-- AUTO_INCREMENT for table `states`
--
ALTER TABLE `states`
  MODIFY `id` bigint(20) UNSIGNED NOT NULL AUTO_INCREMENT, AUTO_INCREMENT=12;

--
-- AUTO_INCREMENT for table `streets`
--
ALTER TABLE `streets`
  MODIFY `id` bigint(20) UNSIGNED NOT NULL AUTO_INCREMENT, AUTO_INCREMENT=4;

--
-- AUTO_INCREMENT for table `sub_cities`
--
ALTER TABLE `sub_cities`
  MODIFY `id` bigint(20) UNSIGNED NOT NULL AUTO_INCREMENT, AUTO_INCREMENT=4;

--
-- AUTO_INCREMENT for table `taxes`
--
ALTER TABLE `taxes`
  MODIFY `id` bigint(20) UNSIGNED NOT NULL AUTO_INCREMENT, AUTO_INCREMENT=6;

--
-- AUTO_INCREMENT for table `temp_users`
--
ALTER TABLE `temp_users`
  MODIFY `id` bigint(20) UNSIGNED NOT NULL AUTO_INCREMENT, AUTO_INCREMENT=3;

--
-- AUTO_INCREMENT for table `tip`
--
ALTER TABLE `tip`
  MODIFY `id` int(11) NOT NULL AUTO_INCREMENT, AUTO_INCREMENT=6;

--
-- AUTO_INCREMENT for table `transfer_requests`
--
ALTER TABLE `transfer_requests`
  MODIFY `id` bigint(20) UNSIGNED NOT NULL AUTO_INCREMENT, AUTO_INCREMENT=3;

--
-- AUTO_INCREMENT for table `transfer_stock_products`
--
ALTER TABLE `transfer_stock_products`
  MODIFY `id` bigint(20) UNSIGNED NOT NULL AUTO_INCREMENT, AUTO_INCREMENT=3;

--
-- AUTO_INCREMENT for table `users`
--
ALTER TABLE `users`
  MODIFY `id` bigint(20) UNSIGNED NOT NULL AUTO_INCREMENT, AUTO_INCREMENT=34;

--
-- AUTO_INCREMENT for table `vehicle__types`
--
ALTER TABLE `vehicle__types`
  MODIFY `id` bigint(20) UNSIGNED NOT NULL AUTO_INCREMENT, AUTO_INCREMENT=3;

--
-- AUTO_INCREMENT for table `vendor`
--
ALTER TABLE `vendor`
  MODIFY `id` bigint(20) UNSIGNED NOT NULL AUTO_INCREMENT, AUTO_INCREMENT=78;

--
-- AUTO_INCREMENT for table `vendors_bank_details`
--
ALTER TABLE `vendors_bank_details`
  MODIFY `id` bigint(20) UNSIGNED NOT NULL AUTO_INCREMENT, AUTO_INCREMENT=5;

--
-- AUTO_INCREMENT for table `vendors_business_details`
--
ALTER TABLE `vendors_business_details`
  MODIFY `id` bigint(20) UNSIGNED NOT NULL AUTO_INCREMENT, AUTO_INCREMENT=3;

--
-- AUTO_INCREMENT for table `vendor_wallets`
--
ALTER TABLE `vendor_wallets`
  MODIFY `id` bigint(20) UNSIGNED NOT NULL AUTO_INCREMENT, AUTO_INCREMENT=3;

--
-- AUTO_INCREMENT for table `vendor_wallet_transactions`
--
ALTER TABLE `vendor_wallet_transactions`
  MODIFY `id` bigint(20) UNSIGNED NOT NULL AUTO_INCREMENT, AUTO_INCREMENT=25;

--
-- AUTO_INCREMENT for table `vendor_withdraw_requests`
--
ALTER TABLE `vendor_withdraw_requests`
  MODIFY `id` bigint(20) UNSIGNED NOT NULL AUTO_INCREMENT, AUTO_INCREMENT=6;

--
-- AUTO_INCREMENT for table `were_houses`
--
ALTER TABLE `were_houses`
  MODIFY `id` bigint(20) UNSIGNED NOT NULL AUTO_INCREMENT, AUTO_INCREMENT=8;

--
-- AUTO_INCREMENT for table `wishlists`
--
ALTER TABLE `wishlists`
  MODIFY `id` bigint(20) UNSIGNED NOT NULL AUTO_INCREMENT, AUTO_INCREMENT=26;

--
-- AUTO_INCREMENT for table `withdrawal_requests`
--
ALTER TABLE `withdrawal_requests`
  MODIFY `id` bigint(20) UNSIGNED NOT NULL AUTO_INCREMENT, AUTO_INCREMENT=6;

--
-- AUTO_INCREMENT for table `withdraw_settings`
--
ALTER TABLE `withdraw_settings`
  MODIFY `id` bigint(20) UNSIGNED NOT NULL AUTO_INCREMENT, AUTO_INCREMENT=3;

--
-- Constraints for dumped tables
--

--
-- Constraints for table `activity_logs`
--
ALTER TABLE `activity_logs`
  ADD CONSTRAINT `activity_logs_user_id_foreign` FOREIGN KEY (`user_id`) REFERENCES `admins` (`id`) ON DELETE CASCADE;

--
-- Constraints for table `admin__user__roles`
--
ALTER TABLE `admin__user__roles`
  ADD CONSTRAINT `admin__user__roles_ibfk_1` FOREIGN KEY (`admin_id`) REFERENCES `admins` (`id`) ON DELETE CASCADE ON UPDATE CASCADE,
  ADD CONSTRAINT `admin__user__roles_ibfk_2` FOREIGN KEY (`role_id`) REFERENCES `roles` (`id`) ON DELETE CASCADE ON UPDATE CASCADE;

--
-- Constraints for table `assign_stock_product_to_delivery`
--
ALTER TABLE `assign_stock_product_to_delivery`
  ADD CONSTRAINT `assign_stock_product_to_delivery_ibfk_1` FOREIGN KEY (`delivery_man_id`) REFERENCES `deliverymen` (`id`) ON DELETE CASCADE ON UPDATE CASCADE,
  ADD CONSTRAINT `assign_stock_product_to_delivery_ibfk_2` FOREIGN KEY (`transfer_stock_product_id`) REFERENCES `transfer_stock_products` (`id`) ON DELETE CASCADE ON UPDATE CASCADE;

--
-- Constraints for table `blogs`
--
ALTER TABLE `blogs`
  ADD CONSTRAINT `blogs_ibfk_1` FOREIGN KEY (`category_id`) REFERENCES `blog_categories` (`id`) ON DELETE CASCADE ON UPDATE CASCADE;

--
-- Constraints for table `blog_comments`
--
ALTER TABLE `blog_comments`
  ADD CONSTRAINT `blog_comments_ibfk_1` FOREIGN KEY (`blog_id`) REFERENCES `blogs` (`id`) ON DELETE CASCADE ON UPDATE CASCADE;

--
-- Constraints for table `carts`
--
ALTER TABLE `carts`
  ADD CONSTRAINT `carts_ibfk_2` FOREIGN KEY (`product_id`) REFERENCES `products` (`id`) ON DELETE CASCADE ON UPDATE CASCADE;

--
-- Constraints for table `categories`
--
ALTER TABLE `categories`
  ADD CONSTRAINT `categories_ibfk_1` FOREIGN KEY (`group_id`) REFERENCES `groups` (`id`) ON DELETE CASCADE ON UPDATE CASCADE;

--
-- Constraints for table `cities`
--
ALTER TABLE `cities`
  ADD CONSTRAINT `cities_ibfk_1` FOREIGN KEY (`states_id`) REFERENCES `states` (`id`) ON DELETE CASCADE ON UPDATE CASCADE;

--
-- Constraints for table `coupons`
--
ALTER TABLE `coupons`
  ADD CONSTRAINT `coupons_ibfk_1` FOREIGN KEY (`vendor_id`) REFERENCES `vendor` (`id`) ON DELETE CASCADE ON UPDATE CASCADE;

--
-- Constraints for table `custom_order_products`
--
ALTER TABLE `custom_order_products`
  ADD CONSTRAINT `custom_order_products_ibfk_1` FOREIGN KEY (`order_id`) REFERENCES `custom_order` (`id`) ON DELETE CASCADE ON UPDATE CASCADE;

--
-- Constraints for table `delivery_address`
--
ALTER TABLE `delivery_address`
  ADD CONSTRAINT `delivery_address_ibfk_1` FOREIGN KEY (`user_id`) REFERENCES `users` (`id`) ON DELETE CASCADE ON UPDATE CASCADE;

--
-- Constraints for table `delivery_man_tips`
--
ALTER TABLE `delivery_man_tips`
  ADD CONSTRAINT `fk_commission_delivery_man` FOREIGN KEY (`delivery_man_id`) REFERENCES `deliverymen` (`id`) ON DELETE CASCADE;

--
-- Constraints for table `delivery_man_withdraw_requests`
--
ALTER TABLE `delivery_man_withdraw_requests`
  ADD CONSTRAINT `delivery_man_withdraw_requests_ibfk_1` FOREIGN KEY (`delivery_man_id`) REFERENCES `deliverymen` (`id`) ON DELETE CASCADE ON UPDATE CASCADE;

--
-- Constraints for table `delivery_notifications`
--
ALTER TABLE `delivery_notifications`
  ADD CONSTRAINT `delivery_notifications_ibfk_1` FOREIGN KEY (`order_id`) REFERENCES `restaurant_orders` (`id`) ON DELETE CASCADE ON UPDATE CASCADE;

--
-- Constraints for table `delivery__boy__roles`
--
ALTER TABLE `delivery__boy__roles`
  ADD CONSTRAINT `delivery__boy__roles_ibfk_1` FOREIGN KEY (`delivery_boy_id`) REFERENCES `deliverymen` (`id`) ON DELETE CASCADE ON UPDATE CASCADE,
  ADD CONSTRAINT `delivery__boy__roles_ibfk_2` FOREIGN KEY (`role_id`) REFERENCES `roles` (`id`) ON DELETE CASCADE ON UPDATE CASCADE;

--
-- Constraints for table `discounts`
--
ALTER TABLE `discounts`
  ADD CONSTRAINT `discounts_ibfk_1` FOREIGN KEY (`product_id`) REFERENCES `products` (`id`) ON DELETE CASCADE ON UPDATE CASCADE;

--
-- Constraints for table `ecommerce_orders_payment_info`
--
ALTER TABLE `ecommerce_orders_payment_info`
  ADD CONSTRAINT `ecommerce_orders_payment_info_ibfk_1` FOREIGN KEY (`orders_id`) REFERENCES `orders` (`id`) ON DELETE CASCADE ON UPDATE CASCADE,
  ADD CONSTRAINT `ecommerce_orders_payment_info_ibfk_2` FOREIGN KEY (`user_id`) REFERENCES `users` (`id`) ON DELETE CASCADE ON UPDATE CASCADE;

--
-- Constraints for table `flash_deal_products`
--
ALTER TABLE `flash_deal_products`
  ADD CONSTRAINT `flash_deal_products_ibfk_1` FOREIGN KEY (`flash_deal_id`) REFERENCES `flash_deals` (`id`) ON DELETE CASCADE ON UPDATE CASCADE,
  ADD CONSTRAINT `flash_deal_products_ibfk_2` FOREIGN KEY (`product_id`) REFERENCES `products` (`id`) ON DELETE CASCADE ON UPDATE CASCADE;

--
-- Constraints for table `hotels`
--
ALTER TABLE `hotels`
  ADD CONSTRAINT `hotels_ibfk_1` FOREIGN KEY (`admin_id`) REFERENCES `admins` (`id`) ON DELETE CASCADE ON UPDATE CASCADE;

--
-- Constraints for table `hotel_amenities`
--
ALTER TABLE `hotel_amenities`
  ADD CONSTRAINT `hotel_amenities_ibfk_1` FOREIGN KEY (`hotel_id`) REFERENCES `hotels` (`id`) ON DELETE CASCADE,
  ADD CONSTRAINT `hotel_amenities_ibfk_2` FOREIGN KEY (`amenity_id`) REFERENCES `amenities` (`id`) ON DELETE CASCADE;

--
-- Constraints for table `hotel_coupons`
--
ALTER TABLE `hotel_coupons`
  ADD CONSTRAINT `hotel_coupons_ibfk_1` FOREIGN KEY (`admin_id`) REFERENCES `admins` (`id`) ON DELETE CASCADE ON UPDATE CASCADE;

--
-- Constraints for table `hotel_photos`
--
ALTER TABLE `hotel_photos`
  ADD CONSTRAINT `hotel_photos_ibfk_1` FOREIGN KEY (`hotel_id`) REFERENCES `hotels` (`id`) ON DELETE CASCADE;

--
-- Constraints for table `hotel_reservation_payment_info`
--
ALTER TABLE `hotel_reservation_payment_info`
  ADD CONSTRAINT `hotel_reservation_payment_info_ibfk_1` FOREIGN KEY (`user_id`) REFERENCES `users` (`id`) ON DELETE CASCADE ON UPDATE CASCADE,
  ADD CONSTRAINT `hotel_reservation_payment_info_ibfk_2` FOREIGN KEY (`reservation_id`) REFERENCES `reservations` (`id`) ON DELETE CASCADE ON UPDATE CASCADE;

--
-- Constraints for table `hotel_reviews`
--
ALTER TABLE `hotel_reviews`
  ADD CONSTRAINT `hotel_reviews_ibfk_1` FOREIGN KEY (`user_id`) REFERENCES `users` (`id`) ON DELETE CASCADE,
  ADD CONSTRAINT `hotel_reviews_ibfk_2` FOREIGN KEY (`hotel_id`) REFERENCES `hotels` (`id`) ON DELETE CASCADE,
  ADD CONSTRAINT `hotel_reviews_ibfk_3` FOREIGN KEY (`room_id`) REFERENCES `rooms` (`id`) ON DELETE CASCADE ON UPDATE CASCADE;

--
-- Constraints for table `manager_warehouse`
--
ALTER TABLE `manager_warehouse`
  ADD CONSTRAINT `manager_warehouse_ibfk_1` FOREIGN KEY (`manager_id`) REFERENCES `admins` (`id`) ON DELETE CASCADE ON UPDATE CASCADE,
  ADD CONSTRAINT `manager_warehouse_ibfk_2` FOREIGN KEY (`warehouse_id`) REFERENCES `were_houses` (`id`) ON DELETE CASCADE ON UPDATE CASCADE;

--
-- Constraints for table `notifications`
--
ALTER TABLE `notifications`
  ADD CONSTRAINT `notifications_user_id_foreign` FOREIGN KEY (`user_id`) REFERENCES `users` (`id`) ON DELETE CASCADE;

--
-- Constraints for table `offers`
--
ALTER TABLE `offers`
  ADD CONSTRAINT `offers_ibfk_1` FOREIGN KEY (`user_id`) REFERENCES `users` (`id`) ON DELETE CASCADE ON UPDATE CASCADE,
  ADD CONSTRAINT `offers_product_id_foreign` FOREIGN KEY (`product_id`) REFERENCES `products` (`id`) ON DELETE CASCADE ON UPDATE CASCADE;

--
-- Constraints for table `orders`
--
ALTER TABLE `orders`
  ADD CONSTRAINT `orders_ibfk_1` FOREIGN KEY (`user_id`) REFERENCES `users` (`id`) ON DELETE CASCADE ON UPDATE CASCADE;

--
-- Constraints for table `orders_logs`
--
ALTER TABLE `orders_logs`
  ADD CONSTRAINT `orders_logs_ibfk_1` FOREIGN KEY (`order_id`) REFERENCES `orders` (`id`) ON DELETE CASCADE ON UPDATE CASCADE;

--
-- Constraints for table `orders_products`
--
ALTER TABLE `orders_products`
  ADD CONSTRAINT `orders_products_ibfk_1` FOREIGN KEY (`order_id`) REFERENCES `orders` (`id`) ON DELETE CASCADE ON UPDATE CASCADE,
  ADD CONSTRAINT `orders_products_ibfk_2` FOREIGN KEY (`user_id`) REFERENCES `users` (`id`) ON DELETE CASCADE ON UPDATE CASCADE,
  ADD CONSTRAINT `orders_products_ibfk_3` FOREIGN KEY (`product_id`) REFERENCES `products` (`id`) ON DELETE CASCADE ON UPDATE CASCADE;

--
-- Constraints for table `out_of_stock_requests`
--
ALTER TABLE `out_of_stock_requests`
  ADD CONSTRAINT `fk_customer` FOREIGN KEY (`customer_id`) REFERENCES `users` (`id`) ON DELETE CASCADE,
  ADD CONSTRAINT `fk_product` FOREIGN KEY (`product_id`) REFERENCES `products` (`id`) ON DELETE CASCADE;

--
-- Constraints for table `payments`
--
ALTER TABLE `payments`
  ADD CONSTRAINT `payments_ibfk_1` FOREIGN KEY (`order_id`) REFERENCES `orders` (`id`) ON DELETE CASCADE ON UPDATE CASCADE,
  ADD CONSTRAINT `payments_ibfk_2` FOREIGN KEY (`user_id`) REFERENCES `users` (`id`) ON DELETE CASCADE ON UPDATE CASCADE;

--
-- Constraints for table `permissions`
--
ALTER TABLE `permissions`
  ADD CONSTRAINT `permissions_ibfk_1` FOREIGN KEY (`category_id`) REFERENCES `permission_categories` (`id`) ON DELETE CASCADE ON UPDATE CASCADE;

--
-- Constraints for table `products`
--
ALTER TABLE `products`
  ADD CONSTRAINT `products_ibfk_1` FOREIGN KEY (`category_id`) REFERENCES `categories` (`id`) ON DELETE CASCADE ON UPDATE CASCADE,
  ADD CONSTRAINT `products_ibfk_2` FOREIGN KEY (`brand_id`) REFERENCES `brands` (`id`) ON DELETE CASCADE ON UPDATE CASCADE,
  ADD CONSTRAINT `products_ibfk_3` FOREIGN KEY (`group_id`) REFERENCES `groups` (`id`) ON DELETE CASCADE ON UPDATE CASCADE;

--
-- Constraints for table `products_attributes`
--
ALTER TABLE `products_attributes`
  ADD CONSTRAINT `products_attributes_ibfk_1` FOREIGN KEY (`product_id`) REFERENCES `products` (`id`) ON DELETE CASCADE ON UPDATE CASCADE,
  ADD CONSTRAINT `products_attributes_ibfk_2` FOREIGN KEY (`warehouse_id`) REFERENCES `were_houses` (`id`) ON DELETE CASCADE ON UPDATE CASCADE;

--
-- Constraints for table `products_filters`
--
ALTER TABLE `products_filters`
  ADD CONSTRAINT `products_filters_ibfk_1` FOREIGN KEY (`cat_ids`) REFERENCES `categories` (`id`) ON DELETE CASCADE ON UPDATE CASCADE;

--
-- Constraints for table `products_filters_values`
--
ALTER TABLE `products_filters_values`
  ADD CONSTRAINT `products_filters_values_ibfk_1` FOREIGN KEY (`filter_id`) REFERENCES `products_filters` (`id`) ON DELETE CASCADE ON UPDATE CASCADE;

--
-- Constraints for table `products_images`
--
ALTER TABLE `products_images`
  ADD CONSTRAINT `products_images_ibfk_1` FOREIGN KEY (`product_id`) REFERENCES `products` (`id`) ON DELETE CASCADE ON UPDATE CASCADE;

--
-- Constraints for table `product_month`
--
ALTER TABLE `product_month`
  ADD CONSTRAINT `product_month_month_id_foreign` FOREIGN KEY (`month_id`) REFERENCES `months` (`id`) ON DELETE CASCADE,
  ADD CONSTRAINT `product_month_product_id_foreign` FOREIGN KEY (`product_id`) REFERENCES `products` (`id`) ON DELETE CASCADE;

--
-- Constraints for table `ratings`
--
ALTER TABLE `ratings`
  ADD CONSTRAINT `ratings_ibfk_1` FOREIGN KEY (`user_id`) REFERENCES `users` (`id`) ON DELETE CASCADE ON UPDATE CASCADE,
  ADD CONSTRAINT `ratings_ibfk_2` FOREIGN KEY (`product_id`) REFERENCES `products` (`id`) ON DELETE CASCADE ON UPDATE CASCADE;

--
-- Constraints for table `recently_viewed_products`
--
ALTER TABLE `recently_viewed_products`
  ADD CONSTRAINT `recently_viewed_products_ibfk_1` FOREIGN KEY (`product_id`) REFERENCES `products` (`id`) ON DELETE CASCADE ON UPDATE CASCADE;

--
-- Constraints for table `reservations`
--
ALTER TABLE `reservations`
  ADD CONSTRAINT `reservations_ibfk_1` FOREIGN KEY (`user_id`) REFERENCES `users` (`id`) ON DELETE CASCADE ON UPDATE CASCADE,
  ADD CONSTRAINT `reservations_ibfk_2` FOREIGN KEY (`hotel_id`) REFERENCES `hotels` (`id`) ON DELETE CASCADE ON UPDATE CASCADE,
  ADD CONSTRAINT `reservations_ibfk_3` FOREIGN KEY (`room_id`) REFERENCES `rooms` (`id`) ON DELETE CASCADE ON UPDATE CASCADE;

--
-- Constraints for table `restaurants`
--
ALTER TABLE `restaurants`
  ADD CONSTRAINT `fk_restaurants_admin` FOREIGN KEY (`admin_id`) REFERENCES `admins` (`id`) ON DELETE CASCADE;

--
-- Constraints for table `restaurant_cart_items`
--
ALTER TABLE `restaurant_cart_items`
  ADD CONSTRAINT `cart_items_user_id_foreign` FOREIGN KEY (`user_id`) REFERENCES `users` (`id`) ON DELETE CASCADE;

--
-- Constraints for table `restaurant_coupons`
--
ALTER TABLE `restaurant_coupons`
  ADD CONSTRAINT `restaurant_coupons_ibfk_1` FOREIGN KEY (`admin_id`) REFERENCES `admins` (`id`) ON DELETE CASCADE ON UPDATE CASCADE;

--
-- Constraints for table `restaurant_images`
--
ALTER TABLE `restaurant_images`
  ADD CONSTRAINT `fk_restaurant_images_restaurant` FOREIGN KEY (`restaurant_id`) REFERENCES `restaurants` (`id`) ON DELETE CASCADE;

--
-- Constraints for table `restaurant_orders`
--
ALTER TABLE `restaurant_orders`
  ADD CONSTRAINT `fk_orders_user` FOREIGN KEY (`user_id`) REFERENCES `users` (`id`) ON DELETE CASCADE;

--
-- Constraints for table `restaurant_orders_payment_info`
--
ALTER TABLE `restaurant_orders_payment_info`
  ADD CONSTRAINT `restaurant_orders_payment_info_ibfk_1` FOREIGN KEY (`restaurant_orders_id`) REFERENCES `restaurant_orders` (`id`) ON DELETE CASCADE ON UPDATE CASCADE,
  ADD CONSTRAINT `restaurant_orders_payment_info_ibfk_2` FOREIGN KEY (`user_id`) REFERENCES `users` (`id`) ON DELETE CASCADE ON UPDATE CASCADE;

--
-- Constraints for table `restaurant_order_items`
--
ALTER TABLE `restaurant_order_items`
  ADD CONSTRAINT `fk_order_items_order` FOREIGN KEY (`order_id`) REFERENCES `restaurant_orders` (`id`) ON DELETE CASCADE,
  ADD CONSTRAINT `fk_order_items_product` FOREIGN KEY (`product_id`) REFERENCES `restaurant_products` (`id`) ON DELETE CASCADE;

--
-- Constraints for table `restaurant_products`
--
ALTER TABLE `restaurant_products`
  ADD CONSTRAINT `restaurant_products_ibfk_1` FOREIGN KEY (`city_id`) REFERENCES `restaurant_cities` (`id`) ON DELETE CASCADE ON UPDATE CASCADE,
  ADD CONSTRAINT `restaurant_products_ibfk_2` FOREIGN KEY (`category_id`) REFERENCES `restaurant_categories` (`id`) ON DELETE CASCADE ON UPDATE CASCADE,
  ADD CONSTRAINT `restaurant_products_ibfk_3` FOREIGN KEY (`menu_id`) REFERENCES `restaurant_menus` (`id`) ON DELETE CASCADE ON UPDATE CASCADE,
  ADD CONSTRAINT `restaurant_products_ibfk_4` FOREIGN KEY (`subcategory_id`) REFERENCES `restaurant_subcategories` (`id`) ON DELETE CASCADE ON UPDATE CASCADE;

--
-- Constraints for table `restaurant_products_ratings`
--
ALTER TABLE `restaurant_products_ratings`
  ADD CONSTRAINT `restaurant_products_ratings_ibfk_1` FOREIGN KEY (`product_id`) REFERENCES `restaurant_products` (`id`) ON DELETE CASCADE ON UPDATE CASCADE,
  ADD CONSTRAINT `restaurant_products_ratings_ibfk_2` FOREIGN KEY (`user_id`) REFERENCES `users` (`id`) ON DELETE CASCADE ON UPDATE CASCADE;

--
-- Constraints for table `restaurant_product_images`
--
ALTER TABLE `restaurant_product_images`
  ADD CONSTRAINT `restaurant_product_images_ibfk_1` FOREIGN KEY (`product_id`) REFERENCES `restaurant_products` (`id`) ON DELETE CASCADE ON UPDATE CASCADE;

--
-- Constraints for table `restaurant_product_sizes`
--
ALTER TABLE `restaurant_product_sizes`
  ADD CONSTRAINT `restaurant_product_sizes_ibfk_1` FOREIGN KEY (`product_id`) REFERENCES `restaurant_products` (`id`) ON DELETE CASCADE;

--
-- Constraints for table `restaurant_ratings`
--
ALTER TABLE `restaurant_ratings`
  ADD CONSTRAINT `restaurant_ratings_ibfk_1` FOREIGN KEY (`user_id`) REFERENCES `users` (`id`) ON DELETE CASCADE,
  ADD CONSTRAINT `restaurant_ratings_ibfk_2` FOREIGN KEY (`restaurant_id`) REFERENCES `restaurants` (`id`) ON DELETE CASCADE;

--
-- Constraints for table `restaurant_subcategories`
--
ALTER TABLE `restaurant_subcategories`
  ADD CONSTRAINT `restaurant_subcategories_ibfk_1` FOREIGN KEY (`category_id`) REFERENCES `restaurant_categories` (`id`) ON DELETE CASCADE ON UPDATE CASCADE;

--
-- Constraints for table `restaurant_wishlists`
--
ALTER TABLE `restaurant_wishlists`
  ADD CONSTRAINT `restaurant_wishlists_ibfk_1` FOREIGN KEY (`user_id`) REFERENCES `users` (`id`) ON DELETE CASCADE,
  ADD CONSTRAINT `restaurant_wishlists_ibfk_2` FOREIGN KEY (`product_id`) REFERENCES `restaurant_products` (`id`) ON DELETE CASCADE;

--
-- Constraints for table `return_requests`
--
ALTER TABLE `return_requests`
  ADD CONSTRAINT `return_requests_ibfk_1` FOREIGN KEY (`order_id`) REFERENCES `orders` (`id`) ON DELETE CASCADE ON UPDATE CASCADE,
  ADD CONSTRAINT `return_requests_ibfk_2` FOREIGN KEY (`user_id`) REFERENCES `users` (`id`) ON DELETE CASCADE ON UPDATE CASCADE;

--
-- Constraints for table `role__permissions`
--
ALTER TABLE `role__permissions`
  ADD CONSTRAINT `role__permissions_ibfk_1` FOREIGN KEY (`role_id`) REFERENCES `roles` (`id`) ON DELETE CASCADE ON UPDATE CASCADE,
  ADD CONSTRAINT `role__permissions_ibfk_2` FOREIGN KEY (`permission_id`) REFERENCES `permissions` (`id`) ON DELETE CASCADE ON UPDATE CASCADE;

--
-- Constraints for table `rooms`
--
ALTER TABLE `rooms`
  ADD CONSTRAINT `rooms_ibfk_1` FOREIGN KEY (`hotel_id`) REFERENCES `hotels` (`id`) ON DELETE CASCADE;

--
-- Constraints for table `room_amenities`
--
ALTER TABLE `room_amenities`
  ADD CONSTRAINT `room_amenities_ibfk_1` FOREIGN KEY (`amenity_id`) REFERENCES `amenities` (`id`) ON DELETE CASCADE ON UPDATE CASCADE,
  ADD CONSTRAINT `room_amenities_ibfk_2` FOREIGN KEY (`rooms_id`) REFERENCES `rooms` (`id`) ON DELETE CASCADE ON UPDATE CASCADE;

--
-- Constraints for table `room_photos`
--
ALTER TABLE `room_photos`
  ADD CONSTRAINT `fk_room_images_room` FOREIGN KEY (`room_id`) REFERENCES `rooms` (`id`) ON DELETE CASCADE;

--
-- Constraints for table `sales_commissions`
--
ALTER TABLE `sales_commissions`
  ADD CONSTRAINT `sales_commissions_order_id_foreign` FOREIGN KEY (`order_id`) REFERENCES `orders` (`id`) ON DELETE CASCADE,
  ADD CONSTRAINT `sales_commissions_product_id_foreign` FOREIGN KEY (`product_id`) REFERENCES `products` (`id`) ON DELETE CASCADE,
  ADD CONSTRAINT `sales_commissions_salesperson_id_foreign` FOREIGN KEY (`salesperson_id`) REFERENCES `sales_users` (`id`) ON DELETE CASCADE;

--
-- Constraints for table `sessions`
--
ALTER TABLE `sessions`
  ADD CONSTRAINT `sessions_ibfk_1` FOREIGN KEY (`user_id`) REFERENCES `users` (`id`) ON DELETE CASCADE ON UPDATE CASCADE;

--
-- Constraints for table `shipping_method_prices`
--
ALTER TABLE `shipping_method_prices`
  ADD CONSTRAINT `shipping_method_prices_ibfk_1` FOREIGN KEY (`zone_id`) REFERENCES `shipping_zones` (`id`) ON DELETE CASCADE ON UPDATE CASCADE,
  ADD CONSTRAINT `shipping_method_prices_ibfk_2` FOREIGN KEY (`shipping_method_id`) REFERENCES `shipping_methods` (`id`) ON DELETE CASCADE ON UPDATE CASCADE;

--
-- Constraints for table `shipping_method_zone`
--
ALTER TABLE `shipping_method_zone`
  ADD CONSTRAINT `shipping_method_zone_shipping_method_id_foreign` FOREIGN KEY (`shipping_method_id`) REFERENCES `shipping_methods` (`id`) ON DELETE CASCADE ON UPDATE CASCADE,
  ADD CONSTRAINT `shipping_method_zone_shipping_zone_id_foreign` FOREIGN KEY (`shipping_zone_id`) REFERENCES `shipping_zones` (`id`) ON DELETE CASCADE ON UPDATE CASCADE;

--
-- Constraints for table `states`
--
ALTER TABLE `states`
  ADD CONSTRAINT `states_ibfk_1` FOREIGN KEY (`country_id`) REFERENCES `apps_countries` (`id`) ON DELETE CASCADE ON UPDATE CASCADE;

--
-- Constraints for table `streets`
--
ALTER TABLE `streets`
  ADD CONSTRAINT `streets_sub_city_id_foreign` FOREIGN KEY (`sub_city_id`) REFERENCES `sub_cities` (`id`) ON DELETE CASCADE;

--
-- Constraints for table `sub_cities`
--
ALTER TABLE `sub_cities`
  ADD CONSTRAINT `sub_cities_city_id_foreign` FOREIGN KEY (`city_id`) REFERENCES `cities` (`id`) ON DELETE CASCADE;

--
-- Constraints for table `transfer_requests`
--
ALTER TABLE `transfer_requests`
  ADD CONSTRAINT `transfer_requests_ibfk_1` FOREIGN KEY (`from_warehouse_id`) REFERENCES `were_houses` (`id`) ON DELETE CASCADE ON UPDATE CASCADE,
  ADD CONSTRAINT `transfer_requests_ibfk_2` FOREIGN KEY (`to_warehouse_id`) REFERENCES `were_houses` (`id`) ON DELETE CASCADE ON UPDATE CASCADE,
  ADD CONSTRAINT `transfer_requests_ibfk_3` FOREIGN KEY (`product_id`) REFERENCES `products` (`id`) ON DELETE CASCADE ON UPDATE CASCADE;

--
-- Constraints for table `transfer_stock_products`
--
ALTER TABLE `transfer_stock_products`
  ADD CONSTRAINT `transfer_stock_products_ibfk_1` FOREIGN KEY (`from_warehouse_id`) REFERENCES `were_houses` (`id`) ON DELETE CASCADE ON UPDATE CASCADE,
  ADD CONSTRAINT `transfer_stock_products_ibfk_2` FOREIGN KEY (`to_warehouse_id`) REFERENCES `were_houses` (`id`) ON DELETE CASCADE ON UPDATE CASCADE,
  ADD CONSTRAINT `transfer_stock_products_ibfk_3` FOREIGN KEY (`product_id`) REFERENCES `products` (`id`) ON DELETE CASCADE ON UPDATE CASCADE;

--
-- Constraints for table `vendors_bank_details`
--
ALTER TABLE `vendors_bank_details`
  ADD CONSTRAINT `vendors_bank_details_ibfk_1` FOREIGN KEY (`vendor_id`) REFERENCES `vendor` (`id`) ON DELETE CASCADE ON UPDATE CASCADE;

--
-- Constraints for table `vendors_business_details`
--
ALTER TABLE `vendors_business_details`
  ADD CONSTRAINT `vendors_business_details_ibfk_1` FOREIGN KEY (`vendor_id`) REFERENCES `vendor` (`id`) ON DELETE CASCADE ON UPDATE CASCADE;

--
-- Constraints for table `vendor_wallets`
--
ALTER TABLE `vendor_wallets`
  ADD CONSTRAINT `vendor_wallets_ibfk_1` FOREIGN KEY (`vendor_id`) REFERENCES `vendor` (`id`) ON DELETE CASCADE ON UPDATE CASCADE;

--
-- Constraints for table `vendor_wallet_transactions`
--
ALTER TABLE `vendor_wallet_transactions`
  ADD CONSTRAINT `vendor_wallet_transactions_ibfk_1` FOREIGN KEY (`vendor_id`) REFERENCES `vendor` (`id`) ON DELETE CASCADE ON UPDATE CASCADE;

--
-- Constraints for table `vendor_withdraw_requests`
--
ALTER TABLE `vendor_withdraw_requests`
  ADD CONSTRAINT `vendor_withdraw_requests_ibfk_1` FOREIGN KEY (`vendor_id`) REFERENCES `vendor` (`id`) ON DELETE CASCADE ON UPDATE CASCADE;

--
-- Constraints for table `wishlists`
--
ALTER TABLE `wishlists`
  ADD CONSTRAINT `wishlists_ibfk_1` FOREIGN KEY (`user_id`) REFERENCES `users` (`id`) ON DELETE CASCADE ON UPDATE CASCADE,
  ADD CONSTRAINT `wishlists_ibfk_2` FOREIGN KEY (`product_id`) REFERENCES `products` (`id`) ON DELETE CASCADE ON UPDATE CASCADE;

--
-- Constraints for table `withdrawal_requests`
--
ALTER TABLE `withdrawal_requests`
  ADD CONSTRAINT `withdrawal_requests_vendor_id_foreign` FOREIGN KEY (`vendor_id`) REFERENCES `users` (`id`);
COMMIT;

/*!40101 SET CHARACTER_SET_CLIENT=@OLD_CHARACTER_SET_CLIENT */;
/*!40101 SET CHARACTER_SET_RESULTS=@OLD_CHARACTER_SET_RESULTS */;
/*!40101 SET COLLATION_CONNECTION=@OLD_COLLATION_CONNECTION */;
